month,provider_id,clinic,specialty,fte,base_salary,encounters,wrvus,revenue,wrvus_per_fte,revenue_per_wrvu,quality_score,patient_satisfaction,preventive_care_rate,follow_up_compliance,monthly_target_wrvus,incentive_threshold_wrvus,productivity_variance_wrvus,excess_wrvus,gross_incentive,quality_multiplier,productivity_pct,final_incentive,estimated_total_compensation,productivity_status,incentive_status
2025-01-01,P0001,Clinic D,Primary Care,1.0,242000,348,549.42,53170.6,549.42,96.77587273852427,85.5,81.6,99.0,77.9,350.0,315.0,199.41999999999996,234.41999999999996,11720.999999999998,1.0,1.5697714285714284,11720.999999999998,31887.666666666664,Above Target,Eligible
2025-01-01,P0002,Clinic C,Primary Care,0.5,249000,197,327.44,31025.08,654.88,94.7504275592475,64.4,89.8,79.8,78.8,175.0,157.5,152.44,169.94,8497.0,0.75,1.8710857142857142,6372.75,27122.75,Above Target,Eligible
2025-01-01,P0003,Clinic C,OBGYN,1.0,254000,315,2032.0,388641.68,2032.0,191.2606692913386,76.2,86.2,64.7,87.3,375.0,337.5,1657.0,1694.5,84725.0,0.9,5.418666666666667,76252.5,97419.16666666667,Above Target,Eligible
2025-01-01,P0004,Clinic B,OBGYN,1.0,342000,337,2125.61,401968.98,2125.61,189.10758793946206,71.5,88.9,71.7,80.5,375.0,337.5,1750.6100000000001,1788.1100000000001,89405.5,0.9,5.668293333333334,80464.95,108964.95,Above Target,Eligible
2025-01-01,P0005,Clinic B,OBGYN,1.0,289000,332,2225.15,425800.76,2225.15,191.35822753522234,78.7,78.7,70.8,71.7,375.0,337.5,1850.15,1887.65,94382.5,0.9,5.9337333333333335,84944.25,109027.58333333333,Above Target,Eligible
2025-01-01,P0006,ClinicA,Pediatrics,1.0,184000,347,303.03,28443.34,303.03,93.86311586311587,93.5,79.2,77.2,90.4,300.0,270.0,3.0299999999999727,33.02999999999997,1651.4999999999986,1.1,1.0101,1816.6499999999987,17149.983333333334,Above Target,Eligible
2025-01-01,P0007,Clinic B,Dermatology,1.0,326000,325,204.89999999999998,40623.57,204.89999999999998,198.26046852122988,88.2,87.1,74.6,73.9,325.0,292.5,-120.10000000000002,0.0,0.0,1.0,0.6304615384615384,0.0,27166.666666666668,Below Threshold,Below Threshold
2025-01-01,P0008,ClinicA,General Surgery,1.0,434000,370,2004.63,315513.51,2004.63,157.39239161341493,80.3,82.8,71.8,86.4,425.0,382.5,1579.63,1622.13,81106.5,1.0,4.716776470588235,81106.5,117273.16666666666,Above Target,Eligible
2025-01-01,P0009,Clinic B,General Surgery,0.75,370000,221,1102.65,167804.25,1470.2,152.18269623180518,90.9,90.7,83.7,73.0,318.75,286.875,783.9000000000001,815.7750000000001,40788.75000000001,1.1,3.459294117647059,44867.625000000015,75700.95833333334,Above Target,Eligible
2025-01-01,P0010,ClinicA,Pediatrics,0.75,221000,249,201.57999999999998,19373.9,268.7733333333333,96.11022918940373,70.2,87.0,79.2,80.6,225.0,202.5,-23.420000000000016,0.0,0.0,0.9,0.895911111111111,0.0,18416.666666666668,Below Threshold,Below Threshold
2025-01-01,P0011,Clinic B,Dermatology,1.0,283000,339,212.89999999999998,41954.29,212.89999999999998,197.0610145608267,82.6,91.0,86.4,99.0,325.0,292.5,-112.10000000000002,0.0,0.0,1.0,0.655076923076923,0.0,23583.333333333332,Below Threshold,Below Threshold
2025-01-01,P0012,ClinicA,Dermatology,1.0,269000,351,218.89999999999998,43240.43,218.89999999999998,197.5350845134765,82.7,91.2,83.0,79.6,325.0,292.5,-106.10000000000002,0.0,0.0,1.0,0.6735384615384614,0.0,22416.666666666668,Below Threshold,Below Threshold
2025-01-01,P0013,ClinicA,Pediatrics,1.0,194000,356,285.74,27523.26,285.74,96.3227409533142,79.7,92.6,64.8,92.8,300.0,270.0,-14.259999999999991,15.740000000000009,787.0000000000005,0.9,0.9524666666666667,708.3000000000004,16874.966666666667,At / Near Target,Eligible
2025-01-01,P0014,Clinic B,Pediatrics,1.0,230000,351,288.74,27574.83,288.74,95.50055413174482,81.2,97.9,89.1,66.5,300.0,270.0,-11.259999999999991,18.74000000000001,937.0000000000005,1.0,0.9624666666666667,937.0000000000005,20103.666666666668,At / Near Target,Eligible
2025-01-01,P0015,Clinic B,General Surgery,1.0,425000,355,1942.47,306664.72,1942.47,157.87359392937856,75.0,77.3,80.0,74.1,425.0,382.5,1517.47,1559.97,77998.5,0.9,4.570517647058824,70198.65000000001,105615.31666666668,Above Target,Eligible
2025-01-01,P0016,Clinic B,Pediatrics,1.0,197000,314,265.1,25266.9,265.1,95.31082610335721,82.8,76.0,86.9,78.8,300.0,270.0,-34.89999999999998,0.0,0.0,1.0,0.8836666666666667,0.0,16416.666666666668,Below Threshold,Below Threshold
2025-01-01,P0017,Clinic B,Cardiology,0.75,304000,246,189.45,50804.98,252.6,268.1709158089206,83.6,85.7,75.0,94.7,337.5,303.75,-148.05,0.0,0.0,1.0,0.5613333333333334,0.0,25333.333333333332,Below Threshold,Below Threshold
2025-01-01,P0018,ClinicA,OBGYN,1.0,313000,350,2379.12,452578.31,2379.12,190.22929066209355,80.2,87.1,87.2,74.2,375.0,337.5,2004.12,2041.62,102081.0,1.0,6.34432,102081.0,128164.33333333333,Above Target,Eligible
2025-01-01,P0019,Clinic B,Pediatrics,1.0,208000,355,286.71999999999997,27683.52,286.71999999999997,96.55245535714288,81.0,93.8,84.5,77.0,300.0,270.0,-13.28000000000003,16.71999999999997,835.9999999999985,1.0,0.9557333333333332,835.9999999999985,18169.333333333332,At / Near Target,Eligible
2025-01-01,P0020,Clinic B,Pediatrics,0.75,187000,245,212.96,19978.08,283.94666666666666,93.81141998497371,85.2,82.2,72.0,98.2,225.0,202.5,-12.039999999999992,10.460000000000008,523.0000000000005,1.0,0.9464888888888889,523.0000000000005,16106.333333333334,At / Near Target,Eligible
2025-01-01,P0021,Clinic B,Pediatrics,1.0,214000,332,286.98,27051.82,286.98,94.26378144818453,85.8,91.7,81.2,64.0,300.0,270.0,-13.019999999999982,16.980000000000018,849.0000000000009,1.0,0.9566,849.0000000000009,18682.333333333332,At / Near Target,Eligible
2025-01-01,P0022,Clinic D,Primary Care,1.0,223000,332,561.17,53159.38,561.17,94.72954719603685,84.8,74.0,78.5,76.4,350.0,315.0,211.16999999999996,246.16999999999996,12308.499999999998,1.0,1.603342857142857,12308.499999999998,30891.83333333333,Above Target,Eligible
2025-01-01,P0023,Clinic C,Primary Care,1.0,192000,340,544.76,52421.48,544.76,96.22857772229973,94.4,81.9,62.5,97.7,350.0,315.0,194.76,229.76,11488.0,1.1,1.5564571428571428,12636.800000000001,28636.800000000003,Above Target,Eligible
2025-01-01,P0024,ClinicA,Orthopedics,0.75,361000,248,1657.6000000000001,300921.31,2210.1333333333337,181.54036558880307,86.8,93.3,88.9,77.4,356.25,320.625,1301.3500000000001,1336.9750000000001,66848.75,1.0,4.652912280701755,66848.75,96932.08333333333,Above Target,Eligible
2025-01-01,P0025,Clinic B,Dermatology,0.75,256000,268,168.79999999999998,33325.27,225.06666666666663,197.42458530805686,86.5,89.8,80.9,76.5,243.75,219.375,-74.95000000000002,0.0,0.0,1.0,0.6925128205128205,0.0,21333.333333333332,Below Threshold,Below Threshold
2025-01-01,P0026,ClinicA,OBGYN,0.75,313000,255,1620.48,309650.5,2160.64,191.08566597551342,90.5,91.0,84.4,89.6,281.25,253.125,1339.23,1367.355,68367.75,1.1,5.761706666666667,75204.52500000001,101287.85833333334,Above Target,Eligible
2025-01-01,P0027,Clinic C,Primary Care,1.0,230000,329,565.49,52981.95,565.49,93.69210772957965,78.9,89.9,90.7,89.6,350.0,315.0,215.49,250.49,12524.5,0.9,1.6156857142857144,11272.050000000001,30438.716666666667,Above Target,Eligible
2025-01-01,P0028,ClinicA,Orthopedics,1.0,325000,344,2310.4,416226.95,2310.4,180.15363140581718,79.3,76.0,78.2,68.6,475.0,427.5,1835.4,1882.9,94145.0,0.9,4.864,84730.5,111813.83333333333,Above Target,Eligible
2025-01-01,P0029,ClinicA,Orthopedics,0.5,408000,171,1058.4,188975.18,2116.8,178.5479780801209,88.6,89.1,73.1,87.3,237.5,213.75,820.9000000000001,844.6500000000001,42232.50000000001,1.0,4.45642105263158,42232.50000000001,76232.5,Above Target,Eligible
2025-01-01,P0030,ClinicA,General Surgery,0.75,375000,282,1507.98,237400.87,2010.64,157.429720553323,81.1,90.1,81.4,86.8,318.75,286.875,1189.23,1221.105,61055.25,1.0,4.730917647058823,61055.25,92305.25,Above Target,Eligible
2025-01-01,P0031,ClinicA,Dermatology,1.0,295000,316,200.79999999999998,39694.77,200.79999999999998,197.6831175298805,72.9,87.8,79.2,86.3,325.0,292.5,-124.20000000000002,0.0,0.0,0.9,0.6178461538461538,0.0,24583.333333333332,Below Threshold,Below Threshold
2025-01-01,P0032,ClinicA,Cardiology,1.0,356000,389,336.12,89426.12,336.12,266.0541473283351,83.6,82.6,73.7,97.9,450.0,405.0,-113.88,0.0,0.0,1.0,0.7469333333333333,0.0,29666.666666666668,Below Threshold,Below Threshold
2025-01-01,P0033,ClinicA,General Surgery,0.5,318000,179,889.1800000000001,137065.57,1778.3600000000001,154.14828268741988,84.1,89.8,89.4,86.2,212.5,191.25,676.6800000000001,697.9300000000001,34896.5,1.0,4.184376470588235,34896.5,61396.5,Above Target,Eligible
2025-01-01,P0034,Clinic B,Orthopedics,1.0,405000,364,2384.0,429493.05,2384.0,180.15648070469797,97.4,92.7,75.2,69.3,475.0,427.5,1909.0,1956.5,97825.0,1.1,5.018947368421053,107607.50000000001,141357.5,Above Target,Eligible
2025-01-01,P0035,ClinicA,Pediatrics,1.0,227000,328,259.19,25103.98,259.19,96.85551140090281,82.9,99.0,65.0,90.2,300.0,270.0,-40.81,0.0,0.0,1.0,0.8639666666666667,0.0,18916.666666666668,Below Threshold,Below Threshold
2025-01-01,P0036,Clinic B,Cardiology,1.0,313000,385,292.88,78695.78,292.88,268.6963261403988,78.9,85.5,61.6,79.6,450.0,405.0,-157.12,0.0,0.0,0.9,0.6508444444444444,0.0,26083.333333333332,Below Threshold,Below Threshold
2025-01-01,P0037,ClinicA,Primary Care,1.0,217000,369,639.71,59867.74,639.71,93.58574979287489,72.7,91.6,75.4,82.5,350.0,315.0,289.71000000000004,324.71000000000004,16235.500000000002,0.9,1.8277428571428573,14611.950000000003,32695.283333333333,Above Target,Eligible
2025-01-01,P0038,ClinicA,General Surgery,1.0,387000,344,1701.49,260828.15,1701.49,153.29396587696667,79.9,90.6,88.4,68.9,425.0,382.5,1276.49,1318.99,65949.5,0.9,4.0035058823529415,59354.55,91604.55,Above Target,Eligible
2025-01-01,P0039,ClinicA,Pediatrics,1.0,226000,340,289.89,27656.69,289.89,95.4040843078409,70.7,93.8,91.4,70.9,300.0,270.0,-10.110000000000014,19.889999999999986,994.4999999999993,0.9,0.9662999999999999,895.0499999999994,19728.38333333333,At / Near Target,Eligible
2025-01-01,P0040,Clinic B,Pediatrics,1.0,218000,322,267.75,25567.46,267.75,95.4900466853408,83.5,82.7,91.8,74.9,300.0,270.0,-32.25,0.0,0.0,1.0,0.8925,0.0,18166.666666666668,Below Threshold,Below Threshold
2025-01-01,P0041,Clinic C,Primary Care,1.0,195000,326,538.03,51068.85,538.03,94.91822017359627,87.3,82.0,79.8,84.5,350.0,315.0,188.02999999999997,223.02999999999997,11151.499999999998,1.0,1.5372285714285714,11151.499999999998,27401.5,Above Target,Eligible
2025-01-01,P0042,Clinic B,OBGYN,0.5,294000,193,1311.41,248897.45,2622.82,189.79377158935802,74.4,87.7,84.6,82.1,187.5,168.75,1123.91,1142.66,57133.00000000001,0.9,6.994186666666667,51419.700000000004,75919.70000000001,Above Target,Eligible
2025-01-01,P0043,ClinicA,Cardiology,0.75,292000,233,177.93,47782.63,237.24,268.5473500814927,91.9,87.7,82.5,91.0,337.5,303.75,-159.57,0.0,0.0,1.1,0.5272,0.0,24333.333333333332,Below Threshold,Below Threshold
2025-01-01,P0044,Clinic B,Cardiology,0.75,391000,284,217.19,58186.56,289.58666666666664,267.9062571941618,81.7,88.5,81.9,68.3,337.5,303.75,-120.31,0.0,0.0,1.0,0.643525925925926,0.0,32583.333333333332,Below Threshold,Below Threshold
2025-01-01,P0045,Clinic B,Dermatology,1.0,309000,342,216.2,42706.2,216.2,197.53098982423683,83.2,93.6,70.8,76.2,325.0,292.5,-108.80000000000001,0.0,0.0,1.0,0.6652307692307692,0.0,25750.0,Below Threshold,Below Threshold
2025-01-01,P0046,ClinicA,Orthopedics,1.0,372000,344,2291.2,412800.12,2291.2,180.16765013966483,92.1,80.8,71.3,81.1,475.0,427.5,1816.1999999999998,1863.6999999999998,93184.99999999999,1.1,4.8235789473684205,102503.49999999999,133503.5,Above Target,Eligible
2025-01-01,P0047,Clinic B,Pediatrics,0.5,209000,183,143.98,14060.34,287.96,97.65481316849564,81.4,90.8,90.6,81.6,150.0,135.0,-6.02000000000001,8.97999999999999,448.9999999999995,1.0,0.9598666666666666,448.9999999999995,17865.666666666668,At / Near Target,Eligible
2025-01-01,P0048,ClinicA,General Surgery,1.0,386000,353,1929.04,304740.02,1929.04,157.97496163894996,77.3,76.6,73.0,76.1,425.0,382.5,1504.04,1546.54,77327.0,0.9,4.538917647058823,69594.3,101760.96666666667,Above Target,Eligible
2025-01-01,P0049,ClinicA,Pediatrics,0.75,200000,270,233.07999999999998,21998.77,310.7733333333333,94.38291573708598,87.6,83.6,84.1,84.3,225.0,202.5,8.079999999999984,30.579999999999984,1528.999999999999,1.0,1.035911111111111,1528.999999999999,18195.666666666668,Above Target,Eligible
2025-01-01,P0050,Clinic B,Pediatrics,1.0,181000,359,298.1,28610.29,298.1,95.97547802750755,96.8,89.1,78.3,72.9,300.0,270.0,-1.8999999999999773,28.100000000000023,1405.0000000000011,1.1,0.9936666666666667,1545.5000000000014,16628.833333333336,At / Near Target,Eligible
2025-01-01,P0051,Clinic B,Orthopedics,1.0,321000,351,2373.6,426738.29,2373.6,179.78525867880012,87.4,99.0,65.0,84.3,475.0,427.5,1898.6,1946.1,97305.0,1.0,4.997052631578947,97305.0,124055.0,Above Target,Eligible
2025-01-01,P0052,Clinic B,Orthopedics,0.75,401000,253,1469.6,267097.26,1959.4666666666665,181.74827163854113,84.5,78.8,80.3,79.5,356.25,320.625,1113.35,1148.975,57448.74999999999,1.0,4.12519298245614,57448.74999999999,90865.41666666666,Above Target,Eligible
2025-01-01,P0053,Clinic B,Primary Care,1.0,234000,330,555.24,52504.16,555.24,94.56119876089619,77.2,90.0,77.7,85.6,350.0,315.0,205.24,240.24,12012.0,0.9,1.5864,10810.800000000001,30310.800000000003,Above Target,Eligible
2025-01-01,P0054,Clinic B,Dermatology,0.75,342000,252,158.4,31361.69,211.20000000000002,197.99046717171714,74.2,81.4,90.9,90.9,243.75,219.375,-85.35,0.0,0.0,0.9,0.6498461538461539,0.0,28500.0,Below Threshold,Below Threshold
2025-01-01,P0055,ClinicA,Dermatology,0.5,305000,192,120.39999999999999,23772.24,240.79999999999998,197.44385382059804,83.4,83.3,88.9,85.1,162.5,146.25,-42.10000000000001,0.0,0.0,1.0,0.7409230769230769,0.0,25416.666666666668,Below Threshold,Below Threshold
2025-01-01,P0056,ClinicA,Pediatrics,1.0,228000,360,297.13,28506.62,297.13,95.9398916299263,78.0,83.5,79.7,83.2,300.0,270.0,-2.8700000000000045,27.129999999999995,1356.4999999999998,0.9,0.9904333333333333,1220.85,20220.85,At / Near Target,Eligible
2025-01-01,P0057,ClinicA,Dermatology,1.0,279000,364,228.0,45057.26,228.0,197.61956140350878,78.0,92.6,75.0,82.4,325.0,292.5,-97.0,0.0,0.0,0.9,0.7015384615384616,0.0,23250.0,Below Threshold,Below Threshold
2025-01-01,P0058,Clinic B,General Surgery,0.75,440000,248,1133.98,167022.92,1511.9733333333334,147.28912326496058,62.2,82.4,79.3,80.9,318.75,286.875,815.23,847.105,42355.25,0.75,3.5575843137254903,31766.4375,68433.10416666666,Above Target,Eligible
2025-01-01,P0059,ClinicA,Cardiology,0.5,332000,195,131.57,35733.02,263.14,271.58942008056545,88.7,91.6,89.8,56.2,225.0,202.5,-93.43,0.0,0.0,1.0,0.5847555555555555,0.0,27666.666666666668,Below Threshold,Below Threshold
2025-01-01,P0060,Clinic B,Dermatology,1.0,325000,340,213.39999999999998,42257.68,213.39999999999998,198.02099343955015,76.2,87.5,64.9,76.5,325.0,292.5,-111.60000000000002,0.0,0.0,0.9,0.6566153846153846,0.0,27083.333333333332,Below Threshold,Below Threshold
2025-01-01,P0061,Clinic C,OBGYN,1.0,297000,331,2143.88,408647.51,2143.88,190.61118626042503,78.1,82.5,82.4,98.6,375.0,337.5,1768.88,1806.38,90319.0,0.9,5.717013333333334,81287.1,106037.1,Above Target,Eligible
2025-01-01,P0062,ClinicA,Pediatrics,1.0,220000,335,288.12,26971.52,288.12,93.61210606691657,86.0,87.6,78.1,86.7,300.0,270.0,-11.879999999999995,18.120000000000005,906.0000000000002,1.0,0.9604,906.0000000000002,19239.333333333332,At / Near Target,Eligible
2025-01-01,P0063,ClinicA,Orthopedics,0.5,412000,186,1204.8,218241.69,2409.6,181.14350099601594,80.6,96.5,73.1,89.4,237.5,213.75,967.3,991.05,49552.5,1.0,5.072842105263158,49552.5,83885.83333333334,Above Target,Eligible
2025-01-01,P0064,ClinicA,Orthopedics,1.0,336000,362,2440.0,440964.01,2440.0,180.7229549180328,90.3,84.6,81.5,86.8,475.0,427.5,1965.0,2012.5,100625.0,1.1,5.136842105263158,110687.50000000001,138687.5,Above Target,Eligible
2025-01-01,P0065,ClinicA,Primary Care,1.0,199000,326,546.51,51955.71,546.51,95.06817807542406,88.1,87.4,69.3,61.0,350.0,315.0,196.51,231.51,11575.5,1.0,1.5614571428571429,11575.5,28158.833333333332,Above Target,Eligible
2025-01-01,P0066,ClinicA,OBGYN,1.0,336000,310,1938.82,368447.74,1938.82,190.03710504327375,94.5,87.1,94.2,86.9,375.0,337.5,1563.82,1601.32,80066.0,1.1,5.170186666666667,88072.6,116072.6,Above Target,Eligible
2025-01-01,P0067,ClinicA,Primary Care,1.0,237000,358,584.25,55534.55,584.25,95.05271715875054,96.9,81.5,85.0,71.7,350.0,315.0,234.25,269.25,13462.5,1.1,1.6692857142857143,14808.750000000002,34558.75,Above Target,Eligible
2025-01-01,P0068,Clinic B,Orthopedics,1.0,322000,351,2316.0,419951.45,2316.0,181.32618739205526,76.0,90.1,71.5,81.3,475.0,427.5,1841.0,1888.5,94425.0,0.9,4.87578947368421,84982.5,111815.83333333333,Above Target,Eligible
2025-01-01,P0069,ClinicA,Dermatology,0.75,263000,256,165.0,32518.01,220.0,197.07884848484846,76.6,87.6,87.1,83.1,243.75,219.375,-78.75,0.0,0.0,0.9,0.676923076923077,0.0,21916.666666666668,Below Threshold,Below Threshold
2025-01-01,P0070,Clinic C,Primary Care,0.75,220000,243,405.58,38226.76,540.7733333333333,94.25208343606688,82.4,92.4,83.9,80.0,262.5,236.25,143.07999999999998,169.32999999999998,8466.5,1.0,1.5450666666666666,8466.5,26799.833333333332,Above Target,Eligible
2025-01-01,P0071,Clinic B,Dermatology,1.0,270000,337,212.89999999999998,42135.71,212.89999999999998,197.91315171441994,88.7,90.5,73.6,65.6,325.0,292.5,-112.10000000000002,0.0,0.0,1.0,0.655076923076923,0.0,22500.0,Below Threshold,Below Threshold
2025-01-01,P0072,Clinic B,Dermatology,1.0,324000,335,210.5,41412.95,210.5,196.7361045130641,82.2,94.1,67.1,79.0,325.0,292.5,-114.5,0.0,0.0,1.0,0.6476923076923077,0.0,27000.0,Below Threshold,Below Threshold
2025-01-01,P0073,ClinicA,OBGYN,0.75,342000,273,1822.63,349270.81,2430.1733333333336,191.63012240553485,95.1,78.8,73.3,68.2,281.25,253.125,1541.38,1569.505,78475.25,1.1,6.480462222222223,86322.77500000001,114822.77500000001,Above Target,Eligible
2025-01-01,P0074,Clinic B,Primary Care,1.0,219000,373,628.91,59515.41,628.91,94.63263424019335,72.8,98.4,81.7,68.0,350.0,315.0,278.90999999999997,313.90999999999997,15695.499999999998,0.9,1.7968857142857142,14125.949999999999,32375.949999999997,Above Target,Eligible
2025-01-01,P0075,Clinic B,Pediatrics,1.0,197000,351,307.01,28964.29,307.01,94.34314843164718,85.7,83.8,61.3,81.0,300.0,270.0,7.009999999999991,37.00999999999999,1850.4999999999995,1.0,1.0233666666666665,1850.4999999999995,18267.166666666668,Above Target,Eligible
2025-01-01,P0076,Clinic B,Dermatology,0.5,306000,193,123.5,24593.84,247.0,199.1404048582996,87.5,85.2,78.5,89.2,162.5,146.25,-39.0,0.0,0.0,1.0,0.76,0.0,25500.0,Below Threshold,Below Threshold
2025-01-01,P0077,Clinic B,Cardiology,0.75,297000,265,186.03,49829.11,248.04,267.8552384024082,71.0,90.7,79.4,77.9,337.5,303.75,-151.47,0.0,0.0,0.9,0.5512,0.0,24750.0,Below Threshold,Below Threshold
2025-01-01,P0078,Clinic B,OBGYN,1.0,306000,368,2428.7,463012.07,2428.7,190.64193601515217,86.2,85.0,82.3,89.6,375.0,337.5,2053.7,2091.2,104559.99999999999,1.0,6.476533333333333,104559.99999999999,130059.99999999999,Above Target,Eligible
2025-01-01,P0079,Clinic B,Cardiology,1.0,336000,319,248.41,66129.11,248.41,266.20953262751095,77.1,88.0,84.9,85.5,450.0,405.0,-201.59,0.0,0.0,0.9,0.5520222222222222,0.0,28000.0,Below Threshold,Below Threshold
2025-01-01,P0080,Clinic B,General Surgery,0.5,316000,146,808.99,128326.25,1617.98,158.62526112807328,92.9,90.5,91.9,78.5,212.5,191.25,596.49,617.74,30887.0,1.1,3.8070117647058823,33975.700000000004,60309.03333333334,Above Target,Eligible
2025-02-01,P0001,Clinic D,Primary Care,1.0,242000,287,475.66,45328.68,475.66,95.29638817642854,68.7,76.7,61.9,92.2,350.0,315.0,125.66000000000003,160.66000000000003,8033.000000000001,0.75,1.3590285714285715,6024.750000000001,26191.416666666668,Above Target,Eligible
2025-02-01,P0002,Clinic C,Primary Care,0.5,249000,133,226.4,21258.87,452.8,93.89960247349822,89.1,82.4,78.4,83.8,175.0,157.5,51.400000000000006,68.9,3445.0000000000005,1.0,1.2937142857142858,3445.0000000000005,24195.0,Above Target,Eligible
2025-02-01,P0003,Clinic C,OBGYN,1.0,254000,295,1876.09,358439.64,1876.09,191.05674034827754,99.0,86.8,75.2,80.2,375.0,337.5,1501.09,1538.59,76929.5,1.1,5.002906666666666,84622.45000000001,105789.11666666668,Above Target,Eligible
2025-02-01,P0004,Clinic B,OBGYN,1.0,342000,282,1863.48,357213.02,1863.48,191.69136239723528,92.0,83.2,73.9,78.9,375.0,337.5,1488.48,1525.98,76299.0,1.1,4.96928,83928.90000000001,112428.90000000001,Above Target,Eligible
2025-02-01,P0005,Clinic B,OBGYN,1.0,289000,265,1662.3,315599.93,1662.3,189.8573843469891,86.9,90.7,81.4,88.3,375.0,337.5,1287.3,1324.8,66240.0,1.0,4.4328,66240.0,90323.33333333333,Above Target,Eligible
2025-02-01,P0006,ClinicA,Pediatrics,1.0,184000,316,259.81,24848.47,259.81,95.64092991031909,76.9,91.6,91.6,89.9,300.0,270.0,-40.19,0.0,0.0,0.9,0.8660333333333333,0.0,15333.333333333334,Below Threshold,Below Threshold
2025-02-01,P0007,Clinic B,Dermatology,1.0,326000,282,178.79999999999998,35154.58,178.79999999999998,196.6139821029083,91.0,84.7,71.8,82.9,325.0,292.5,-146.20000000000002,0.0,0.0,1.1,0.5501538461538461,0.0,27166.666666666668,Below Threshold,Below Threshold
2025-02-01,P0008,ClinicA,General Surgery,1.0,434000,263,1341.83,210122.7,1341.83,156.59412891349874,86.0,98.6,66.4,80.7,425.0,382.5,916.8299999999999,959.3299999999999,47966.5,1.0,3.157247058823529,47966.5,84133.16666666666,Above Target,Eligible
2025-02-01,P0009,Clinic B,General Surgery,0.75,370000,218,1069.65,163698.49,1426.2,153.03930257560882,90.0,90.0,69.1,70.4,318.75,286.875,750.9000000000001,782.7750000000001,39138.75000000001,1.1,3.355764705882353,43052.625000000015,73885.95833333334,Above Target,Eligible
2025-02-01,P0010,ClinicA,Pediatrics,0.75,221000,219,179.35,17133.45,239.13333333333333,95.5308056872038,77.4,79.2,63.0,77.8,225.0,202.5,-45.650000000000006,0.0,0.0,0.9,0.7971111111111111,0.0,18416.666666666668,Below Threshold,Below Threshold
2025-02-01,P0011,Clinic B,Dermatology,1.0,283000,330,205.2,40374.14,205.2,196.75506822612087,99.0,78.8,81.6,76.8,325.0,292.5,-119.80000000000001,0.0,0.0,1.1,0.6313846153846153,0.0,23583.333333333332,Below Threshold,Below Threshold
2025-02-01,P0012,ClinicA,Dermatology,1.0,269000,291,183.89999999999998,36257.98,183.89999999999998,197.1613920609027,88.3,86.7,79.8,80.2,325.0,292.5,-141.10000000000002,0.0,0.0,1.0,0.5658461538461538,0.0,22416.666666666668,Below Threshold,Below Threshold
2025-02-01,P0013,ClinicA,Pediatrics,1.0,194000,296,249.13,23653.55,249.13,94.94460723317144,74.1,87.6,85.9,82.8,300.0,270.0,-50.870000000000005,0.0,0.0,0.9,0.8304333333333334,0.0,16166.666666666666,Below Threshold,Below Threshold
2025-02-01,P0014,Clinic B,Pediatrics,1.0,230000,319,264.74,25165.11,264.74,95.05594167862809,81.1,92.5,83.2,83.8,300.0,270.0,-35.25999999999999,0.0,0.0,1.0,0.8824666666666667,0.0,19166.666666666668,Below Threshold,Below Threshold
2025-02-01,P0015,Clinic B,General Surgery,1.0,425000,301,1588.43,250523.6,1588.43,157.71774645404582,83.9,82.9,69.4,76.2,425.0,382.5,1163.43,1205.93,60296.5,1.0,3.7374823529411767,60296.5,95713.16666666666,Above Target,Eligible
2025-02-01,P0016,Clinic B,Pediatrics,1.0,197000,319,283.46,26475.48,283.46,93.40111479573838,74.7,86.5,90.0,91.6,300.0,270.0,-16.54000000000002,13.45999999999998,672.999999999999,0.9,0.9448666666666666,605.6999999999991,17022.36666666667,At / Near Target,Eligible
2025-02-01,P0017,Clinic B,Cardiology,0.75,304000,249,199.27,53229.12,265.6933333333333,267.1205901540623,74.7,91.5,83.6,78.2,337.5,303.75,-138.23,0.0,0.0,0.9,0.5904296296296296,0.0,25333.333333333332,Below Threshold,Below Threshold
2025-02-01,P0018,ClinicA,OBGYN,1.0,313000,293,1946.42,369960.15,1946.42,190.07210673955262,94.1,91.0,74.2,92.9,375.0,337.5,1571.42,1608.92,80446.0,1.1,5.190453333333333,88490.6,114573.93333333333,Above Target,Eligible
2025-02-01,P0019,Clinic B,Pediatrics,1.0,208000,342,300.48,28034.42,300.48,93.29878860489882,97.1,88.4,69.0,85.8,300.0,270.0,0.4800000000000182,30.480000000000018,1524.000000000001,1.1,1.0016,1676.4000000000012,19009.733333333334,Above Target,Eligible
2025-02-01,P0020,Clinic B,Pediatrics,0.75,187000,223,172.65,16885.21,230.20000000000002,97.80023168259484,80.5,91.8,73.4,76.5,225.0,202.5,-52.349999999999994,0.0,0.0,1.0,0.7673333333333333,0.0,15583.333333333334,Below Threshold,Below Threshold
2025-02-01,P0021,Clinic B,Pediatrics,1.0,214000,280,215.26,21053.67,215.26,97.80576976679365,86.9,92.2,79.4,77.6,300.0,270.0,-84.74000000000001,0.0,0.0,1.0,0.7175333333333334,0.0,17833.333333333332,Below Threshold,Below Threshold
2025-02-01,P0022,Clinic D,Primary Care,1.0,223000,298,495.59,46971.05,495.59,94.77804233338043,82.0,85.8,87.0,84.7,350.0,315.0,145.58999999999997,180.58999999999997,9029.499999999998,1.0,1.4159714285714284,9029.499999999998,27612.83333333333,Above Target,Eligible
2025-02-01,P0023,Clinic C,Primary Care,1.0,192000,313,535.34,50342.71,535.34,94.03876041394254,88.4,93.1,86.7,79.7,350.0,315.0,185.34000000000003,220.34000000000003,11017.000000000002,1.0,1.5295428571428573,11017.000000000002,27017.0,Above Target,Eligible
2025-02-01,P0024,ClinicA,Orthopedics,0.75,361000,227,1621.6,288828.73,2162.133333333333,178.1134250123335,78.8,75.3,72.0,96.7,356.25,320.625,1265.35,1300.975,65048.74999999999,0.9,4.5518596491228065,58543.87499999999,88627.20833333333,Above Target,Eligible
2025-02-01,P0025,Clinic B,Dermatology,0.75,256000,227,144.7,28769.08,192.9333333333333,198.81879751209402,79.1,88.9,85.6,79.0,243.75,219.375,-99.05000000000001,0.0,0.0,0.9,0.5936410256410256,0.0,21333.333333333332,Below Threshold,Below Threshold
2025-02-01,P0026,ClinicA,OBGYN,0.75,313000,233,1615.2,308906.07,2153.6,191.24942421991085,74.1,94.8,69.9,85.3,281.25,253.125,1333.95,1362.075,68103.75,0.9,5.742933333333333,61293.375,87376.70833333333,Above Target,Eligible
2025-02-01,P0027,Clinic C,Primary Care,1.0,230000,285,474.87,45249.75,474.87,95.28871059447849,81.8,88.9,74.0,73.8,350.0,315.0,124.87,159.87,7993.5,1.0,1.3567714285714285,7993.5,27160.166666666668,Above Target,Eligible
2025-02-01,P0028,ClinicA,Orthopedics,1.0,325000,304,2086.4,374495.35,2086.4,179.49355348926377,88.6,94.9,89.3,94.6,475.0,427.5,1611.4,1658.9,82945.0,1.0,4.392421052631579,82945.0,110028.33333333333,Above Target,Eligible
2025-02-01,P0029,ClinicA,Orthopedics,0.5,408000,131,872.8,157533.98,1745.6,180.49264436296977,79.6,87.5,60.4,80.9,237.5,213.75,635.3,659.05,32952.5,0.9,3.6749473684210523,29657.25,63657.25,Above Target,Eligible
2025-02-01,P0030,ClinicA,General Surgery,0.75,375000,199,937.78,140202.16,1250.3733333333332,149.50431871014524,88.5,88.5,60.7,87.3,318.75,286.875,619.03,650.905,32545.25,1.0,2.942054901960784,32545.25,63795.25,Above Target,Eligible
2025-02-01,P0031,ClinicA,Dermatology,1.0,295000,303,189.5,37332.66,189.5,197.00612137203169,73.1,91.1,93.6,93.9,325.0,292.5,-135.5,0.0,0.0,0.9,0.583076923076923,0.0,24583.333333333332,Below Threshold,Below Threshold
2025-02-01,P0032,ClinicA,Cardiology,1.0,356000,297,216.74,58106.61,216.74,268.09361446894894,73.0,92.3,75.1,91.3,450.0,405.0,-233.26,0.0,0.0,0.9,0.4816444444444445,0.0,29666.666666666668,Below Threshold,Below Threshold
2025-02-01,P0033,ClinicA,General Surgery,0.5,318000,154,785.58,121781.84,1571.16,155.02156368542987,91.8,85.3,84.7,82.0,212.5,191.25,573.08,594.33,29716.500000000004,1.1,3.6968470588235296,32688.150000000005,59188.15000000001,Above Target,Eligible
2025-02-01,P0034,Clinic B,Orthopedics,1.0,405000,299,1698.4,310532.15,1698.4,182.83805346208197,88.2,83.3,52.7,78.7,475.0,427.5,1223.4,1270.9,63545.00000000001,1.0,3.575578947368421,63545.00000000001,97295.0,Above Target,Eligible
2025-02-01,P0035,ClinicA,Pediatrics,1.0,227000,315,259.8,24843.85,259.8,95.62682832948421,83.4,80.0,92.7,84.3,300.0,270.0,-40.19999999999999,0.0,0.0,1.0,0.866,0.0,18916.666666666668,Below Threshold,Below Threshold
2025-02-01,P0036,Clinic B,Cardiology,1.0,313000,290,235.5,62832.27,235.5,266.80369426751594,76.4,95.1,85.5,87.9,450.0,405.0,-214.5,0.0,0.0,0.9,0.5233333333333333,0.0,26083.333333333332,Below Threshold,Below Threshold
2025-02-01,P0037,ClinicA,Primary Care,1.0,217000,307,516.84,49026.71,516.84,94.85858292701802,84.5,79.5,85.0,87.8,350.0,315.0,166.84000000000003,201.84000000000003,10092.000000000002,1.0,1.4766857142857144,10092.000000000002,28175.333333333336,Above Target,Eligible
2025-02-01,P0038,ClinicA,General Surgery,1.0,387000,317,1618.74,249122.58,1618.74,153.89906964676229,91.5,95.7,70.9,89.7,425.0,382.5,1193.74,1236.24,61812.0,1.1,3.8088,67993.20000000001,100243.20000000001,Above Target,Eligible
2025-02-01,P0039,ClinicA,Pediatrics,1.0,226000,274,222.92,21349.49,222.92,95.77198097972368,81.3,87.5,77.8,88.1,300.0,270.0,-77.08000000000001,0.0,0.0,1.0,0.7430666666666667,0.0,18833.333333333332,Below Threshold,Below Threshold
2025-02-01,P0040,Clinic B,Pediatrics,1.0,218000,321,283.45,26565.19,283.45,93.72090315752337,72.1,76.3,71.3,84.9,300.0,270.0,-16.55000000000001,13.449999999999989,672.4999999999994,0.9,0.9448333333333333,605.2499999999995,18771.916666666668,At / Near Target,Eligible
2025-02-01,P0041,Clinic C,Primary Care,1.0,195000,317,525.84,49694.11,525.84,94.50424083371367,83.1,89.3,71.3,80.4,350.0,315.0,175.84000000000003,210.84000000000003,10542.000000000002,1.0,1.5024000000000002,10542.000000000002,26792.0,Above Target,Eligible
2025-02-01,P0042,Clinic B,OBGYN,0.5,294000,151,1045.83,200109.84,2091.66,191.3406959066005,85.1,85.2,95.0,66.5,187.5,168.75,858.3299999999999,877.0799999999999,43854.0,1.0,5.57776,43854.0,68354.0,Above Target,Eligible
2025-02-01,P0043,ClinicA,Cardiology,0.75,292000,237,185.26,49641.53,247.01333333333332,267.9560077728598,90.4,82.2,76.3,98.2,337.5,303.75,-152.24,0.0,0.0,1.1,0.5489185185185185,0.0,24333.333333333332,Below Threshold,Below Threshold
2025-02-01,P0044,Clinic B,Cardiology,0.75,391000,213,159.9,42907.63,213.20000000000002,268.34040025015634,79.0,82.7,67.7,80.6,337.5,303.75,-177.6,0.0,0.0,0.9,0.4737777777777778,0.0,32583.333333333332,Below Threshold,Below Threshold
2025-02-01,P0045,Clinic B,Dermatology,1.0,309000,254,160.0,31712.94,160.0,198.205875,82.8,94.7,85.3,70.0,325.0,292.5,-165.0,0.0,0.0,1.0,0.49230769230769234,0.0,25750.0,Below Threshold,Below Threshold
2025-02-01,P0046,ClinicA,Orthopedics,1.0,372000,307,1762.4,322858.17,1762.4,183.19233431684066,95.1,80.4,79.6,87.8,475.0,427.5,1287.4,1334.9,66745.0,1.1,3.7103157894736842,73419.5,104419.5,Above Target,Eligible
2025-02-01,P0047,Clinic B,Pediatrics,0.5,209000,140,123.95,11685.24,247.9,94.27382008874545,87.4,80.0,96.6,65.2,150.0,135.0,-26.049999999999997,0.0,0.0,1.0,0.8263333333333334,0.0,17416.666666666668,Below Threshold,Below Threshold
2025-02-01,P0048,ClinicA,General Surgery,1.0,386000,302,1445.17,218793.61,1445.17,151.39645162852813,77.9,88.8,77.7,79.8,425.0,382.5,1020.1700000000001,1062.67,53133.5,0.9,3.4004000000000003,47820.15,79986.81666666667,Above Target,Eligible
2025-02-01,P0049,ClinicA,Pediatrics,0.75,200000,219,182.26,17378.24,243.01333333333332,95.34862284648305,83.4,86.3,86.7,96.0,225.0,202.5,-42.74000000000001,0.0,0.0,1.0,0.8100444444444445,0.0,16666.666666666668,Below Threshold,Below Threshold
2025-02-01,P0050,Clinic B,Pediatrics,1.0,181000,304,251.25,23984.670000000002,251.25,95.46137313432837,72.0,81.1,81.7,82.2,300.0,270.0,-48.75,0.0,0.0,0.9,0.8375,0.0,15083.333333333334,Below Threshold,Below Threshold
2025-02-01,P0051,Clinic B,Orthopedics,1.0,321000,309,2013.6,361614.59,2013.6,179.58610945570126,95.7,74.2,78.7,66.9,475.0,427.5,1538.6,1586.1,79305.0,1.1,4.239157894736842,87235.5,113985.5,Above Target,Eligible
2025-02-01,P0052,Clinic B,Orthopedics,0.75,401000,235,1512.8,273497.39,2017.0666666666666,180.7888617133792,80.5,84.4,82.1,94.2,356.25,320.625,1156.55,1192.175,59608.75,1.0,4.246456140350877,59608.75,93025.41666666666,Above Target,Eligible
2025-02-01,P0053,Clinic B,Primary Care,1.0,234000,278,472.41,44514.95,472.41,94.22948286446095,90.7,93.5,79.2,76.0,350.0,315.0,122.41000000000003,157.41000000000003,7870.500000000001,1.1,1.3497428571428571,8657.550000000001,28157.550000000003,Above Target,Eligible
2025-02-01,P0054,Clinic B,Dermatology,0.75,342000,247,155.5,30596.579999999998,207.33333333333334,196.76257234726688,90.4,92.5,79.8,85.1,243.75,219.375,-88.25,0.0,0.0,1.1,0.637948717948718,0.0,28500.0,Below Threshold,Below Threshold
2025-02-01,P0055,ClinicA,Dermatology,0.5,305000,147,91.3,17969.89,182.6,196.8224534501643,91.8,84.6,87.5,92.6,162.5,146.25,-71.2,0.0,0.0,1.1,0.5618461538461539,0.0,25416.666666666668,Below Threshold,Below Threshold
2025-02-01,P0056,ClinicA,Pediatrics,1.0,228000,317,277.71,26046.7,277.71,93.79100500522128,87.4,88.8,74.1,95.6,300.0,270.0,-22.29000000000002,7.7099999999999795,385.499999999999,1.0,0.9257,385.499999999999,19385.5,At / Near Target,Eligible
2025-02-01,P0057,ClinicA,Dermatology,1.0,279000,312,194.0,38170.51,194.0,196.75520618556703,79.5,90.1,66.2,79.0,325.0,292.5,-131.0,0.0,0.0,0.9,0.5969230769230769,0.0,23250.0,Below Threshold,Below Threshold
2025-02-01,P0058,Clinic B,General Surgery,0.75,440000,244,1209.96,183016.84,1613.28,151.25858706072927,75.1,89.2,76.7,84.0,318.75,286.875,891.21,923.085,46154.25,0.9,3.7959529411764708,41538.825000000004,78205.49166666667,Above Target,Eligible
2025-02-01,P0059,ClinicA,Cardiology,0.5,332000,128,96.24,25922.09,192.48,269.348399833749,81.3,86.4,81.7,78.3,225.0,202.5,-128.76,0.0,0.0,1.0,0.4277333333333333,0.0,27666.666666666668,Below Threshold,Below Threshold
2025-02-01,P0060,Clinic B,Dermatology,1.0,325000,287,180.1,35604.41,180.1,197.69244863964468,80.9,92.0,91.4,74.8,325.0,292.5,-144.9,0.0,0.0,1.0,0.5541538461538461,0.0,27083.333333333332,Below Threshold,Below Threshold
2025-02-01,P0061,Clinic C,OBGYN,1.0,297000,286,1843.27,350254.45,1843.27,190.01798434304254,84.9,80.8,80.1,81.6,375.0,337.5,1468.27,1505.77,75288.5,1.0,4.915386666666667,75288.5,100038.5,Above Target,Eligible
2025-02-01,P0062,ClinicA,Pediatrics,1.0,220000,295,256.64,24284.27,256.64,94.62387001246883,87.7,83.3,83.7,86.7,300.0,270.0,-43.360000000000014,0.0,0.0,1.0,0.8554666666666666,0.0,18333.333333333332,Below Threshold,Below Threshold
2025-02-01,P0063,ClinicA,Orthopedics,0.5,412000,121,1056.8,188604.35,2113.6,178.4674015897048,77.8,87.3,79.8,75.1,237.5,213.75,819.3,843.05,42152.5,0.9,4.449684210526316,37937.25,72270.58333333334,Above Target,Eligible
2025-02-01,P0064,ClinicA,Orthopedics,1.0,336000,340,2460.8,443876.4,2460.8,180.3789011703511,85.3,91.1,66.1,72.1,475.0,427.5,1985.8000000000002,2033.3000000000002,101665.00000000001,1.0,5.180631578947369,101665.00000000001,129665.00000000001,Above Target,Eligible
2025-02-01,P0065,ClinicA,Primary Care,1.0,199000,287,485.52,46024.56,485.52,94.79436480474543,86.0,98.7,77.2,82.6,350.0,315.0,135.51999999999998,170.51999999999998,8526.0,1.0,1.3872,8526.0,25109.333333333332,Above Target,Eligible
2025-02-01,P0066,ClinicA,OBGYN,1.0,336000,301,1946.15,371487.13,1946.15,190.8830922590756,99.0,72.5,70.5,80.6,375.0,337.5,1571.15,1608.65,80432.5,1.1,5.189733333333334,88475.75,116475.75,Above Target,Eligible
2025-02-01,P0067,ClinicA,Primary Care,1.0,237000,297,496.27,47071.84,496.27,94.85127047776412,80.3,84.7,86.4,86.2,350.0,315.0,146.26999999999998,181.26999999999998,9063.5,1.0,1.4179142857142857,9063.5,28813.5,Above Target,Eligible
2025-02-01,P0068,Clinic B,Orthopedics,1.0,322000,278,1720.0,311352.79,1720.0,181.01906395348837,78.1,84.2,90.0,83.8,475.0,427.5,1245.0,1292.5,64625.0,0.9,3.6210526315789475,58162.5,84995.83333333333,Above Target,Eligible
2025-02-01,P0069,ClinicA,Dermatology,0.75,263000,214,134.2,26467.67,178.9333333333333,197.22555886736214,99.0,76.7,81.2,77.6,243.75,219.375,-109.55000000000001,0.0,0.0,1.1,0.5505641025641025,0.0,21916.666666666668,Below Threshold,Below Threshold
2025-02-01,P0070,Clinic C,Primary Care,0.75,220000,226,382.35,36127.85,509.8,94.48894991499934,84.7,85.8,85.4,87.9,262.5,236.25,119.85000000000002,146.10000000000002,7305.000000000001,1.0,1.4565714285714286,7305.000000000001,25638.333333333332,Above Target,Eligible
2025-02-01,P0071,Clinic B,Dermatology,1.0,270000,255,160.9,31819.07,160.9,197.75680546923553,79.0,87.9,69.8,78.0,325.0,292.5,-164.1,0.0,0.0,0.9,0.4950769230769231,0.0,22500.0,Below Threshold,Below Threshold
2025-02-01,P0072,Clinic B,Dermatology,1.0,324000,279,176.7,34920.6,176.7,197.62648556876061,73.2,82.0,73.8,85.9,325.0,292.5,-148.3,0.0,0.0,0.9,0.5436923076923077,0.0,27000.0,Below Threshold,Below Threshold
2025-02-01,P0073,ClinicA,OBGYN,0.75,342000,206,1307.96,250152.85,1743.9466666666667,191.2542050215603,92.2,83.0,65.3,91.0,281.25,253.125,1026.71,1054.835,52741.75,1.1,4.650524444444445,58015.925,86515.925,Above Target,Eligible
2025-02-01,P0074,Clinic B,Primary Care,1.0,219000,301,519.19,48825.73,519.19,94.04212330745969,87.4,85.4,67.2,76.2,350.0,315.0,169.19000000000005,204.19000000000005,10209.500000000004,1.0,1.4834,10209.500000000004,28459.500000000004,Above Target,Eligible
2025-02-01,P0075,Clinic B,Pediatrics,1.0,197000,290,261.93,24474.08,261.93,93.4374832970641,92.2,95.7,78.7,67.6,300.0,270.0,-38.06999999999999,0.0,0.0,1.1,0.8731,0.0,16416.666666666668,Below Threshold,Below Threshold
2025-02-01,P0076,Clinic B,Dermatology,0.5,306000,148,93.0,18326.43,186.0,197.0583870967742,81.8,83.6,51.0,82.6,162.5,146.25,-69.5,0.0,0.0,1.0,0.5723076923076923,0.0,25500.0,Below Threshold,Below Threshold
2025-02-01,P0077,Clinic B,Cardiology,0.75,297000,223,168.25,45044.59,224.33333333333334,267.7241604754829,80.9,84.6,62.5,81.3,337.5,303.75,-169.25,0.0,0.0,1.0,0.4985185185185185,0.0,24750.0,Below Threshold,Below Threshold
2025-02-01,P0078,Clinic B,OBGYN,1.0,306000,307,2008.18,381938.44,2008.18,190.19133742991167,92.6,73.5,79.6,74.2,375.0,337.5,1633.18,1670.68,83534.0,1.1,5.355146666666667,91887.40000000001,117387.40000000001,Above Target,Eligible
2025-02-01,P0079,Clinic B,Cardiology,1.0,336000,340,285.23,76462.01,285.23,268.0714160502051,82.6,89.8,74.3,91.6,450.0,405.0,-164.76999999999998,0.0,0.0,1.0,0.6338444444444444,0.0,28000.0,Below Threshold,Below Threshold
2025-02-01,P0080,Clinic B,General Surgery,0.5,316000,160,774.45,116979.62,1548.9,151.04864097101168,86.3,94.9,92.6,94.3,212.5,191.25,561.95,583.2,29160.000000000004,1.0,3.6444705882352944,29160.000000000004,55493.333333333336,Above Target,Eligible
2025-03-01,P0001,Clinic D,Primary Care,1.0,242000,306,534.95,49995.79,534.95,93.4588092345079,77.1,92.8,85.7,82.1,350.0,315.0,184.95000000000005,219.95000000000005,10997.500000000002,0.9,1.5284285714285715,9897.750000000002,30064.41666666667,Above Target,Eligible
2025-03-01,P0002,Clinic C,Primary Care,0.5,249000,153,249.17,23758.91,498.34,95.35220933499218,81.6,68.9,70.8,90.8,175.0,157.5,74.16999999999999,91.66999999999999,4583.499999999999,1.0,1.4238285714285714,4583.499999999999,25333.5,Above Target,Eligible
2025-03-01,P0003,Clinic C,OBGYN,1.0,254000,280,1893.66,362622.09,1893.66,191.49271252495168,84.1,82.8,70.5,88.5,375.0,337.5,1518.66,1556.16,77808.0,1.0,5.04976,77808.0,98974.66666666667,Above Target,Eligible
2025-03-01,P0004,Clinic B,OBGYN,1.0,342000,319,2116.18,404130.79,2116.18,190.97184076968878,84.6,82.5,94.2,80.5,375.0,337.5,1741.1799999999998,1778.6799999999998,88933.99999999999,1.0,5.6431466666666665,88933.99999999999,117433.99999999999,Above Target,Eligible
2025-03-01,P0005,Clinic B,OBGYN,1.0,289000,318,2067.03,394015.33,2067.03,190.6190669704842,78.3,96.3,62.1,80.1,375.0,337.5,1692.0300000000002,1729.5300000000002,86476.50000000001,0.9,5.51208,77828.85000000002,101912.18333333335,Above Target,Eligible
2025-03-01,P0006,ClinicA,Pediatrics,1.0,184000,307,277.36,25848.01,277.36,93.19299826939717,90.2,83.3,78.2,92.5,300.0,270.0,-22.639999999999986,7.360000000000014,368.0000000000007,1.1,0.9245333333333334,404.8000000000008,15738.133333333335,At / Near Target,Eligible
2025-03-01,P0007,Clinic B,Dermatology,1.0,326000,308,191.79999999999998,37786.35,191.79999999999998,197.00912408759126,67.9,88.2,82.4,93.9,325.0,292.5,-133.20000000000002,0.0,0.0,0.75,0.5901538461538461,0.0,27166.666666666668,Below Threshold,Below Threshold
2025-03-01,P0008,ClinicA,General Surgery,1.0,434000,294,1374.31,206020.2,1374.31,149.9080993371219,81.0,93.6,75.8,72.4,425.0,382.5,949.31,991.81,49590.5,1.0,3.233670588235294,49590.5,85757.16666666666,Above Target,Eligible
2025-03-01,P0009,Clinic B,General Surgery,0.75,370000,213,1134.63,176691.88,1512.8400000000001,155.72643064258833,86.9,89.7,87.7,67.5,318.75,286.875,815.8800000000001,847.7550000000001,42387.75000000001,1.0,3.559623529411765,42387.75000000001,73221.08333333334,Above Target,Eligible
2025-03-01,P0010,ClinicA,Pediatrics,0.75,221000,245,202.38,19365.15,269.84,95.68707382152388,86.0,93.9,87.3,64.2,225.0,202.5,-22.620000000000005,0.0,0.0,1.0,0.8994666666666666,0.0,18416.666666666668,Below Threshold,Below Threshold
2025-03-01,P0011,Clinic B,Dermatology,1.0,283000,324,202.0,39945.67,202.0,197.7508415841584,77.3,82.5,60.1,83.4,325.0,292.5,-123.0,0.0,0.0,0.9,0.6215384615384615,0.0,23583.333333333332,Below Threshold,Below Threshold
2025-03-01,P0012,ClinicA,Dermatology,1.0,269000,305,191.7,37741.1,191.7,196.87584767866457,87.9,93.8,84.6,67.1,325.0,292.5,-133.3,0.0,0.0,1.0,0.5898461538461538,0.0,22416.666666666668,Below Threshold,Below Threshold
2025-03-01,P0013,ClinicA,Pediatrics,1.0,194000,319,264.75,25350.64,264.75,95.75312559017941,89.9,92.8,76.7,86.7,300.0,270.0,-35.25,0.0,0.0,1.0,0.8825,0.0,16166.666666666666,Below Threshold,Below Threshold
2025-03-01,P0014,Clinic B,Pediatrics,1.0,230000,315,256.81,24686.04,256.81,96.12569603987384,91.0,86.5,74.7,82.7,300.0,270.0,-43.19,0.0,0.0,1.1,0.8560333333333333,0.0,19166.666666666668,Below Threshold,Below Threshold
2025-03-01,P0015,Clinic B,General Surgery,1.0,425000,307,1474.46,223316.02,1474.46,151.45613987493726,94.3,87.2,84.1,81.2,425.0,382.5,1049.46,1091.96,54598.0,1.1,3.4693176470588236,60057.8,95474.46666666667,Above Target,Eligible
2025-03-01,P0016,Clinic B,Pediatrics,1.0,197000,317,272.07,25545.88,272.07,93.89451244165105,75.4,81.5,89.5,80.9,300.0,270.0,-27.930000000000007,2.069999999999993,103.49999999999966,0.9,0.9068999999999999,93.1499999999997,16509.81666666667,At / Near Target,Eligible
2025-03-01,P0017,Clinic B,Cardiology,0.75,304000,237,177.28,47400.24,236.37333333333333,267.375,83.1,83.2,88.0,87.9,337.5,303.75,-160.22,0.0,0.0,1.0,0.5252740740740741,0.0,25333.333333333332,Below Threshold,Below Threshold
2025-03-01,P0018,ClinicA,OBGYN,1.0,313000,316,1992.82,378254.87,1992.82,189.8088487670738,72.6,89.6,70.8,86.5,375.0,337.5,1617.82,1655.32,82766.0,0.9,5.314186666666666,74489.40000000001,100572.73333333334,Above Target,Eligible
2025-03-01,P0019,Clinic B,Pediatrics,1.0,208000,338,274.63,26385.73,274.63,96.07737683428613,86.8,75.3,79.3,72.5,300.0,270.0,-25.370000000000005,4.6299999999999955,231.49999999999977,1.0,0.9154333333333333,231.49999999999977,17564.833333333332,At / Near Target,Eligible
2025-03-01,P0020,Clinic B,Pediatrics,0.75,187000,237,210.76,19683.88,281.0133333333333,93.39476181438604,89.2,79.8,78.9,77.7,225.0,202.5,-14.240000000000009,8.259999999999991,412.99999999999955,1.0,0.936711111111111,412.99999999999955,15996.333333333334,At / Near Target,Eligible
2025-03-01,P0021,Clinic B,Pediatrics,1.0,214000,342,297.21,27851.03,297.21,93.70825342350527,94.6,85.9,77.8,77.4,300.0,270.0,-2.7900000000000205,27.20999999999998,1360.499999999999,1.1,0.9906999999999999,1496.549999999999,19329.88333333333,At / Near Target,Eligible
2025-03-01,P0022,Clinic D,Primary Care,1.0,223000,315,542.7,51130.46,542.7,94.21496222590748,93.0,87.9,80.7,97.6,350.0,315.0,192.70000000000005,227.70000000000005,11385.000000000002,1.1,1.5505714285714287,12523.500000000004,31106.833333333336,Above Target,Eligible
2025-03-01,P0023,Clinic C,Primary Care,1.0,192000,317,526.32,50012.41,526.32,95.02281881744946,79.4,89.9,66.5,87.8,350.0,315.0,176.32000000000005,211.32000000000005,10566.000000000002,0.9,1.5037714285714288,9509.400000000001,25509.4,Above Target,Eligible
2025-03-01,P0024,ClinicA,Orthopedics,0.75,361000,233,1396.0,255069.76,1861.3333333333333,182.71472779369628,86.6,83.8,73.8,75.7,356.25,320.625,1039.75,1075.375,53768.75,1.0,3.91859649122807,53768.75,83852.08333333333,Above Target,Eligible
2025-03-01,P0025,Clinic B,Dermatology,0.75,256000,227,140.7,27739.82,187.6,197.15579246624023,81.7,89.7,81.7,83.5,243.75,219.375,-103.05000000000001,0.0,0.0,1.0,0.5772307692307692,0.0,21333.333333333332,Below Threshold,Below Threshold
2025-03-01,P0026,ClinicA,OBGYN,0.75,313000,219,1416.93,270061.42,1889.24,190.5961621251579,95.5,92.7,67.5,88.8,281.25,253.125,1135.68,1163.805,58190.25,1.1,5.037973333333333,64009.27500000001,90092.60833333334,Above Target,Eligible
2025-03-01,P0027,Clinic C,Primary Care,1.0,230000,326,550.15,51788.4,550.15,94.13505407616105,73.1,91.6,93.6,82.4,350.0,315.0,200.14999999999998,235.14999999999998,11757.499999999998,0.9,1.5718571428571428,10581.749999999998,29748.416666666664,Above Target,Eligible
2025-03-01,P0028,ClinicA,Orthopedics,1.0,325000,321,1946.4,355766.78,1946.4,182.7819461570078,68.5,80.7,72.9,85.7,475.0,427.5,1471.4,1518.9,75945.0,0.75,4.097684210526316,56958.75,84042.08333333333,Above Target,Eligible
2025-03-01,P0029,ClinicA,Orthopedics,0.5,408000,158,971.2,176705.8,1942.4,181.94584019769354,76.3,91.7,80.8,74.7,237.5,213.75,733.7,757.45,37872.5,0.9,4.089263157894737,34085.25,68085.25,Above Target,Eligible
2025-03-01,P0030,ClinicA,General Surgery,0.75,375000,241,1074.1200000000001,157901.29,1432.16,147.0052601199121,82.5,88.6,81.3,81.1,318.75,286.875,755.3700000000001,787.2450000000001,39362.25000000001,1.0,3.369788235294118,39362.25000000001,70612.25,Above Target,Eligible
2025-03-01,P0031,ClinicA,Dermatology,1.0,295000,294,183.79999999999998,36265.51,183.79999999999998,197.3096300326442,83.3,88.3,63.7,81.5,325.0,292.5,-141.20000000000002,0.0,0.0,1.0,0.5655384615384614,0.0,24583.333333333332,Below Threshold,Below Threshold
2025-03-01,P0032,ClinicA,Cardiology,1.0,356000,307,246.37,65932.76,246.37,267.61683646547874,86.0,79.6,69.2,93.6,450.0,405.0,-203.63,0.0,0.0,1.0,0.5474888888888889,0.0,29666.666666666668,Below Threshold,Below Threshold
2025-03-01,P0033,ClinicA,General Surgery,0.5,318000,155,873.71,139185.36,1747.42,159.30384223598216,89.3,94.4,66.5,73.0,212.5,191.25,661.21,682.46,34123.0,1.0,4.111576470588235,34123.0,60623.0,Above Target,Eligible
2025-03-01,P0034,Clinic B,Orthopedics,1.0,405000,336,2016.0,365415.91,2016.0,181.25789186507936,81.3,79.0,82.3,82.2,475.0,427.5,1541.0,1588.5,79425.0,1.0,4.24421052631579,79425.0,113175.0,Above Target,Eligible
2025-03-01,P0035,ClinicA,Pediatrics,1.0,227000,288,259.37,24216.36,259.37,93.36607934610788,80.9,80.9,77.8,83.8,300.0,270.0,-40.629999999999995,0.0,0.0,1.0,0.8645666666666667,0.0,18916.666666666668,Below Threshold,Below Threshold
2025-03-01,P0036,Clinic B,Cardiology,1.0,313000,354,261.01,70464.6,261.01,269.9689667062565,80.1,91.6,66.6,68.6,450.0,405.0,-188.99,0.0,0.0,1.0,0.5800222222222222,0.0,26083.333333333332,Below Threshold,Below Threshold
2025-03-01,P0037,ClinicA,Primary Care,1.0,217000,334,565.72,53287.74,565.72,94.19454853991373,95.2,85.0,77.3,74.1,350.0,315.0,215.72000000000003,250.72000000000003,12536.000000000002,1.1,1.6163428571428573,13789.600000000004,31872.933333333334,Above Target,Eligible
2025-03-01,P0038,ClinicA,General Surgery,1.0,387000,307,1508.74,230039.54,1508.74,152.47129392738313,75.5,85.4,74.1,95.1,425.0,382.5,1083.74,1126.24,56312.0,0.9,3.5499764705882355,50680.8,82930.8,Above Target,Eligible
2025-03-01,P0039,ClinicA,Pediatrics,1.0,226000,347,295.19,27864.41,295.19,94.39483044818591,72.6,85.6,77.5,86.0,300.0,270.0,-4.810000000000002,25.189999999999998,1259.5,0.9,0.9839666666666667,1133.55,19966.88333333333,At / Near Target,Eligible
2025-03-01,P0040,Clinic B,Pediatrics,1.0,218000,315,271.9,25655.07,271.9,94.35479955866128,93.4,92.4,66.6,70.7,300.0,270.0,-28.100000000000023,1.8999999999999773,94.99999999999886,1.1,0.9063333333333332,104.49999999999876,18271.166666666668,At / Near Target,Eligible
2025-03-01,P0041,Clinic C,Primary Care,1.0,195000,369,631.43,59821.11,631.43,94.7391001377825,84.6,86.9,77.7,80.6,350.0,315.0,281.42999999999995,316.42999999999995,15821.499999999998,1.0,1.804085714285714,15821.499999999998,32071.5,Above Target,Eligible
2025-03-01,P0042,Clinic B,OBGYN,0.5,294000,149,1003.74,192440.58,2007.48,191.72353398290392,74.2,86.4,68.4,73.9,187.5,168.75,816.24,834.99,41749.5,0.9,5.35328,37574.55,62074.55,Above Target,Eligible
2025-03-01,P0043,ClinicA,Cardiology,0.75,292000,230,181.41,48491.64,241.88,267.30411774433605,78.1,78.0,75.2,70.7,337.5,303.75,-156.09,0.0,0.0,0.9,0.537511111111111,0.0,24333.333333333332,Below Threshold,Below Threshold
2025-03-01,P0044,Clinic B,Cardiology,0.75,391000,202,154.04,40874.52,205.38666666666666,265.3500389509218,82.4,91.9,74.0,89.0,337.5,303.75,-183.46,0.0,0.0,1.0,0.4564148148148148,0.0,32583.333333333332,Below Threshold,Below Threshold
2025-03-01,P0045,Clinic B,Dermatology,1.0,309000,310,195.2,38599.95,195.2,197.7456454918033,81.1,87.9,83.3,86.1,325.0,292.5,-129.8,0.0,0.0,1.0,0.6006153846153846,0.0,25750.0,Below Threshold,Below Threshold
2025-03-01,P0046,ClinicA,Orthopedics,1.0,372000,326,2065.6,372551.3,2065.6,180.35984701781564,84.0,85.3,78.9,78.2,475.0,427.5,1590.6,1638.1,81905.0,1.0,4.348631578947368,81905.0,112905.0,Above Target,Eligible
2025-03-01,P0047,Clinic B,Pediatrics,0.5,209000,178,144.16,13943.67,288.32,96.72357103218646,83.8,99.0,88.3,82.3,150.0,135.0,-5.840000000000003,9.159999999999997,457.99999999999983,1.0,0.9610666666666666,457.99999999999983,17874.666666666668,At / Near Target,Eligible
2025-03-01,P0048,ClinicA,General Surgery,1.0,386000,300,1543.15,238668.6,1543.15,154.66325373424488,87.3,84.9,69.0,82.9,425.0,382.5,1118.15,1160.65,58032.50000000001,1.0,3.6309411764705883,58032.50000000001,90199.16666666667,Above Target,Eligible
2025-03-01,P0049,ClinicA,Pediatrics,0.75,200000,232,189.85,18111.28,253.13333333333333,95.39784040031604,85.8,90.1,96.7,78.2,225.0,202.5,-35.150000000000006,0.0,0.0,1.0,0.8437777777777777,0.0,16666.666666666668,Below Threshold,Below Threshold
2025-03-01,P0050,Clinic B,Pediatrics,1.0,181000,299,268.89,25106.07,268.89,93.36929599464466,81.7,82.9,89.5,85.5,300.0,270.0,-31.110000000000014,0.0,0.0,1.0,0.8963,0.0,15083.333333333334,Below Threshold,Below Threshold
2025-03-01,P0051,Clinic B,Orthopedics,1.0,321000,320,1907.2,347190.93,1907.2,182.04222420302014,66.3,85.9,99.0,77.0,475.0,427.5,1432.2,1479.7,73985.0,0.75,4.015157894736842,55488.75,82238.75,Above Target,Eligible
2025-03-01,P0052,Clinic B,Orthopedics,0.75,401000,263,1765.6,318416.86,2354.133333333333,180.34484594472136,88.4,89.9,86.9,86.7,356.25,320.625,1409.35,1444.975,72248.75,1.0,4.9560701754385965,72248.75,105665.41666666666,Above Target,Eligible
2025-03-01,P0053,Clinic B,Primary Care,1.0,234000,296,494.43,46922.01,494.43,94.90121958619017,87.4,79.4,92.8,79.8,350.0,315.0,144.43,179.43,8971.5,1.0,1.4126571428571428,8971.5,28471.5,Above Target,Eligible
2025-03-01,P0054,Clinic B,Dermatology,0.75,342000,238,152.2,30088.53,202.9333333333333,197.6907358738502,82.6,91.9,62.1,70.3,243.75,219.375,-91.55000000000001,0.0,0.0,1.0,0.6244102564102564,0.0,28500.0,Below Threshold,Below Threshold
2025-03-01,P0055,ClinicA,Dermatology,0.5,305000,151,95.69999999999999,18987.03,191.39999999999998,198.40156739811914,85.1,87.1,87.0,79.5,162.5,146.25,-66.80000000000001,0.0,0.0,1.0,0.5889230769230769,0.0,25416.666666666668,Below Threshold,Below Threshold
2025-03-01,P0056,ClinicA,Pediatrics,1.0,228000,316,257.25,24632.98,257.25,95.75502429543246,87.4,87.6,76.3,77.9,300.0,270.0,-42.75,0.0,0.0,1.0,0.8575,0.0,19000.0,Below Threshold,Below Threshold
2025-03-01,P0057,ClinicA,Dermatology,1.0,279000,324,202.6,40148.25,202.6,198.16510365251727,85.5,89.9,99.0,85.8,325.0,292.5,-122.4,0.0,0.0,1.0,0.6233846153846153,0.0,23250.0,Below Threshold,Below Threshold
2025-03-01,P0058,Clinic B,General Surgery,0.75,440000,236,1233.3700000000001,192672.07,1644.4933333333336,156.21595303923397,83.6,85.6,79.6,92.4,318.75,286.875,914.6200000000001,946.4950000000001,47324.75000000001,1.0,3.869396078431373,47324.75000000001,83991.41666666667,Above Target,Eligible
2025-03-01,P0059,ClinicA,Cardiology,0.5,332000,168,136.29,36788.91,272.58,269.9311027955096,86.5,83.6,85.0,59.8,225.0,202.5,-88.71000000000001,0.0,0.0,1.0,0.6057333333333333,0.0,27666.666666666668,Below Threshold,Below Threshold
2025-03-01,P0060,Clinic B,Dermatology,1.0,325000,309,194.29999999999998,38514.67,194.29999999999998,198.22269686052496,94.3,80.1,80.5,87.9,325.0,292.5,-130.70000000000002,0.0,0.0,1.1,0.5978461538461538,0.0,27083.333333333332,Below Threshold,Below Threshold
2025-03-01,P0061,Clinic C,OBGYN,1.0,297000,314,2095.27,401186.15,2095.27,191.47229235373007,93.0,82.6,68.5,76.9,375.0,337.5,1720.27,1757.77,87888.5,1.1,5.587386666666666,96677.35,121427.35,Above Target,Eligible
2025-03-01,P0062,ClinicA,Pediatrics,1.0,220000,334,279.39,26665.82,279.39,95.44300082322202,80.2,74.3,71.7,75.8,300.0,270.0,-20.610000000000014,9.389999999999986,469.4999999999993,1.0,0.9312999999999999,469.4999999999993,18802.833333333332,At / Near Target,Eligible
2025-03-01,P0063,ClinicA,Orthopedics,0.5,412000,154,910.4,164850.65,1820.8,181.07496704745168,88.0,93.9,93.4,81.7,237.5,213.75,672.9,696.65,34832.5,1.0,3.833263157894737,34832.5,69165.83333333334,Above Target,Eligible
2025-03-01,P0064,ClinicA,Orthopedics,1.0,336000,341,2096.8,380404.35,2096.8,181.42138019839754,77.9,93.6,76.3,80.4,475.0,427.5,1621.8000000000002,1669.3000000000002,83465.00000000001,0.9,4.414315789473685,75118.50000000001,103118.50000000001,Above Target,Eligible
2025-03-01,P0065,ClinicA,Primary Care,1.0,199000,324,538.06,51061.25,538.06,94.89880310746014,93.9,92.4,75.6,72.0,350.0,315.0,188.05999999999995,223.05999999999995,11152.999999999996,1.1,1.5373142857142856,12268.299999999997,28851.63333333333,Above Target,Eligible
2025-03-01,P0066,ClinicA,OBGYN,1.0,336000,293,1978.54,377011.26,1978.54,190.55023401093737,80.8,99.0,88.5,80.1,375.0,337.5,1603.54,1641.04,82052.0,1.0,5.276106666666666,82052.0,110052.0,Above Target,Eligible
2025-03-01,P0067,ClinicA,Primary Care,1.0,237000,328,551.11,51931.13,551.11,94.23006296383662,94.0,83.5,89.2,88.8,350.0,315.0,201.11,236.11,11805.5,1.1,1.5746,12986.050000000001,32736.050000000003,Above Target,Eligible
2025-03-01,P0068,Clinic B,Orthopedics,1.0,322000,305,2068.0,375271.24,2068.0,181.4657833655706,80.9,84.7,68.0,70.3,475.0,427.5,1593.0,1640.5,82025.0,1.0,4.353684210526316,82025.0,108858.33333333333,Above Target,Eligible
2025-03-01,P0069,ClinicA,Dermatology,0.75,263000,235,147.7,29241.12,196.9333333333333,197.97643872714963,84.7,87.0,76.5,92.4,243.75,219.375,-96.05000000000001,0.0,0.0,1.0,0.6059487179487179,0.0,21916.666666666668,Below Threshold,Below Threshold
2025-03-01,P0070,Clinic C,Primary Care,0.75,220000,215,352.43,33576.07,469.9066666666667,95.27018131260108,80.2,85.6,76.8,70.8,262.5,236.25,89.93,116.18,5809.0,1.0,1.3425904761904761,5809.0,24142.333333333332,Above Target,Eligible
2025-03-01,P0071,Clinic B,Dermatology,1.0,270000,311,195.1,38460.08,195.1,197.1300871348027,78.3,86.1,81.6,69.8,325.0,292.5,-129.9,0.0,0.0,0.9,0.6003076923076923,0.0,22500.0,Below Threshold,Below Threshold
2025-03-01,P0072,Clinic B,Dermatology,1.0,324000,266,164.79999999999998,32445.46,164.79999999999998,196.87779126213593,79.6,88.1,84.4,58.9,325.0,292.5,-160.20000000000002,0.0,0.0,0.9,0.507076923076923,0.0,27000.0,Below Threshold,Below Threshold
2025-03-01,P0073,ClinicA,OBGYN,0.75,342000,250,1728.05,329684.7,2304.0666666666666,190.78423656722896,74.0,90.1,77.3,77.1,281.25,253.125,1446.8,1474.925,73746.25,0.9,6.144177777777777,66371.625,94871.625,Above Target,Eligible
2025-03-01,P0074,Clinic B,Primary Care,1.0,219000,320,540.68,51016.39,540.68,94.3559776577643,85.5,88.0,66.4,84.0,350.0,315.0,190.67999999999995,225.67999999999995,11283.999999999998,1.0,1.5448,11283.999999999998,29534.0,Above Target,Eligible
2025-03-01,P0075,Clinic B,Pediatrics,1.0,197000,312,255.21,24455.04,255.21,95.8232044198895,90.5,80.1,99.0,70.6,300.0,270.0,-44.78999999999999,0.0,0.0,1.1,0.8507,0.0,16416.666666666668,Below Threshold,Below Threshold
2025-03-01,P0076,Clinic B,Dermatology,0.5,306000,167,104.3,20522.8,208.6,196.76701821668266,79.5,83.0,78.0,71.1,162.5,146.25,-58.2,0.0,0.0,0.9,0.6418461538461538,0.0,25500.0,Below Threshold,Below Threshold
2025-03-01,P0077,Clinic B,Cardiology,0.75,297000,222,176.06,47009.82,234.74666666666667,267.01022378734524,86.8,91.2,93.6,75.6,337.5,303.75,-161.44,0.0,0.0,1.0,0.5216592592592593,0.0,24750.0,Below Threshold,Below Threshold
2025-03-01,P0078,Clinic B,OBGYN,1.0,306000,321,2174.33,418362.21,2174.33,192.4097124171584,84.1,91.0,83.1,77.0,375.0,337.5,1799.33,1836.83,91841.5,1.0,5.798213333333333,91841.5,117341.5,Above Target,Eligible
2025-03-01,P0079,Clinic B,Cardiology,1.0,336000,307,231.74,62215.93,231.74,268.472986968154,78.8,99.0,69.6,84.5,450.0,405.0,-218.26,0.0,0.0,0.9,0.5149777777777778,0.0,28000.0,Below Threshold,Below Threshold
2025-03-01,P0080,Clinic B,General Surgery,0.5,316000,159,763.45,115429.06999999999,1526.9,151.19401401532514,97.1,82.6,55.1,64.4,212.5,191.25,550.95,572.2,28610.000000000004,1.1,3.5927058823529414,31471.000000000007,57804.33333333334,Above Target,Eligible
2025-04-01,P0001,Clinic D,Primary Care,1.0,242000,340,593.64,55500.159999999996,593.64,93.4912741728994,75.6,84.7,80.9,83.4,350.0,315.0,243.64,278.64,13932.0,0.9,1.6961142857142857,12538.800000000001,32705.466666666667,Above Target,Eligible
2025-04-01,P0002,Clinic C,Primary Care,0.5,249000,137,236.98,22156.74,473.96,93.49624440881088,81.1,83.7,89.9,88.4,175.0,157.5,61.97999999999999,79.47999999999999,3973.9999999999995,1.0,1.3541714285714286,3973.9999999999995,24724.0,Above Target,Eligible
2025-04-01,P0003,Clinic C,OBGYN,1.0,254000,348,2473.54,474964.86,2473.54,192.01826532014846,87.4,92.9,60.5,86.7,375.0,337.5,2098.54,2136.04,106802.0,1.0,6.596106666666667,106802.0,127968.66666666667,Above Target,Eligible
2025-04-01,P0004,Clinic B,OBGYN,1.0,342000,321,2126.15,407195.37,2126.15,191.5177057122028,93.9,90.4,84.4,83.8,375.0,337.5,1751.15,1788.65,89432.5,1.1,5.669733333333333,98375.75000000001,126875.75000000001,Above Target,Eligible
2025-04-01,P0005,Clinic B,OBGYN,1.0,289000,315,2112.3,403680.56,2112.3,191.10948255456137,92.1,87.1,91.3,89.0,375.0,337.5,1737.3000000000002,1774.8000000000002,88740.00000000001,1.1,5.6328000000000005,97614.00000000003,121697.33333333336,Above Target,Eligible
2025-04-01,P0006,ClinicA,Pediatrics,1.0,184000,322,264.48,25299.79,264.48,95.6586131276467,99.0,84.2,72.6,75.0,300.0,270.0,-35.51999999999998,0.0,0.0,1.1,0.8816,0.0,15333.333333333334,Below Threshold,Below Threshold
2025-04-01,P0007,Clinic B,Dermatology,1.0,326000,322,202.79999999999998,40053.44,202.79999999999998,197.50216962524658,86.2,97.8,67.8,77.5,325.0,292.5,-122.20000000000002,0.0,0.0,1.0,0.624,0.0,27166.666666666668,Below Threshold,Below Threshold
2025-04-01,P0008,ClinicA,General Surgery,1.0,434000,319,1563.6100000000001,239670.08,1563.6100000000001,153.27996111562345,87.1,91.7,57.1,85.2,425.0,382.5,1138.6100000000001,1181.1100000000001,59055.50000000001,1.0,3.679082352941177,59055.50000000001,95222.16666666667,Above Target,Eligible
2025-04-01,P0009,Clinic B,General Surgery,0.75,370000,249,1282.1,198577.17,1709.4666666666665,154.88430699633415,79.2,91.3,80.6,84.4,318.75,286.875,963.3499999999999,995.2249999999999,49761.24999999999,0.9,4.022274509803921,44785.12499999999,75618.45833333333,Above Target,Eligible
2025-04-01,P0010,ClinicA,Pediatrics,0.75,221000,240,207.49,19460.81,276.65333333333336,93.79155621957685,91.9,88.0,84.3,81.1,225.0,202.5,-17.50999999999999,4.990000000000009,249.50000000000045,1.1,0.9221777777777778,274.4500000000005,18691.11666666667,At / Near Target,Eligible
2025-04-01,P0011,Clinic B,Dermatology,1.0,283000,332,211.2,41831.42,211.2,198.06543560606062,75.8,99.0,83.7,84.7,325.0,292.5,-113.80000000000001,0.0,0.0,0.9,0.6498461538461539,0.0,23583.333333333332,Below Threshold,Below Threshold
2025-04-01,P0012,ClinicA,Dermatology,1.0,269000,326,204.0,40240.87,204.0,197.2591666666667,82.9,83.7,64.5,70.1,325.0,292.5,-121.0,0.0,0.0,1.0,0.6276923076923077,0.0,22416.666666666668,Below Threshold,Below Threshold
2025-04-01,P0013,ClinicA,Pediatrics,1.0,194000,330,280.19,26683.31,280.19,95.2329133802063,91.3,84.4,93.6,75.2,300.0,270.0,-19.810000000000002,10.189999999999998,509.4999999999999,1.1,0.9339666666666666,560.4499999999999,16727.116666666665,At / Near Target,Eligible
2025-04-01,P0014,Clinic B,Pediatrics,1.0,230000,320,278.43,26274.73,278.43,94.36745321983982,82.3,84.7,73.4,82.0,300.0,270.0,-21.569999999999993,8.430000000000007,421.50000000000034,1.0,0.9281,421.50000000000034,19588.166666666668,At / Near Target,Eligible
2025-04-01,P0015,Clinic B,General Surgery,1.0,425000,350,1810.3400000000001,283409.57,1810.3400000000001,156.5504656583846,85.0,92.1,76.0,97.7,425.0,382.5,1385.3400000000001,1427.8400000000001,71392.0,1.0,4.2596235294117655,71392.0,106808.66666666666,Above Target,Eligible
2025-04-01,P0016,Clinic B,Pediatrics,1.0,197000,310,266.86,25065.66,266.86,93.9281271078468,76.4,93.2,58.3,88.2,300.0,270.0,-33.139999999999986,0.0,0.0,0.9,0.8895333333333334,0.0,16416.666666666668,Below Threshold,Below Threshold
2025-04-01,P0017,Clinic B,Cardiology,0.75,304000,224,173.74,46235.18,231.65333333333334,266.1170714861287,88.7,77.9,71.2,72.3,337.5,303.75,-163.76,0.0,0.0,1.0,0.5147851851851852,0.0,25333.333333333332,Below Threshold,Below Threshold
2025-04-01,P0018,ClinicA,OBGYN,1.0,313000,352,2292.73,439478.03,2292.73,191.68329022606238,82.2,85.3,80.8,83.4,375.0,337.5,1917.73,1955.23,97761.5,1.0,6.113946666666667,97761.5,123844.83333333333,Above Target,Eligible
2025-04-01,P0019,Clinic B,Pediatrics,1.0,208000,337,277.63,26682.69,277.63,96.10881388898893,83.7,79.2,69.4,80.0,300.0,270.0,-22.370000000000005,7.6299999999999955,381.4999999999998,1.0,0.9254333333333333,381.4999999999998,17714.833333333332,At / Near Target,Eligible
2025-04-01,P0020,Clinic B,Pediatrics,0.75,187000,247,207.94,19807.86,277.25333333333333,95.25757430027893,88.8,79.8,85.8,60.9,225.0,202.5,-17.060000000000002,5.439999999999998,271.9999999999999,1.0,0.9241777777777778,271.9999999999999,15855.333333333334,At / Near Target,Eligible
2025-04-01,P0021,Clinic B,Pediatrics,1.0,214000,341,277.36,26594.49,277.36,95.88437409864436,82.1,86.6,76.9,93.5,300.0,270.0,-22.639999999999986,7.360000000000014,368.0000000000007,1.0,0.9245333333333334,368.0000000000007,18201.333333333332,At / Near Target,Eligible
2025-04-01,P0022,Clinic D,Primary Care,1.0,223000,323,539.51,51090.47,539.51,94.6979110674501,86.8,79.7,74.4,91.3,350.0,315.0,189.51,224.51,11225.5,1.0,1.5414571428571429,11225.5,29808.833333333332,Above Target,Eligible
2025-04-01,P0023,Clinic C,Primary Care,1.0,192000,322,542.52,51218.34,542.52,94.40820614908206,79.7,83.2,80.2,82.3,350.0,315.0,192.51999999999998,227.51999999999998,11376.0,0.9,1.5500571428571428,10238.4,26238.4,Above Target,Eligible
2025-04-01,P0024,ClinicA,Orthopedics,0.75,361000,238,1880.0,338216.03,2506.6666666666665,179.9021436170213,83.8,85.0,77.5,95.2,356.25,320.625,1523.75,1559.375,77968.75,1.0,5.277192982456141,77968.75,108052.08333333333,Above Target,Eligible
2025-04-01,P0025,Clinic B,Dermatology,0.75,256000,263,164.1,32333.16,218.79999999999998,197.03327239488118,82.2,81.1,74.9,75.4,243.75,219.375,-79.65,0.0,0.0,1.0,0.6732307692307692,0.0,21333.333333333332,Below Threshold,Below Threshold
2025-04-01,P0026,ClinicA,OBGYN,0.75,313000,249,1662.84,314734.18,2217.12,189.27508359192706,76.9,73.4,81.5,82.4,281.25,253.125,1381.59,1409.715,70485.75,0.9,5.912319999999999,63437.175,89520.50833333333,Above Target,Eligible
2025-04-01,P0027,Clinic C,Primary Care,1.0,230000,315,523.08,49509.53,523.08,94.65001529402767,86.2,93.2,65.8,77.4,350.0,315.0,173.08000000000004,208.08000000000004,10404.000000000002,1.0,1.494514285714286,10404.000000000002,29570.66666666667,Above Target,Eligible
2025-04-01,P0028,ClinicA,Orthopedics,1.0,325000,340,2115.2,384358.6,2115.2,181.7126512859304,72.0,78.3,53.8,86.9,475.0,427.5,1640.1999999999998,1687.6999999999998,84384.99999999999,0.9,4.453052631578947,75946.49999999999,103029.83333333331,Above Target,Eligible
2025-04-01,P0029,ClinicA,Orthopedics,0.5,408000,148,1232.0,218304.48,2464.0,177.1951948051948,99.0,82.8,96.3,91.5,237.5,213.75,994.5,1018.25,50912.5,1.1,5.187368421052631,56003.75000000001,90003.75,Above Target,Eligible
2025-04-01,P0030,ClinicA,General Surgery,0.75,375000,230,1107.38,167610.08,1476.506666666667,151.3573299138507,74.8,88.7,80.4,88.5,318.75,286.875,788.6300000000001,820.5050000000001,41025.25000000001,0.9,3.4741333333333335,36922.725000000006,68172.725,Above Target,Eligible
2025-04-01,P0031,ClinicA,Dermatology,1.0,295000,332,208.0,40754.17,208.0,195.9335096153846,79.1,90.5,83.9,70.6,325.0,292.5,-117.0,0.0,0.0,0.9,0.64,0.0,24583.333333333332,Below Threshold,Below Threshold
2025-04-01,P0032,ClinicA,Cardiology,1.0,356000,337,271.42,72383.38,271.42,266.68403212733034,85.5,77.4,81.8,65.1,450.0,405.0,-178.57999999999998,0.0,0.0,1.0,0.6031555555555556,0.0,29666.666666666668,Below Threshold,Below Threshold
2025-04-01,P0033,ClinicA,General Surgery,0.5,318000,171,869.74,135022.37,1739.48,155.2445213512084,91.7,75.7,72.8,79.7,212.5,191.25,657.24,678.49,33924.5,1.1,4.092894117647059,37316.950000000004,63816.950000000004,Above Target,Eligible
2025-04-01,P0034,Clinic B,Orthopedics,1.0,405000,328,1856.0,341145.55,1856.0,183.80686961206897,78.2,91.1,86.0,77.8,475.0,427.5,1381.0,1428.5,71425.0,0.9,3.9073684210526314,64282.5,98032.5,Above Target,Eligible
2025-04-01,P0035,ClinicA,Pediatrics,1.0,227000,339,288.75,27491.48,288.75,95.20858874458874,85.8,87.2,62.2,70.7,300.0,270.0,-11.25,18.75,937.5,1.0,0.9625,937.5,19854.166666666668,At / Near Target,Eligible
2025-04-01,P0036,Clinic B,Cardiology,1.0,313000,331,249.12,66662.63,249.12,267.5924454078356,77.0,91.6,67.2,82.9,450.0,405.0,-200.88,0.0,0.0,0.9,0.5536,0.0,26083.333333333332,Below Threshold,Below Threshold
2025-04-01,P0037,ClinicA,Primary Care,1.0,217000,356,596.86,56281.24,596.86,94.29554669436719,93.6,84.7,77.2,77.7,350.0,315.0,246.86,281.86,14093.0,1.1,1.7053142857142858,15502.300000000001,33585.63333333333,Above Target,Eligible
2025-04-01,P0038,ClinicA,General Surgery,1.0,387000,339,1517.94,223972.12,1517.94,147.5500480914924,81.2,86.3,83.2,79.8,425.0,382.5,1092.94,1135.44,56772.0,1.0,3.571623529411765,56772.0,89022.0,Above Target,Eligible
2025-04-01,P0039,ClinicA,Pediatrics,1.0,226000,334,265.71,25560.48,265.71,96.19690640171616,87.0,86.3,81.3,74.4,300.0,270.0,-34.29000000000002,0.0,0.0,1.0,0.8856999999999999,0.0,18833.333333333332,Below Threshold,Below Threshold
2025-04-01,P0040,Clinic B,Pediatrics,1.0,218000,326,273.48,25887.19,273.48,94.65843937399443,92.7,78.7,67.3,96.5,300.0,270.0,-26.519999999999982,3.480000000000018,174.0000000000009,1.1,0.9116000000000001,191.40000000000103,18358.06666666667,At / Near Target,Eligible
2025-04-01,P0041,Clinic C,Primary Care,1.0,195000,327,555.59,52443.47,555.59,94.39239367159236,86.7,96.0,77.1,76.1,350.0,315.0,205.59000000000003,240.59000000000003,12029.500000000002,1.0,1.5874000000000001,12029.500000000002,28279.5,Above Target,Eligible
2025-04-01,P0042,Clinic B,OBGYN,0.5,294000,191,1285.38,246884.63,2570.76,192.07131743142105,77.6,96.4,66.3,89.2,187.5,168.75,1097.88,1116.63,55831.50000000001,0.9,6.855360000000001,50248.350000000006,74748.35,Above Target,Eligible
2025-04-01,P0043,ClinicA,Cardiology,0.75,292000,250,186.14,49921.58,248.18666666666664,268.19372515311056,99.0,87.9,75.7,79.5,337.5,303.75,-151.36,0.0,0.0,1.1,0.5515259259259259,0.0,24333.333333333332,Below Threshold,Below Threshold
2025-04-01,P0044,Clinic B,Cardiology,0.75,391000,236,183.76,49227.95,245.01333333333332,267.8926316935133,94.6,86.7,68.3,89.2,337.5,303.75,-153.74,0.0,0.0,1.1,0.544474074074074,0.0,32583.333333333332,Below Threshold,Below Threshold
2025-04-01,P0045,Clinic B,Dermatology,1.0,309000,294,188.0,37065.94,188.0,197.15925531914894,96.1,80.7,91.4,78.6,325.0,292.5,-137.0,0.0,0.0,1.1,0.5784615384615385,0.0,25750.0,Below Threshold,Below Threshold
2025-04-01,P0046,ClinicA,Orthopedics,1.0,372000,341,2404.0,431248.47,2404.0,179.38788269550747,76.5,84.3,71.9,66.9,475.0,427.5,1929.0,1976.5,98825.0,0.9,5.0610526315789475,88942.5,119942.5,Above Target,Eligible
2025-04-01,P0047,Clinic B,Pediatrics,0.5,209000,160,128.63,12469.56,257.26,96.94130451683122,80.9,99.0,99.0,80.8,150.0,135.0,-21.370000000000005,0.0,0.0,1.0,0.8575333333333333,0.0,17416.666666666668,Below Threshold,Below Threshold
2025-04-01,P0048,ClinicA,General Surgery,1.0,386000,338,1755.47,272726.42,1755.47,155.35806365246913,82.8,94.5,73.0,85.3,425.0,382.5,1330.47,1372.97,68648.5,1.0,4.130517647058824,68648.5,100815.16666666667,Above Target,Eligible
2025-04-01,P0049,ClinicA,Pediatrics,0.75,200000,242,182.96,18049.85,243.9466666666667,98.65462396152164,98.3,83.0,84.6,87.5,225.0,202.5,-42.03999999999999,0.0,0.0,1.1,0.8131555555555556,0.0,16666.666666666668,Below Threshold,Below Threshold
2025-04-01,P0050,Clinic B,Pediatrics,1.0,181000,328,274.54,26199.25,274.54,95.42962774094849,81.0,85.4,80.0,80.1,300.0,270.0,-25.45999999999998,4.5400000000000205,227.00000000000102,1.0,0.9151333333333334,227.00000000000102,15310.333333333336,At / Near Target,Eligible
2025-04-01,P0051,Clinic B,Orthopedics,1.0,321000,307,2415.2,431593.69,2415.2,178.69894418681685,94.8,85.9,73.4,85.5,475.0,427.5,1940.1999999999998,1987.6999999999998,99384.99999999999,1.1,5.084631578947368,109323.5,136073.5,Above Target,Eligible
2025-04-01,P0052,Clinic B,Orthopedics,0.75,401000,223,1445.6,261306.55,1927.4666666666665,180.75992667404537,82.0,85.7,83.5,89.6,356.25,320.625,1089.35,1124.975,56248.74999999999,1.0,4.057824561403509,56248.74999999999,89665.41666666666,Above Target,Eligible
2025-04-01,P0053,Clinic B,Primary Care,1.0,234000,318,532.29,50610.73,532.29,95.08112119333447,77.2,78.6,70.5,85.0,350.0,315.0,182.28999999999996,217.28999999999996,10864.499999999998,0.9,1.5208285714285714,9778.05,29278.05,Above Target,Eligible
2025-04-01,P0054,Clinic B,Dermatology,0.75,342000,220,138.4,27244.1,184.53333333333333,196.85043352601153,78.8,87.3,69.0,84.1,243.75,219.375,-105.35,0.0,0.0,0.9,0.5677948717948719,0.0,28500.0,Below Threshold,Below Threshold
2025-04-01,P0055,ClinicA,Dermatology,0.5,305000,173,108.89999999999999,21474.54,217.79999999999998,197.19504132231407,87.6,89.6,84.0,84.1,162.5,146.25,-53.60000000000001,0.0,0.0,1.0,0.6701538461538461,0.0,25416.666666666668,Below Threshold,Below Threshold
2025-04-01,P0056,ClinicA,Pediatrics,1.0,228000,321,291.92,27067.89,291.92,92.72365716634694,78.9,88.5,78.3,83.5,300.0,270.0,-8.079999999999984,21.920000000000016,1096.000000000001,0.9,0.9730666666666667,986.4000000000009,19986.4,At / Near Target,Eligible
2025-04-01,P0057,ClinicA,Dermatology,1.0,279000,336,213.6,42112.17,213.6,197.15435393258426,74.6,93.8,57.9,87.5,325.0,292.5,-111.4,0.0,0.0,0.9,0.6572307692307692,0.0,23250.0,Below Threshold,Below Threshold
2025-04-01,P0058,Clinic B,General Surgery,0.75,440000,236,1173.38,179891.99,1564.506666666667,153.31093933763995,84.6,85.3,67.2,83.4,318.75,286.875,854.6300000000001,886.5050000000001,44325.25000000001,1.0,3.6811921568627453,44325.25000000001,80991.91666666667,Above Target,Eligible
2025-04-01,P0059,ClinicA,Cardiology,0.5,332000,173,119.85,32419.99,239.7,270.504714226116,72.6,87.3,78.1,95.3,225.0,202.5,-105.15,0.0,0.0,0.9,0.5326666666666666,0.0,27666.666666666668,Below Threshold,Below Threshold
2025-04-01,P0060,Clinic B,Dermatology,1.0,325000,330,207.79999999999998,41054.0,207.79999999999998,197.56496631376325,77.5,78.0,69.5,84.6,325.0,292.5,-117.20000000000002,0.0,0.0,0.9,0.6393846153846153,0.0,27083.333333333332,Below Threshold,Below Threshold
2025-04-01,P0061,Clinic C,OBGYN,1.0,297000,327,2236.36,427253.82,2236.36,191.04876674596218,99.0,84.1,86.8,77.5,375.0,337.5,1861.3600000000001,1898.8600000000001,94943.0,1.1,5.963626666666667,104437.3,129187.3,Above Target,Eligible
2025-04-01,P0062,ClinicA,Pediatrics,1.0,220000,364,294.66,28319.81,294.66,96.11012692594855,72.2,92.1,98.4,68.8,300.0,270.0,-5.339999999999975,24.660000000000025,1233.0000000000014,0.9,0.9822000000000001,1109.7000000000012,19443.033333333333,At / Near Target,Eligible
2025-04-01,P0063,ClinicA,Orthopedics,0.5,412000,162,1012.8000000000001,186232.22,2025.6000000000001,183.87857424960504,83.0,85.0,82.8,99.0,237.5,213.75,775.3000000000001,799.0500000000001,39952.5,1.0,4.26442105263158,39952.5,74285.83333333334,Above Target,Eligible
2025-04-01,P0064,ClinicA,Orthopedics,1.0,336000,313,2151.2,388424.87,2151.2,180.56195146894757,77.7,97.4,83.5,84.0,475.0,427.5,1676.1999999999998,1723.6999999999998,86184.99999999999,0.9,4.528842105263157,77566.49999999999,105566.49999999999,Above Target,Eligible
2025-04-01,P0065,ClinicA,Primary Care,1.0,199000,360,602.87,56937.89,602.87,94.44472274287989,77.2,87.6,85.1,72.2,350.0,315.0,252.87,287.87,14393.5,0.9,1.7224857142857144,12954.15,29537.48333333333,Above Target,Eligible
2025-04-01,P0066,ClinicA,OBGYN,1.0,336000,347,2311.97,442566.43,2311.97,191.42395013776132,93.7,85.9,71.5,72.8,375.0,337.5,1936.9699999999998,1974.4699999999998,98723.49999999999,1.1,6.165253333333332,108595.84999999999,136595.84999999998,Above Target,Eligible
2025-04-01,P0067,ClinicA,Primary Care,1.0,237000,326,553.64,51986.28,553.64,93.89906798641717,78.9,90.9,78.4,80.9,350.0,315.0,203.64,238.64,11932.0,0.9,1.5818285714285714,10738.800000000001,30488.800000000003,Above Target,Eligible
2025-04-01,P0068,Clinic B,Orthopedics,1.0,322000,331,2204.0,397224.45,2204.0,180.22887931034484,92.6,97.3,59.9,73.8,475.0,427.5,1729.0,1776.5,88825.0,1.1,4.64,97707.50000000001,124540.83333333334,Above Target,Eligible
2025-04-01,P0069,ClinicA,Dermatology,0.75,263000,239,147.9,29178.38,197.20000000000002,197.28451656524678,72.7,89.9,76.4,92.7,243.75,219.375,-95.85,0.0,0.0,0.9,0.6067692307692308,0.0,21916.666666666668,Below Threshold,Below Threshold
2025-04-01,P0070,Clinic C,Primary Care,0.75,220000,280,484.36,45254.64,645.8133333333334,93.43182756627301,86.5,89.3,83.1,71.9,262.5,236.25,221.86,248.11,12405.5,1.0,1.8451809523809524,12405.5,30738.833333333332,Above Target,Eligible
2025-04-01,P0071,Clinic B,Dermatology,1.0,270000,311,195.89999999999998,38734.29,195.89999999999998,197.72480857580402,80.3,84.3,82.2,85.6,325.0,292.5,-129.10000000000002,0.0,0.0,1.0,0.6027692307692307,0.0,22500.0,Below Threshold,Below Threshold
2025-04-01,P0072,Clinic B,Dermatology,1.0,324000,294,184.79999999999998,36560.02,184.79999999999998,197.83560606060607,94.0,84.1,66.5,89.6,325.0,292.5,-140.20000000000002,0.0,0.0,1.1,0.5686153846153845,0.0,27000.0,Below Threshold,Below Threshold
2025-04-01,P0073,ClinicA,OBGYN,0.75,342000,250,1663.81,319069.39,2218.4133333333334,191.77032834277955,76.0,84.7,81.5,85.1,281.25,253.125,1382.56,1410.685,70534.25,0.9,5.915768888888889,63480.825000000004,91980.82500000001,Above Target,Eligible
2025-04-01,P0074,Clinic B,Primary Care,1.0,219000,316,536.18,50713.57,536.18,94.583106419486,79.6,83.3,82.1,79.4,350.0,315.0,186.17999999999995,221.17999999999995,11058.999999999998,0.9,1.531942857142857,9953.099999999999,28203.1,Above Target,Eligible
2025-04-01,P0075,Clinic B,Pediatrics,1.0,197000,331,291.56,27279.42,291.56,93.56365756619563,79.5,82.9,67.9,85.9,300.0,270.0,-8.439999999999998,21.560000000000002,1078.0,0.9,0.9718666666666667,970.2,17386.86666666667,At / Near Target,Eligible
2025-04-01,P0076,Clinic B,Dermatology,0.5,306000,167,107.89999999999999,21325.85,215.79999999999998,197.64457831325302,80.6,82.0,71.7,82.8,162.5,146.25,-54.60000000000001,0.0,0.0,1.0,0.6639999999999999,0.0,25500.0,Below Threshold,Below Threshold
2025-04-01,P0077,Clinic B,Cardiology,0.75,297000,248,189.79,50865.65,253.0533333333333,268.01016913430635,89.0,81.2,72.7,87.2,337.5,303.75,-147.71,0.0,0.0,1.0,0.5623407407407407,0.0,24750.0,Below Threshold,Below Threshold
2025-04-01,P0078,Clinic B,OBGYN,1.0,306000,314,2031.03,386157.45,2031.03,190.1288754966692,90.7,94.1,86.5,84.2,375.0,337.5,1656.03,1693.53,84676.5,1.1,5.41608,93144.15000000001,118644.15000000001,Above Target,Eligible
2025-04-01,P0079,Clinic B,Cardiology,1.0,336000,327,264.4,70635.53,264.4,267.15404689863846,88.5,85.1,70.7,79.5,450.0,405.0,-185.60000000000002,0.0,0.0,1.0,0.5875555555555555,0.0,28000.0,Below Threshold,Below Threshold
2025-04-01,P0080,Clinic B,General Surgery,0.5,316000,181,979.74,153559.17,1959.48,156.73461326474373,75.4,85.1,89.5,88.1,212.5,191.25,767.24,788.49,39424.5,0.9,4.610541176470588,35482.05,61815.38333333333,Above Target,Eligible
2025-05-01,P0001,Clinic D,Primary Care,1.0,242000,338,560.07,53067.67,560.07,94.75185244701554,80.7,86.3,91.3,70.0,350.0,315.0,210.07000000000005,245.07000000000005,12253.500000000002,1.0,1.6002,12253.500000000002,32420.16666666667,Above Target,Eligible
2025-05-01,P0002,Clinic C,Primary Care,0.5,249000,175,292.88,27635.23,585.76,94.35683556405354,92.9,91.1,88.5,79.3,175.0,157.5,117.88,135.38,6769.0,1.1,1.6736,7445.900000000001,28195.9,Above Target,Eligible
2025-05-01,P0003,Clinic C,OBGYN,1.0,254000,357,2385.91,454558.57,2385.91,190.51790302232692,80.0,86.8,74.8,86.7,375.0,337.5,2010.9099999999999,2048.41,102420.5,1.0,6.362426666666666,102420.5,123587.16666666667,Above Target,Eligible
2025-05-01,P0004,Clinic B,OBGYN,1.0,342000,349,2217.55,422698.84,2217.55,190.61524655588374,77.7,85.5,89.9,71.3,375.0,337.5,1842.5500000000002,1880.0500000000002,94002.50000000001,0.9,5.913466666666667,84602.25000000001,113102.25000000001,Above Target,Eligible
2025-05-01,P0005,Clinic B,OBGYN,1.0,289000,323,2176.27,415470.57,2176.27,190.9094781437965,81.9,90.9,87.7,83.4,375.0,337.5,1801.27,1838.77,91938.5,1.0,5.8033866666666665,91938.5,116021.83333333333,Above Target,Eligible
2025-05-01,P0006,ClinicA,Pediatrics,1.0,184000,335,284.33,27093.21,284.33,95.2879048992368,85.2,90.5,78.4,83.2,300.0,270.0,-15.670000000000016,14.329999999999984,716.4999999999992,1.0,0.9477666666666666,716.4999999999992,16049.833333333334,At / Near Target,Eligible
2025-05-01,P0007,Clinic B,Dermatology,1.0,326000,334,210.0,41420.66,210.0,197.24123809523812,84.3,93.9,86.8,86.8,325.0,292.5,-115.0,0.0,0.0,1.0,0.6461538461538462,0.0,27166.666666666668,Below Threshold,Below Threshold
2025-05-01,P0008,ClinicA,General Surgery,1.0,434000,326,1606.33,246060.06,1606.33,153.18151313864524,97.1,81.1,81.0,83.0,425.0,382.5,1181.33,1223.83,61191.5,1.1,3.7796,67310.65000000001,103477.31666666668,Above Target,Eligible
2025-05-01,P0009,Clinic B,General Surgery,0.75,370000,263,1341.83,207230.69,1789.1066666666666,154.43885589083567,81.1,79.1,80.3,87.6,318.75,286.875,1023.0799999999999,1054.955,52747.75,1.0,4.209662745098039,52747.75,83581.08333333333,Above Target,Eligible
2025-05-01,P0010,ClinicA,Pediatrics,0.75,221000,246,218.87,20392.85,291.82666666666665,93.17334490793621,93.5,94.5,95.5,60.5,225.0,202.5,-6.1299999999999955,16.370000000000005,818.5000000000002,1.1,0.9727555555555556,900.3500000000004,19317.01666666667,At / Near Target,Eligible
2025-05-01,P0011,Clinic B,Dermatology,1.0,283000,322,203.2,40316.65,203.2,198.40871062992127,99.0,90.7,66.9,79.2,325.0,292.5,-121.80000000000001,0.0,0.0,1.1,0.6252307692307691,0.0,23583.333333333332,Below Threshold,Below Threshold
2025-05-01,P0012,ClinicA,Dermatology,1.0,269000,323,204.5,40300.3,204.5,197.0674816625917,67.3,79.0,91.8,62.9,325.0,292.5,-120.5,0.0,0.0,0.75,0.6292307692307693,0.0,22416.666666666668,Below Threshold,Below Threshold
2025-05-01,P0013,ClinicA,Pediatrics,1.0,194000,356,303.74,28794.88,303.74,94.80107987094226,99.0,86.0,77.1,78.6,300.0,270.0,3.740000000000009,33.74000000000001,1687.0000000000005,1.1,1.0124666666666666,1855.7000000000007,18022.36666666667,Above Target,Eligible
2025-05-01,P0014,Clinic B,Pediatrics,1.0,230000,336,275.07,26355.87,275.07,95.81513796488167,92.7,86.8,67.3,95.1,300.0,270.0,-24.930000000000007,5.069999999999993,253.49999999999966,1.1,0.9168999999999999,278.8499999999996,19445.516666666666,At / Near Target,Eligible
2025-05-01,P0015,Clinic B,General Surgery,1.0,425000,325,1586.76,243562.19,1586.76,153.49655272378936,91.2,91.0,78.8,79.4,425.0,382.5,1161.76,1204.26,60213.0,1.1,3.7335529411764705,66234.3,101650.96666666667,Above Target,Eligible
2025-05-01,P0016,Clinic B,Pediatrics,1.0,197000,336,279.39,26495.25,279.39,94.83249221518308,88.5,89.6,65.5,81.3,300.0,270.0,-20.610000000000014,9.389999999999986,469.4999999999993,1.0,0.9312999999999999,469.4999999999993,16886.166666666668,At / Near Target,Eligible
2025-05-01,P0017,Clinic B,Cardiology,0.75,304000,251,198.28,53260.64,264.37333333333333,268.6132741577567,87.4,93.8,68.1,85.5,337.5,303.75,-139.22,0.0,0.0,1.0,0.5874962962962963,0.0,25333.333333333332,Below Threshold,Below Threshold
2025-05-01,P0018,ClinicA,OBGYN,1.0,313000,322,2119.09,404249.45,2119.09,190.76558805902533,79.4,91.6,88.2,95.9,375.0,337.5,1744.0900000000001,1781.5900000000001,89079.5,0.9,5.650906666666667,80171.55,106254.88333333333,Above Target,Eligible
2025-05-01,P0019,Clinic B,Pediatrics,1.0,208000,304,238.28,23190.61,238.28,97.32503777068995,94.7,83.1,70.1,81.1,300.0,270.0,-61.72,0.0,0.0,1.1,0.7942666666666667,0.0,17333.333333333332,Below Threshold,Below Threshold
2025-05-01,P0020,Clinic B,Pediatrics,0.75,187000,245,193.10999999999999,18652.1,257.47999999999996,96.58795505152504,71.7,89.2,88.1,93.2,225.0,202.5,-31.890000000000015,0.0,0.0,0.9,0.8582666666666666,0.0,15583.333333333334,Below Threshold,Below Threshold
2025-05-01,P0021,Clinic B,Pediatrics,1.0,214000,304,244.45,23606.72,244.45,96.57075066475763,72.6,93.2,65.4,77.6,300.0,270.0,-55.55000000000001,0.0,0.0,0.9,0.8148333333333333,0.0,17833.333333333332,Below Threshold,Below Threshold
2025-05-01,P0022,Clinic D,Primary Care,1.0,223000,344,598.37,55953.91,598.37,93.51055367080569,76.5,87.8,84.5,99.0,350.0,315.0,248.37,283.37,14168.5,0.9,1.7096285714285715,12751.65,31334.98333333333,Above Target,Eligible
2025-05-01,P0023,Clinic C,Primary Care,1.0,192000,328,572.32,53829.57,572.32,94.05502166620072,85.0,77.7,60.4,73.6,350.0,315.0,222.32000000000005,257.32000000000005,12866.000000000002,1.0,1.6352000000000002,12866.000000000002,28866.0,Above Target,Eligible
2025-05-01,P0024,ClinicA,Orthopedics,0.75,361000,242,1403.2,255380.14,1870.9333333333334,181.99838939566706,92.2,85.2,68.8,78.4,356.25,320.625,1046.95,1082.575,54128.75,1.1,3.93880701754386,59541.62500000001,89624.95833333334,Above Target,Eligible
2025-05-01,P0025,Clinic B,Dermatology,0.75,256000,262,162.6,32092.98,216.79999999999998,197.3738007380074,93.5,83.6,61.5,82.3,243.75,219.375,-81.15,0.0,0.0,1.1,0.667076923076923,0.0,21333.333333333332,Below Threshold,Below Threshold
2025-05-01,P0026,ClinicA,OBGYN,0.75,313000,257,1638.48,313741.48,2184.64,191.4832527708608,76.8,93.0,77.9,85.8,281.25,253.125,1357.23,1385.355,69267.75,0.9,5.825706666666667,62340.975,88424.30833333333,Above Target,Eligible
2025-05-01,P0027,Clinic C,Primary Care,1.0,230000,340,568.61,53780.87,568.61,94.58305341094952,94.3,89.2,77.8,71.0,350.0,315.0,218.61,253.61,12680.5,1.1,1.6246,13948.550000000001,33115.21666666667,Above Target,Eligible
2025-05-01,P0028,ClinicA,Orthopedics,1.0,325000,354,2203.2,401599.54,2203.2,182.2801107480029,92.6,97.3,90.8,77.0,475.0,427.5,1728.1999999999998,1775.6999999999998,88784.99999999999,1.1,4.638315789473684,97663.49999999999,124746.83333333331,Above Target,Eligible
2025-05-01,P0029,ClinicA,Orthopedics,0.5,408000,153,1120.8,200790.01,2241.6,179.14883119200573,80.0,94.7,73.0,92.5,237.5,213.75,883.3,907.05,45352.5,1.0,4.719157894736842,45352.5,79352.5,Above Target,Eligible
2025-05-01,P0030,ClinicA,General Surgery,0.75,375000,261,1311.26,202035.19,1748.3466666666666,154.0771395451703,82.0,84.2,75.1,99.0,318.75,286.875,992.51,1024.385,51219.25,1.0,4.113756862745098,51219.25,82469.25,Above Target,Eligible
2025-05-01,P0031,ClinicA,Dermatology,1.0,295000,288,182.39999999999998,36069.3,182.39999999999998,197.74835526315795,90.3,89.4,70.2,65.8,325.0,292.5,-142.60000000000002,0.0,0.0,1.1,0.5612307692307692,0.0,24583.333333333332,Below Threshold,Below Threshold
2025-05-01,P0032,ClinicA,Cardiology,1.0,356000,324,235.96,63883.83,235.96,270.74008306492624,77.8,79.3,77.4,89.3,450.0,405.0,-214.04,0.0,0.0,0.9,0.5243555555555556,0.0,29666.666666666668,Below Threshold,Below Threshold
2025-05-01,P0033,ClinicA,General Surgery,0.5,318000,180,857.33,130797.24,1714.66,152.56347030898255,92.7,86.5,61.0,62.3,212.5,191.25,644.83,666.08,33304.0,1.1,4.034494117647059,36634.4,63134.4,Above Target,Eligible
2025-05-01,P0034,Clinic B,Orthopedics,1.0,405000,350,2123.2,386413.82,2123.2,181.99595892991712,91.7,78.9,85.1,70.1,475.0,427.5,1648.1999999999998,1695.6999999999998,84784.99999999999,1.1,4.469894736842105,93263.49999999999,127013.49999999999,Above Target,Eligible
2025-05-01,P0035,ClinicA,Pediatrics,1.0,227000,344,294.21,27791.920000000002,294.21,94.46286665986881,78.5,97.0,77.3,92.0,300.0,270.0,-5.7900000000000205,24.20999999999998,1210.499999999999,0.9,0.9806999999999999,1089.4499999999991,20006.11666666667,At / Near Target,Eligible
2025-05-01,P0036,Clinic B,Cardiology,1.0,313000,329,258.09,69125.01,258.09,267.8329652446821,78.0,82.8,63.4,81.2,450.0,405.0,-191.91000000000003,0.0,0.0,0.9,0.5735333333333332,0.0,26083.333333333332,Below Threshold,Below Threshold
2025-05-01,P0037,ClinicA,Primary Care,1.0,217000,296,498.95,47147.01,498.95,94.49245415372282,86.6,82.8,88.1,94.6,350.0,315.0,148.95,183.95,9197.5,1.0,1.4255714285714285,9197.5,27280.833333333332,Above Target,Eligible
2025-05-01,P0038,ClinicA,General Surgery,1.0,387000,326,1760.59,276876.58,1760.59,157.26351961558342,77.3,80.1,77.0,84.9,425.0,382.5,1335.59,1378.09,68904.5,0.9,4.142564705882353,62014.05,94264.05,Above Target,Eligible
2025-05-01,P0039,ClinicA,Pediatrics,1.0,226000,363,302.42,28686.53,302.42,94.85659017260762,93.7,81.3,76.2,87.2,300.0,270.0,2.420000000000016,32.420000000000016,1621.000000000001,1.1,1.0080666666666667,1783.100000000001,20616.433333333334,Above Target,Eligible
2025-05-01,P0040,Clinic B,Pediatrics,1.0,218000,338,259.1,25333.09,259.1,97.77340795059821,69.2,90.0,60.6,99.0,300.0,270.0,-40.89999999999998,0.0,0.0,0.75,0.8636666666666667,0.0,18166.666666666668,Below Threshold,Below Threshold
2025-05-01,P0041,Clinic C,Primary Care,1.0,195000,305,501.98,47650.92,501.98,94.92593330411569,89.0,73.1,71.6,84.4,350.0,315.0,151.98000000000002,186.98000000000002,9349.0,1.0,1.4342285714285714,9349.0,25599.0,Above Target,Eligible
2025-05-01,P0042,Clinic B,OBGYN,0.5,294000,151,1013.71,194394.01,2027.42,191.76491304219155,87.8,87.9,71.2,80.9,187.5,168.75,826.21,844.96,42248.0,1.0,5.406453333333333,42248.0,66748.0,Above Target,Eligible
2025-05-01,P0043,ClinicA,Cardiology,0.75,292000,276,211.84,56956.36,282.4533333333333,268.8649924471299,82.3,92.6,80.4,92.6,337.5,303.75,-125.66,0.0,0.0,1.0,0.627674074074074,0.0,24333.333333333332,Below Threshold,Below Threshold
2025-05-01,P0044,Clinic B,Cardiology,0.75,391000,255,194.97,51993.65,259.96,266.6751295071037,85.6,85.2,85.2,97.7,337.5,303.75,-142.53,0.0,0.0,1.0,0.5776888888888889,0.0,32583.333333333332,Below Threshold,Below Threshold
2025-05-01,P0045,Clinic B,Dermatology,1.0,309000,347,220.1,43461.9,220.1,197.46433439345753,90.5,88.4,64.6,67.6,325.0,292.5,-104.9,0.0,0.0,1.1,0.6772307692307692,0.0,25750.0,Below Threshold,Below Threshold
2025-05-01,P0046,ClinicA,Orthopedics,1.0,372000,295,2040.8,367601.59,2040.8,180.1262201097609,77.9,99.0,81.5,91.6,475.0,427.5,1565.8,1613.3,80665.0,0.9,4.296421052631579,72598.5,103598.5,Above Target,Eligible
2025-05-01,P0047,Clinic B,Pediatrics,0.5,209000,144,123.51,11697.17,247.02,94.7062586025423,87.2,79.1,74.4,77.3,150.0,135.0,-26.489999999999995,0.0,0.0,1.0,0.8234,0.0,17416.666666666668,Below Threshold,Below Threshold
2025-05-01,P0048,ClinicA,General Surgery,1.0,386000,363,1704.81,255597.16,1704.81,149.92706518614978,92.6,89.7,97.0,72.8,425.0,382.5,1279.81,1322.31,66115.5,1.1,4.011317647058823,72727.05,104893.71666666667,Above Target,Eligible
2025-05-01,P0049,ClinicA,Pediatrics,0.75,200000,254,205.02,19531.51,273.36,95.26636425714563,78.9,81.7,75.4,65.8,225.0,202.5,-19.97999999999999,2.5200000000000102,126.00000000000051,0.9,0.9112,113.40000000000046,16780.06666666667,At / Near Target,Eligible
2025-05-01,P0050,Clinic B,Pediatrics,1.0,181000,326,289.55,27258.55,289.55,94.14108098773958,85.6,83.3,59.4,96.6,300.0,270.0,-10.449999999999989,19.55000000000001,977.5000000000006,1.0,0.9651666666666667,977.5000000000006,16060.833333333334,At / Near Target,Eligible
2025-05-01,P0051,Clinic B,Orthopedics,1.0,321000,302,2046.4,371790.6,2046.4,181.68031665363563,94.0,98.3,84.6,85.5,475.0,427.5,1571.4,1618.9,80945.0,1.1,4.30821052631579,89039.5,115789.5,Above Target,Eligible
2025-05-01,P0052,Clinic B,Orthopedics,0.75,401000,240,1420.8,260702.42,1894.3999999999999,183.48987894144145,84.4,90.2,63.6,76.0,356.25,320.625,1064.55,1100.175,55008.75,1.0,3.988210526315789,55008.75,88425.41666666666,Above Target,Eligible
2025-05-01,P0053,Clinic B,Primary Care,1.0,234000,330,552.48,52389.53,552.48,94.82611135244714,80.0,79.4,83.3,94.0,350.0,315.0,202.48000000000002,237.48000000000002,11874.0,1.0,1.5785142857142858,11874.0,31374.0,Above Target,Eligible
2025-05-01,P0054,Clinic B,Dermatology,0.75,342000,233,145.9,28692.19,194.53333333333333,196.6565455791638,84.0,92.1,80.2,78.7,243.75,219.375,-97.85,0.0,0.0,1.0,0.5985641025641026,0.0,28500.0,Below Threshold,Below Threshold
2025-05-01,P0055,ClinicA,Dermatology,0.5,305000,167,106.89999999999999,21099.99,213.79999999999998,197.38063610851265,91.2,90.8,62.0,85.2,162.5,146.25,-55.60000000000001,0.0,0.0,1.1,0.6578461538461537,0.0,25416.666666666668,Below Threshold,Below Threshold
2025-05-01,P0056,ClinicA,Pediatrics,1.0,228000,366,285.03,27691.3,285.03,97.15222958986774,77.6,81.0,85.9,72.5,300.0,270.0,-14.970000000000027,15.029999999999973,751.4999999999986,0.9,0.9501,676.3499999999988,19676.35,At / Near Target,Eligible
2025-05-01,P0057,ClinicA,Dermatology,1.0,279000,304,191.2,37667.29,191.2,197.0046548117155,71.7,87.9,79.6,74.3,325.0,292.5,-133.8,0.0,0.0,0.9,0.5883076923076923,0.0,23250.0,Below Threshold,Below Threshold
2025-05-01,P0058,Clinic B,General Surgery,0.75,440000,238,1152.53,173500.91,1536.7066666666667,150.5391703469758,90.5,85.9,85.0,80.6,318.75,286.875,833.78,865.655,43282.75,1.1,3.6157803921568625,47611.025,84277.69166666667,Above Target,Eligible
2025-05-01,P0059,ClinicA,Cardiology,0.5,332000,156,120.95,32605.69,241.9,269.5799090533278,87.7,83.0,62.9,78.2,225.0,202.5,-104.05,0.0,0.0,1.0,0.5375555555555556,0.0,27666.666666666668,Below Threshold,Below Threshold
2025-05-01,P0060,Clinic B,Dermatology,1.0,325000,323,203.5,39976.78,203.5,196.44609336609335,90.1,92.1,79.7,85.4,325.0,292.5,-121.5,0.0,0.0,1.1,0.6261538461538462,0.0,27083.333333333332,Below Threshold,Below Threshold
2025-05-01,P0061,Clinic C,OBGYN,1.0,297000,343,2235.82,424878.8,2235.82,190.03265021334454,90.3,79.0,69.3,73.7,375.0,337.5,1860.8200000000002,1898.3200000000002,94916.00000000001,1.1,5.962186666666667,104407.60000000002,129157.60000000002,Above Target,Eligible
2025-05-01,P0062,ClinicA,Pediatrics,1.0,220000,331,286.98,26955.97,286.98,93.92978604780821,82.8,84.3,73.0,89.5,300.0,270.0,-13.019999999999982,16.980000000000018,849.0000000000009,1.0,0.9566,849.0000000000009,19182.333333333332,At / Near Target,Eligible
2025-05-01,P0063,ClinicA,Orthopedics,0.5,412000,169,1133.6,204073.48,2267.2,180.0224770642202,89.1,76.3,88.9,85.3,237.5,213.75,896.0999999999999,919.8499999999999,45992.49999999999,1.0,4.773052631578947,45992.49999999999,80325.83333333333,Above Target,Eligible
2025-05-01,P0064,ClinicA,Orthopedics,1.0,336000,321,2100.0,378993.01,2100.0,180.4728619047619,73.5,95.9,70.2,79.8,475.0,427.5,1625.0,1672.5,83625.0,0.9,4.421052631578948,75262.5,103262.5,Above Target,Eligible
2025-05-01,P0065,ClinicA,Primary Care,1.0,199000,343,588.34,55336.11,588.34,94.05464527314138,84.6,99.0,62.2,92.5,350.0,315.0,238.34000000000003,273.34000000000003,13667.000000000002,1.0,1.6809714285714286,13667.000000000002,30250.333333333336,Above Target,Eligible
2025-05-01,P0066,ClinicA,OBGYN,1.0,336000,330,2207.15,420261.81,2207.15,190.40926534218335,90.2,86.7,83.8,84.4,375.0,337.5,1832.15,1869.65,93482.5,1.1,5.8857333333333335,102830.75000000001,130830.75000000001,Above Target,Eligible
2025-05-01,P0067,ClinicA,Primary Care,1.0,237000,312,536.13,50659.22,536.13,94.49055266446571,77.7,86.0,77.3,99.0,350.0,315.0,186.13,221.13,11056.5,0.9,1.5318,9950.85,29700.85,Above Target,Eligible
2025-05-01,P0068,Clinic B,Orthopedics,1.0,322000,315,1980.0,360080.22,1980.0,181.85869696969695,59.6,90.1,80.2,79.6,475.0,427.5,1505.0,1552.5,77625.0,0.75,4.168421052631579,58218.75,85052.08333333333,Above Target,Eligible
2025-05-01,P0069,ClinicA,Dermatology,0.75,263000,265,168.1,33179.8,224.13333333333333,197.38132064247475,87.0,78.8,79.5,77.4,243.75,219.375,-75.65,0.0,0.0,1.0,0.6896410256410256,0.0,21916.666666666668,Below Threshold,Below Threshold
2025-05-01,P0070,Clinic C,Primary Care,0.75,220000,281,481.36,45300.73,641.8133333333334,94.10987618414492,88.3,77.6,79.4,99.0,262.5,236.25,218.86,245.11,12255.5,1.0,1.833752380952381,12255.5,30588.833333333332,Above Target,Eligible
2025-05-01,P0071,Clinic B,Dermatology,1.0,270000,318,198.6,39352.75,198.6,198.15080563947635,85.5,87.2,88.5,83.0,325.0,292.5,-126.4,0.0,0.0,1.0,0.6110769230769231,0.0,22500.0,Below Threshold,Below Threshold
2025-05-01,P0072,Clinic B,Dermatology,1.0,324000,340,211.0,41597.85,211.0,197.1462085308057,84.2,91.6,85.5,78.7,325.0,292.5,-114.0,0.0,0.0,1.0,0.6492307692307693,0.0,27000.0,Below Threshold,Below Threshold
2025-05-01,P0073,ClinicA,OBGYN,0.75,342000,239,1588.9,304279.79,2118.5333333333333,191.50342375228144,82.1,87.7,76.8,84.4,281.25,253.125,1307.65,1335.775,66788.75,1.0,5.649422222222222,66788.75,95288.75,Above Target,Eligible
2025-05-01,P0074,Clinic B,Primary Care,1.0,219000,318,539.44,50886.42,539.44,94.33193682337237,82.7,80.9,79.2,78.2,350.0,315.0,189.44000000000005,224.44000000000005,11222.000000000004,1.0,1.541257142857143,11222.000000000004,29472.000000000004,Above Target,Eligible
2025-05-01,P0075,Clinic B,Pediatrics,1.0,197000,352,302.33,28465.22,302.33,94.15281315119242,90.4,82.2,69.6,75.3,300.0,270.0,2.329999999999984,32.329999999999984,1616.499999999999,1.1,1.0077666666666667,1778.1499999999992,18194.816666666666,Above Target,Eligible
2025-05-01,P0076,Clinic B,Dermatology,0.5,306000,147,90.3,17790.68,180.6,197.01749723145073,82.4,84.3,78.0,81.9,162.5,146.25,-72.2,0.0,0.0,1.0,0.5556923076923077,0.0,25500.0,Below Threshold,Below Threshold
2025-05-01,P0077,Clinic B,Cardiology,0.75,297000,233,193.89,51059.77,258.52,263.34400948991697,81.2,90.4,84.0,97.8,337.5,303.75,-143.61,0.0,0.0,1.0,0.5744888888888888,0.0,24750.0,Below Threshold,Below Threshold
2025-05-01,P0078,Clinic B,OBGYN,1.0,306000,333,2185.9700000000003,419728.06,2185.9700000000003,192.00998183872602,91.2,76.3,65.4,74.8,375.0,337.5,1810.9700000000003,1848.4700000000003,92423.50000000001,1.1,5.829253333333334,101665.85000000002,127165.85000000002,Above Target,Eligible
2025-05-01,P0079,Clinic B,Cardiology,1.0,336000,346,290.24,77289.37,290.24,266.29468715545755,77.4,83.8,69.9,74.3,450.0,405.0,-159.76,0.0,0.0,0.9,0.6449777777777778,0.0,28000.0,Below Threshold,Below Threshold
2025-05-01,P0080,Clinic B,General Surgery,0.5,316000,178,886.75,135531.35,1773.5,152.84054130250917,61.3,83.2,81.0,74.6,212.5,191.25,674.25,695.5,34775.0,0.75,4.172941176470588,26081.25,52414.58333333333,Above Target,Eligible
2025-06-01,P0001,Clinic D,Primary Care,1.0,242000,328,537.31,51113.49,537.31,95.12849193203179,82.9,88.4,77.3,92.4,350.0,315.0,187.30999999999995,222.30999999999995,11115.499999999996,1.0,1.5351714285714284,11115.499999999996,31282.166666666664,Above Target,Eligible
2025-06-01,P0002,Clinic C,Primary Care,0.5,249000,187,307.06,29406.85,614.12,95.76906793460562,78.7,82.7,99.0,97.5,175.0,157.5,132.06,149.56,7478.0,0.9,1.7546285714285714,6730.2,27480.2,Above Target,Eligible
2025-06-01,P0003,Clinic C,OBGYN,1.0,254000,306,1991.15,380771.74,1991.15,191.23207191823818,80.3,97.6,79.0,76.5,375.0,337.5,1616.15,1653.65,82682.5,1.0,5.309733333333334,82682.5,103849.16666666667,Above Target,Eligible
2025-06-01,P0004,Clinic B,OBGYN,1.0,342000,324,2177.2400000000002,417021.82,2177.2400000000002,191.53690911429146,81.0,80.5,74.0,79.7,375.0,337.5,1802.2400000000002,1839.7400000000002,91987.00000000001,1.0,5.805973333333334,91987.00000000001,120487.00000000001,Above Target,Eligible
2025-06-01,P0005,Clinic B,OBGYN,1.0,289000,290,1895.33,360491.72,1895.33,190.19997572982012,85.5,79.7,80.7,89.7,375.0,337.5,1520.33,1557.83,77891.5,1.0,5.054213333333333,77891.5,101974.83333333333,Above Target,Eligible
2025-06-01,P0006,ClinicA,Pediatrics,1.0,184000,336,276.39,26420.34,276.39,95.590795614892,91.2,85.5,67.7,79.7,300.0,270.0,-23.610000000000014,6.389999999999986,319.4999999999993,1.1,0.9213,351.44999999999925,15684.783333333333,At / Near Target,Eligible
2025-06-01,P0007,Clinic B,Dermatology,1.0,326000,345,216.7,42902.48,216.7,197.98098754037844,76.4,91.5,76.8,88.5,325.0,292.5,-108.30000000000001,0.0,0.0,0.9,0.6667692307692308,0.0,27166.666666666668,Below Threshold,Below Threshold
2025-06-01,P0008,ClinicA,General Surgery,1.0,434000,317,1584.46,245564.23,1584.46,154.98291531499692,89.5,86.0,73.5,72.3,425.0,382.5,1159.46,1201.96,60098.0,1.0,3.7281411764705883,60098.0,96264.66666666666,Above Target,Eligible
2025-06-01,P0009,Clinic B,General Surgery,0.75,370000,212,1029.36,157489.14,1372.4799999999998,152.9971438563768,83.3,81.3,93.6,85.4,318.75,286.875,710.6099999999999,742.4849999999999,37124.24999999999,1.0,3.2293647058823525,37124.24999999999,67957.58333333333,Above Target,Eligible
2025-06-01,P0010,ClinicA,Pediatrics,0.75,221000,236,199.02,18793.24,265.36,94.42890161792785,88.3,84.2,91.1,88.9,225.0,202.5,-25.97999999999999,0.0,0.0,1.0,0.8845333333333334,0.0,18416.666666666668,Below Threshold,Below Threshold
2025-06-01,P0011,Clinic B,Dermatology,1.0,283000,322,200.39999999999998,39503.11,200.39999999999998,197.12130738522956,85.1,84.9,90.1,85.6,325.0,292.5,-124.60000000000002,0.0,0.0,1.0,0.6166153846153846,0.0,23583.333333333332,Below Threshold,Below Threshold
2025-06-01,P0012,ClinicA,Dermatology,1.0,269000,296,189.0,37346.99,189.0,197.6031216931217,65.9,86.0,81.9,58.0,325.0,292.5,-136.0,0.0,0.0,0.75,0.5815384615384616,0.0,22416.666666666668,Below Threshold,Below Threshold
2025-06-01,P0013,ClinicA,Pediatrics,1.0,194000,299,244.63,23496.81,244.63,96.05040264889834,69.7,93.2,81.8,86.7,300.0,270.0,-55.370000000000005,0.0,0.0,0.75,0.8154333333333333,0.0,16166.666666666666,Below Threshold,Below Threshold
2025-06-01,P0014,Clinic B,Pediatrics,1.0,230000,304,262.28,24787.3,262.28,94.50701540338571,59.5,84.7,84.3,72.6,300.0,270.0,-37.72000000000003,0.0,0.0,0.75,0.8742666666666665,0.0,19166.666666666668,Below Threshold,Below Threshold
2025-06-01,P0015,Clinic B,General Surgery,1.0,425000,294,1588.56,249981.4,1588.56,157.36352419801582,79.5,95.2,71.8,88.2,425.0,382.5,1163.56,1206.06,60303.0,0.9,3.7377882352941176,54272.700000000004,89689.36666666667,Above Target,Eligible
2025-06-01,P0016,Clinic B,Pediatrics,1.0,197000,299,251.77,23929.03,251.77,95.04321404456448,77.5,84.4,83.4,73.6,300.0,270.0,-48.22999999999999,0.0,0.0,0.9,0.8392333333333334,0.0,16416.666666666668,Below Threshold,Below Threshold
2025-06-01,P0017,Clinic B,Cardiology,0.75,304000,230,166.78,45028.98,222.37333333333333,269.99028660510857,93.2,84.4,90.7,81.9,337.5,303.75,-170.72,0.0,0.0,1.1,0.49416296296296297,0.0,25333.333333333332,Below Threshold,Below Threshold
2025-06-01,P0018,ClinicA,OBGYN,1.0,313000,327,2204.2400000000002,422803.73,2204.2400000000002,191.8138360614089,74.7,82.9,84.9,84.2,375.0,337.5,1829.2400000000002,1866.7400000000002,93337.00000000001,0.9,5.877973333333334,84003.30000000002,110086.63333333335,Above Target,Eligible
2025-06-01,P0019,Clinic B,Pediatrics,1.0,208000,298,240.66,23130.11,240.66,96.11115266350869,86.5,95.1,76.1,91.1,300.0,270.0,-59.34,0.0,0.0,1.0,0.8022,0.0,17333.333333333332,Below Threshold,Below Threshold
2025-06-01,P0020,Clinic B,Pediatrics,0.75,187000,240,201.57999999999998,19272.99,268.7733333333333,95.60963389225122,92.4,91.4,69.8,87.5,225.0,202.5,-23.420000000000016,0.0,0.0,1.1,0.895911111111111,0.0,15583.333333333334,Below Threshold,Below Threshold
2025-06-01,P0021,Clinic B,Pediatrics,1.0,214000,331,260.68,25268.5,260.68,96.93302132883228,82.6,89.3,79.0,75.4,300.0,270.0,-39.31999999999999,0.0,0.0,1.0,0.8689333333333333,0.0,17833.333333333332,Below Threshold,Below Threshold
2025-06-01,P0022,Clinic D,Primary Care,1.0,223000,329,553.55,52195.76,553.55,94.29276488122122,87.8,80.9,92.0,92.7,350.0,315.0,203.54999999999995,238.54999999999995,11927.499999999998,1.0,1.5815714285714284,11927.499999999998,30510.83333333333,Above Target,Eligible
2025-06-01,P0023,Clinic C,Primary Care,1.0,192000,314,517.57,49346.87,517.57,95.34337384315165,83.4,75.8,80.5,98.5,350.0,315.0,167.57000000000005,202.57000000000005,10128.500000000002,1.0,1.4787714285714286,10128.500000000002,26128.5,Above Target,Eligible
2025-06-01,P0024,ClinicA,Orthopedics,0.75,361000,253,1661.6,300078.18,2215.4666666666667,180.59591959557054,82.6,83.7,81.3,99.0,356.25,320.625,1305.35,1340.975,67048.75,1.0,4.664140350877193,67048.75,97132.08333333333,Above Target,Eligible
2025-06-01,P0025,Clinic B,Dermatology,0.75,256000,239,151.7,30077.7,202.26666666666665,198.27092946605143,88.4,99.0,66.2,95.5,243.75,219.375,-92.05000000000001,0.0,0.0,1.0,0.6223589743589744,0.0,21333.333333333332,Below Threshold,Below Threshold
2025-06-01,P0026,ClinicA,OBGYN,0.75,313000,275,1977.14,380781.26,2636.186666666667,192.59195605773996,77.5,92.3,90.1,83.9,281.25,253.125,1695.89,1724.015,86200.75,0.9,7.029831111111111,77580.675,103664.00833333333,Above Target,Eligible
2025-06-01,P0027,Clinic C,Primary Care,1.0,230000,308,491.17,47245.81,491.17,96.19034142964757,86.2,89.6,75.7,90.2,350.0,315.0,141.17000000000002,176.17000000000002,8808.5,1.0,1.4033428571428572,8808.5,27975.166666666668,Above Target,Eligible
2025-06-01,P0028,ClinicA,Orthopedics,1.0,325000,350,2238.4,404421.24,2238.4,180.67424946390278,83.2,76.3,82.0,82.3,475.0,427.5,1763.4,1810.9,90545.0,1.0,4.712421052631579,90545.0,117628.33333333333,Above Target,Eligible
2025-06-01,P0029,ClinicA,Orthopedics,0.5,408000,153,1140.0,206025.95,2280.0,180.72451754385966,80.3,93.6,77.0,83.8,237.5,213.75,902.5,926.25,46312.5,1.0,4.8,46312.5,80312.5,Above Target,Eligible
2025-06-01,P0030,ClinicA,General Surgery,0.75,375000,241,1159.82,175271.38,1546.4266666666665,151.11946681381596,85.5,75.2,61.0,89.2,318.75,286.875,841.0699999999999,872.9449999999999,43647.25,1.0,3.6386509803921565,43647.25,74897.25,Above Target,Eligible
2025-06-01,P0031,ClinicA,Dermatology,1.0,295000,322,200.79999999999998,39571.56,200.79999999999998,197.0695219123506,95.2,79.3,68.3,92.8,325.0,292.5,-124.20000000000002,0.0,0.0,1.1,0.6178461538461538,0.0,24583.333333333332,Below Threshold,Below Threshold
2025-06-01,P0032,ClinicA,Cardiology,1.0,356000,293,228.03,61416.659999999996,228.03,269.3358768583081,83.2,95.6,86.1,86.8,450.0,405.0,-221.97,0.0,0.0,1.0,0.5067333333333334,0.0,29666.666666666668,Below Threshold,Below Threshold
2025-06-01,P0033,ClinicA,General Surgery,0.5,318000,140,734.42,113718.77,1468.84,154.84160289752458,80.8,95.7,73.1,72.1,212.5,191.25,521.92,543.17,27158.499999999996,1.0,3.4560941176470585,27158.499999999996,53658.5,Above Target,Eligible
2025-06-01,P0034,Clinic B,Orthopedics,1.0,405000,311,1880.8,341659.55,1880.8,181.65650255210548,80.7,88.8,88.2,76.9,475.0,427.5,1405.8,1453.3,72665.0,1.0,3.959578947368421,72665.0,106415.0,Above Target,Eligible
2025-06-01,P0035,ClinicA,Pediatrics,1.0,227000,318,263.87,25224.91,263.87,95.59597529086292,79.5,91.2,94.0,79.3,300.0,270.0,-36.129999999999995,0.0,0.0,0.9,0.8795666666666667,0.0,18916.666666666668,Below Threshold,Below Threshold
2025-06-01,P0036,Clinic B,Cardiology,1.0,313000,308,245.21,65183.69,245.21,265.8280249581991,78.7,81.7,77.8,88.0,450.0,405.0,-204.79,0.0,0.0,0.9,0.5449111111111111,0.0,26083.333333333332,Below Threshold,Below Threshold
2025-06-01,P0037,ClinicA,Primary Care,1.0,217000,318,553.89,51670.4,553.89,93.28639260502989,92.4,86.1,88.4,92.0,350.0,315.0,203.89,238.89,11944.5,1.1,1.582542857142857,13138.95,31222.283333333333,Above Target,Eligible
2025-06-01,P0038,ClinicA,General Surgery,1.0,387000,309,1582.16,243814.32,1582.16,154.10218941194316,88.5,84.2,85.3,74.8,425.0,382.5,1157.16,1199.66,59983.00000000001,1.0,3.722729411764706,59983.00000000001,92233.0,Above Target,Eligible
2025-06-01,P0039,ClinicA,Pediatrics,1.0,226000,338,266.95,25915.7,266.95,97.08072672785167,81.7,83.4,61.5,77.3,300.0,270.0,-33.05000000000001,0.0,0.0,1.0,0.8898333333333333,0.0,18833.333333333332,Below Threshold,Below Threshold
2025-06-01,P0040,Clinic B,Pediatrics,1.0,218000,285,235.9,22532.3,235.9,95.51632047477744,82.2,77.1,75.5,90.9,300.0,270.0,-64.1,0.0,0.0,1.0,0.7863333333333333,0.0,18166.666666666668,Below Threshold,Below Threshold
2025-06-01,P0041,Clinic C,Primary Care,1.0,195000,335,576.0,54081.91,576.0,93.89220486111111,96.5,88.8,74.5,84.6,350.0,315.0,226.0,261.0,13050.0,1.1,1.6457142857142857,14355.000000000002,30605.0,Above Target,Eligible
2025-06-01,P0042,Clinic B,OBGYN,0.5,294000,154,1016.62,194766.86,2033.24,191.58275461824476,84.7,82.0,91.0,71.8,187.5,168.75,829.12,847.87,42393.5,1.0,5.421973333333334,42393.5,66893.5,Above Target,Eligible
2025-06-01,P0043,ClinicA,Cardiology,0.75,292000,228,189.05,50628.38,252.0666666666667,267.8041787886802,80.2,86.9,75.8,82.3,337.5,303.75,-148.45,0.0,0.0,1.0,0.5601481481481482,0.0,24333.333333333332,Below Threshold,Below Threshold
2025-06-01,P0044,Clinic B,Cardiology,0.75,391000,240,188.43,50781.83,251.24,269.49970811441915,89.7,84.9,68.3,81.8,337.5,303.75,-149.07,0.0,0.0,1.0,0.5583111111111111,0.0,32583.333333333332,Below Threshold,Below Threshold
2025-06-01,P0045,Clinic B,Dermatology,1.0,309000,315,197.89999999999998,39178.44,197.89999999999998,197.97089439110664,89.0,88.2,69.2,68.1,325.0,292.5,-127.10000000000002,0.0,0.0,1.0,0.6089230769230769,0.0,25750.0,Below Threshold,Below Threshold
2025-06-01,P0046,ClinicA,Orthopedics,1.0,372000,335,2226.4,399407.2,2226.4,179.39597556593603,79.9,85.4,57.7,64.4,475.0,427.5,1751.4,1798.9,89945.0,0.9,4.687157894736842,80950.5,111950.5,Above Target,Eligible
2025-06-01,P0047,Clinic B,Pediatrics,0.5,209000,173,140.62,13441.11,281.24,95.58462523111933,87.9,83.7,74.5,84.6,150.0,135.0,-9.379999999999995,5.6200000000000045,281.0000000000002,1.0,0.9374666666666667,281.0000000000002,17697.666666666668,At / Near Target,Eligible
2025-06-01,P0048,ClinicA,General Surgery,1.0,386000,314,1611.45,249679.18,1611.45,154.94069316454124,92.0,92.2,92.7,81.6,425.0,382.5,1186.45,1228.95,61447.5,1.1,3.7916470588235294,67592.25,99758.91666666667,Above Target,Eligible
2025-06-01,P0049,ClinicA,Pediatrics,0.75,200000,235,187.99,18163.53,250.65333333333334,96.61966062024575,80.0,82.6,74.9,76.5,225.0,202.5,-37.00999999999999,0.0,0.0,1.0,0.8355111111111112,0.0,16666.666666666668,Below Threshold,Below Threshold
2025-06-01,P0050,Clinic B,Pediatrics,1.0,181000,299,267.58,24921.95,267.58,93.13831377531955,85.8,85.4,73.1,68.1,300.0,270.0,-32.420000000000016,0.0,0.0,1.0,0.8919333333333332,0.0,15083.333333333334,Below Threshold,Below Threshold
2025-06-01,P0051,Clinic B,Orthopedics,1.0,321000,314,2056.0,373672.1,2056.0,181.74713035019454,92.4,76.2,78.1,77.7,475.0,427.5,1581.0,1628.5,81425.0,1.1,4.328421052631579,89567.5,116317.5,Above Target,Eligible
2025-06-01,P0052,Clinic B,Orthopedics,0.75,401000,234,1435.2,258289.84,1913.6000000000001,179.96783723522853,70.4,83.2,58.7,77.9,356.25,320.625,1078.95,1114.575,55728.75,0.9,4.028631578947368,50155.875,83572.54166666666,Above Target,Eligible
2025-06-01,P0053,Clinic B,Primary Care,1.0,234000,280,468.24,44302.08,468.24,94.614044079959,90.3,80.7,86.0,71.7,350.0,315.0,118.24000000000001,153.24,7662.0,1.1,1.3378285714285714,8428.2,27928.2,Above Target,Eligible
2025-06-01,P0054,Clinic B,Dermatology,0.75,342000,242,153.2,30230.28,204.26666666666665,197.32558746736294,86.2,94.7,78.8,91.0,243.75,219.375,-90.55000000000001,0.0,0.0,1.0,0.6285128205128204,0.0,28500.0,Below Threshold,Below Threshold
2025-06-01,P0055,ClinicA,Dermatology,0.5,305000,167,106.5,21008.21,213.0,197.26018779342724,84.4,90.7,72.7,74.4,162.5,146.25,-56.0,0.0,0.0,1.0,0.6553846153846153,0.0,25416.666666666668,Below Threshold,Below Threshold
2025-06-01,P0056,ClinicA,Pediatrics,1.0,228000,323,263.78,25310.13,263.78,95.95166426567596,87.0,93.3,72.2,76.5,300.0,270.0,-36.22000000000003,0.0,0.0,1.0,0.8792666666666665,0.0,19000.0,Below Threshold,Below Threshold
2025-06-01,P0057,ClinicA,Dermatology,1.0,279000,325,205.7,40660.33,205.7,197.66810889645117,74.3,91.0,77.7,69.0,325.0,292.5,-119.30000000000001,0.0,0.0,0.9,0.6329230769230769,0.0,23250.0,Below Threshold,Below Threshold
2025-06-01,P0058,Clinic B,General Surgery,0.75,440000,231,1195.51,185541.57,1594.0133333333333,155.1986767153767,80.6,86.9,72.4,87.8,318.75,286.875,876.76,908.635,45431.75,1.0,3.750619607843137,45431.75,82098.41666666666,Above Target,Eligible
2025-06-01,P0059,ClinicA,Cardiology,0.5,332000,169,128.48,34343.44,256.96,267.3057285180573,85.0,82.3,77.9,69.4,225.0,202.5,-96.52000000000001,0.0,0.0,1.0,0.5710222222222222,0.0,27666.666666666668,Below Threshold,Below Threshold
2025-06-01,P0060,Clinic B,Dermatology,1.0,325000,325,206.1,40445.74,206.1,196.24327996118387,84.6,94.8,81.2,71.5,325.0,292.5,-118.9,0.0,0.0,1.0,0.6341538461538462,0.0,27083.333333333332,Below Threshold,Below Threshold
2025-06-01,P0061,Clinic C,OBGYN,1.0,297000,327,2196.21,418991.12,2196.21,190.77916956939455,87.8,85.8,94.3,75.2,375.0,337.5,1821.21,1858.71,92935.5,1.0,5.85656,92935.5,117685.5,Above Target,Eligible
2025-06-01,P0062,ClinicA,Pediatrics,1.0,220000,356,291.46999999999997,27867.07,291.46999999999997,95.60870758568636,76.5,99.0,76.2,93.8,300.0,270.0,-8.53000000000003,21.46999999999997,1073.4999999999986,0.9,0.9715666666666666,966.1499999999988,19299.48333333333,At / Near Target,Eligible
2025-06-01,P0063,ClinicA,Orthopedics,0.5,412000,151,1023.2,183779.04,2046.4,179.6120406567631,82.3,82.2,72.9,99.0,237.5,213.75,785.7,809.45,40472.5,1.0,4.30821052631579,40472.5,74805.83333333334,Above Target,Eligible
2025-06-01,P0064,ClinicA,Orthopedics,1.0,336000,317,2154.4,389978.76,2154.4,181.01502042331973,94.4,84.2,68.1,81.5,475.0,427.5,1679.4,1726.9,86345.0,1.1,4.535578947368421,94979.50000000001,122979.50000000001,Above Target,Eligible
2025-06-01,P0065,ClinicA,Primary Care,1.0,199000,290,499.55,47070.79,499.55,94.22638374537084,95.9,76.8,77.0,81.7,350.0,315.0,149.55,184.55,9227.5,1.1,1.4272857142857143,10150.25,26733.583333333332,Above Target,Eligible
2025-06-01,P0066,ClinicA,OBGYN,1.0,336000,305,2006.24,384790.6,2006.24,191.79689369168193,83.8,90.1,73.8,84.1,375.0,337.5,1631.24,1668.74,83437.0,1.0,5.349973333333334,83437.0,111437.0,Above Target,Eligible
2025-06-01,P0067,ClinicA,Primary Care,1.0,237000,331,534.14,51391.55,534.14,96.21363312989105,81.2,87.1,86.5,91.9,350.0,315.0,184.14,219.14,10957.0,1.0,1.5261142857142858,10957.0,30707.0,Above Target,Eligible
2025-06-01,P0068,Clinic B,Orthopedics,1.0,322000,304,2124.8,384395.61,2124.8,180.909078501506,86.0,92.9,82.1,82.7,475.0,427.5,1649.8000000000002,1697.3000000000002,84865.00000000001,1.0,4.4732631578947375,84865.00000000001,111698.33333333334,Above Target,Eligible
2025-06-01,P0069,ClinicA,Dermatology,0.75,263000,231,145.7,28925.94,194.26666666666665,198.53081674673987,73.6,89.7,73.8,78.0,243.75,219.375,-98.05000000000001,0.0,0.0,0.9,0.5977435897435897,0.0,21916.666666666668,Below Threshold,Below Threshold
2025-06-01,P0070,Clinic C,Primary Care,0.75,220000,232,372.57,35608.48,496.76,95.57527444507073,91.2,89.4,71.8,81.7,262.5,236.25,110.07,136.32,6816.0,1.1,1.4193142857142858,7497.6,25830.933333333334,Above Target,Eligible
2025-06-01,P0071,Clinic B,Dermatology,1.0,270000,320,201.2,39834.97,201.2,197.98692842942347,87.1,85.6,63.0,78.4,325.0,292.5,-123.80000000000001,0.0,0.0,1.0,0.6190769230769231,0.0,22500.0,Below Threshold,Below Threshold
2025-06-01,P0072,Clinic B,Dermatology,1.0,324000,311,194.1,38285.36,194.1,197.2455435342607,74.1,88.1,71.6,84.5,325.0,292.5,-130.9,0.0,0.0,0.9,0.5972307692307692,0.0,27000.0,Below Threshold,Below Threshold
2025-06-01,P0073,ClinicA,OBGYN,0.75,342000,219,1489.2,284451.04,1985.6000000000001,191.00929358044587,70.9,77.9,79.4,85.9,281.25,253.125,1207.95,1236.075,61803.75,0.9,5.294933333333334,55623.375,84123.375,Above Target,Eligible
2025-06-01,P0074,Clinic B,Primary Care,1.0,219000,304,516.22,48812.39,516.22,94.5573398938437,85.1,95.1,71.4,92.3,350.0,315.0,166.22000000000003,201.22000000000003,10061.000000000002,1.0,1.4749142857142858,10061.000000000002,28311.0,Above Target,Eligible
2025-06-01,P0075,Clinic B,Pediatrics,1.0,197000,316,255.04,24615.24,255.04,96.51521329987455,85.6,79.2,83.4,89.0,300.0,270.0,-44.96000000000001,0.0,0.0,1.0,0.8501333333333333,0.0,16416.666666666668,Below Threshold,Below Threshold
2025-06-01,P0076,Clinic B,Dermatology,0.5,306000,153,96.5,18931.62,193.0,196.1825906735751,85.3,91.1,75.1,73.5,162.5,146.25,-66.0,0.0,0.0,1.0,0.5938461538461538,0.0,25500.0,Below Threshold,Below Threshold
2025-06-01,P0077,Clinic B,Cardiology,0.75,297000,260,210.45,55926.97,280.59999999999997,265.74944167260634,86.8,91.8,59.9,99.0,337.5,303.75,-127.05000000000001,0.0,0.0,1.0,0.6235555555555555,0.0,24750.0,Below Threshold,Below Threshold
2025-06-01,P0078,Clinic B,OBGYN,1.0,306000,306,2143.72,410813.24,2143.72,191.63568003284013,76.8,90.9,69.5,83.0,375.0,337.5,1768.7199999999998,1806.2199999999998,90310.99999999999,0.9,5.716586666666666,81279.9,106779.9,Above Target,Eligible
2025-06-01,P0079,Clinic B,Cardiology,1.0,336000,304,241.87,64601.4,241.87,267.09141274238226,88.8,94.6,97.2,99.0,450.0,405.0,-208.13,0.0,0.0,1.0,0.5374888888888889,0.0,28000.0,Below Threshold,Below Threshold
2025-06-01,P0080,Clinic B,General Surgery,0.5,316000,167,860.02,135327.87,1720.04,157.35432896909373,82.7,80.9,73.5,68.7,212.5,191.25,647.52,668.77,33438.5,1.0,4.047152941176471,33438.5,59771.83333333333,Above Target,Eligible
2025-07-01,P0001,Clinic D,Primary Care,1.0,242000,320,546.91,51471.7,546.91,94.11365672596953,92.7,76.2,70.2,95.5,350.0,315.0,196.90999999999997,231.90999999999997,11595.499999999998,1.1,1.5626,12755.05,32921.71666666667,Above Target,Eligible
2025-07-01,P0002,Clinic C,Primary Care,0.5,249000,166,272.8,26075.6,545.6,95.58504398826979,86.6,89.9,78.2,79.7,175.0,157.5,97.80000000000001,115.30000000000001,5765.000000000001,1.0,1.558857142857143,5765.000000000001,26515.0,Above Target,Eligible
2025-07-01,P0003,Clinic C,OBGYN,1.0,254000,336,2212.9700000000003,419002.86,2212.9700000000003,189.339602434737,89.5,90.9,81.9,71.4,375.0,337.5,1837.9700000000003,1875.4700000000003,93773.50000000001,1.0,5.901253333333334,93773.50000000001,114940.16666666669,Above Target,Eligible
2025-07-01,P0004,Clinic B,OBGYN,1.0,342000,320,2141.2400000000002,408806.87,2141.2400000000002,190.92062076180156,85.0,89.6,70.9,71.6,375.0,337.5,1766.2400000000002,1803.7400000000002,90187.00000000001,1.0,5.709973333333334,90187.00000000001,118687.00000000001,Above Target,Eligible
2025-07-01,P0005,Clinic B,OBGYN,1.0,289000,335,2284.27,437683.75,2284.27,191.60771274849296,75.8,87.2,79.7,79.9,375.0,337.5,1909.27,1946.77,97338.5,0.9,6.091386666666667,87604.65000000001,111687.98333333334,Above Target,Eligible
2025-07-01,P0006,ClinicA,Pediatrics,1.0,184000,364,291.74,28051.9,291.74,96.15376705285529,85.3,85.5,85.8,65.4,300.0,270.0,-8.259999999999991,21.74000000000001,1087.0000000000005,1.0,0.9724666666666667,1087.0000000000005,16420.333333333336,At / Near Target,Eligible
2025-07-01,P0007,Clinic B,Dermatology,1.0,326000,326,205.39999999999998,40649.56,205.39999999999998,197.90438169425514,95.8,86.9,82.4,81.8,325.0,292.5,-119.60000000000002,0.0,0.0,1.1,0.6319999999999999,0.0,27166.666666666668,Below Threshold,Below Threshold
2025-07-01,P0008,ClinicA,General Surgery,1.0,434000,350,1724.64,261699.23,1724.64,151.74136631412932,80.6,87.8,65.0,78.7,425.0,382.5,1299.64,1342.14,67107.0,1.0,4.057976470588236,67107.0,103273.66666666666,Above Target,Eligible
2025-07-01,P0009,Clinic B,General Surgery,0.75,370000,278,1309.72,196947.18,1746.2933333333333,150.37349967932076,79.1,88.5,74.3,70.5,318.75,286.875,990.97,1022.845,51142.25,0.9,4.108925490196079,46028.025,76861.35833333334,Above Target,Eligible
2025-07-01,P0010,ClinicA,Pediatrics,0.75,221000,260,222.22,20939.4,296.29333333333335,94.22824228242283,77.6,85.5,86.1,58.7,225.0,202.5,-2.780000000000001,19.72,986.0,0.9,0.9876444444444444,887.4,19304.06666666667,At / Near Target,Eligible
2025-07-01,P0011,Clinic B,Dermatology,1.0,283000,373,237.5,46975.8,237.5,197.79284210526316,78.6,84.8,88.1,76.1,325.0,292.5,-87.5,0.0,0.0,0.9,0.7307692307692307,0.0,23583.333333333332,Below Threshold,Below Threshold
2025-07-01,P0012,ClinicA,Dermatology,1.0,269000,316,195.4,38474.26,195.4,196.9,71.8,86.0,72.2,98.0,325.0,292.5,-129.6,0.0,0.0,0.9,0.6012307692307692,0.0,22416.666666666668,Below Threshold,Below Threshold
2025-07-01,P0013,ClinicA,Pediatrics,1.0,194000,342,306.92,28568.63,306.92,93.08168252313307,85.6,92.9,60.1,83.6,300.0,270.0,6.920000000000016,36.920000000000016,1846.000000000001,1.0,1.0230666666666668,1846.000000000001,18012.666666666668,Above Target,Eligible
2025-07-01,P0014,Clinic B,Pediatrics,1.0,230000,350,300.39,28204.18,300.39,93.89187389726689,84.9,88.4,82.3,88.5,300.0,270.0,0.38999999999998636,30.389999999999986,1519.4999999999993,1.0,1.0012999999999999,1519.4999999999993,20686.166666666668,Above Target,Eligible
2025-07-01,P0015,Clinic B,General Surgery,1.0,425000,329,1562.2,235520.36,1562.2,150.7619766995263,99.0,90.7,73.0,77.4,425.0,382.5,1137.2,1179.7,58985.0,1.1,3.675764705882353,64883.50000000001,100300.16666666667,Above Target,Eligible
2025-07-01,P0016,Clinic B,Pediatrics,1.0,197000,367,305.07,29048.34,305.07,95.21860556593569,87.1,91.0,74.7,79.8,300.0,270.0,5.069999999999993,35.06999999999999,1753.4999999999995,1.0,1.0169,1753.4999999999995,18170.166666666668,Above Target,Eligible
2025-07-01,P0017,Clinic B,Cardiology,0.75,304000,293,240.0,63841.58,320.0,266.00658333333337,80.7,93.3,74.2,85.2,337.5,303.75,-97.5,0.0,0.0,1.0,0.7111111111111111,0.0,25333.333333333332,Below Threshold,Below Threshold
2025-07-01,P0018,ClinicA,OBGYN,1.0,313000,321,2158.27,410598.49,2158.27,190.24426508268195,75.8,96.6,78.4,90.9,375.0,337.5,1783.27,1820.77,91038.5,0.9,5.755386666666666,81934.65000000001,108017.98333333334,Above Target,Eligible
2025-07-01,P0019,Clinic B,Pediatrics,1.0,208000,306,249.93,23864.34,249.93,95.48409554675308,66.2,93.9,71.5,86.4,300.0,270.0,-50.06999999999999,0.0,0.0,0.75,0.8331000000000001,0.0,17333.333333333332,Below Threshold,Below Threshold
2025-07-01,P0020,Clinic B,Pediatrics,0.75,187000,271,239.25,22212.34,319.0,92.84154649947753,82.0,83.3,71.9,79.8,225.0,202.5,14.25,36.75,1837.5,1.0,1.0633333333333332,1837.5,17420.833333333336,Above Target,Eligible
2025-07-01,P0021,Clinic B,Pediatrics,1.0,214000,384,306.57,29498.51,306.57,96.22112404997227,67.7,86.0,85.8,85.4,300.0,270.0,6.569999999999993,36.56999999999999,1828.4999999999995,0.75,1.0219,1371.3749999999995,19204.708333333332,Above Target,Eligible
2025-07-01,P0022,Clinic D,Primary Care,1.0,223000,321,539.32,50864.01,539.32,94.31137358154713,91.1,81.4,70.2,89.9,350.0,315.0,189.32000000000005,224.32000000000005,11216.000000000002,1.1,1.540914285714286,12337.600000000002,30920.933333333334,Above Target,Eligible
2025-07-01,P0023,Clinic C,Primary Care,1.0,192000,344,574.18,54304.86,574.18,94.57811139363963,72.4,86.3,83.2,68.6,350.0,315.0,224.17999999999995,259.17999999999995,12958.999999999998,0.9,1.6405142857142856,11663.099999999999,27663.1,Above Target,Eligible
2025-07-01,P0024,ClinicA,Orthopedics,0.75,361000,285,1994.4,358138.32,2659.2000000000003,179.5719614921781,88.2,90.7,70.8,70.9,356.25,320.625,1638.15,1673.775,83688.75,1.0,5.598315789473684,83688.75,113772.08333333333,Above Target,Eligible
2025-07-01,P0025,Clinic B,Dermatology,0.75,256000,239,152.1,29864.99,202.79999999999998,196.3510190664037,88.7,87.4,76.1,87.1,243.75,219.375,-91.65,0.0,0.0,1.0,0.624,0.0,21333.333333333332,Below Threshold,Below Threshold
2025-07-01,P0026,ClinicA,OBGYN,0.75,313000,238,1652.17,315874.54,2202.8933333333334,191.18767439186038,70.1,81.9,72.7,71.9,281.25,253.125,1370.92,1399.045,69952.25,0.9,5.874382222222223,62957.025,89040.35833333334,Above Target,Eligible
2025-07-01,P0027,Clinic C,Primary Care,1.0,230000,348,568.61,54563.9,568.61,95.96014843214154,89.6,87.9,83.8,87.9,350.0,315.0,218.61,253.61,12680.5,1.0,1.6246,12680.5,31847.166666666668,Above Target,Eligible
2025-07-01,P0028,ClinicA,Orthopedics,1.0,325000,339,2402.4,431135.28,2402.4,179.46023976023977,95.2,77.7,79.2,86.5,475.0,427.5,1927.4,1974.9,98745.0,1.1,5.057684210526316,108619.50000000001,135702.83333333334,Above Target,Eligible
2025-07-01,P0029,ClinicA,Orthopedics,0.5,408000,166,900.8,163378.73,1801.6,181.37070381882774,86.0,88.5,69.4,79.3,237.5,213.75,663.3,687.05,34352.5,1.0,3.7928421052631576,34352.5,68352.5,Above Target,Eligible
2025-07-01,P0030,ClinicA,General Surgery,0.75,375000,230,1253.07,197277.63999999998,1670.76,157.43545053348976,93.5,87.3,81.8,90.3,318.75,286.875,934.3199999999999,966.1949999999999,48309.75,1.1,3.9311999999999996,53140.725000000006,84390.725,Above Target,Eligible
2025-07-01,P0031,ClinicA,Dermatology,1.0,295000,333,211.29999999999998,41579.63,211.29999999999998,196.78007572172268,90.8,85.3,69.4,68.3,325.0,292.5,-113.70000000000002,0.0,0.0,1.1,0.6501538461538461,0.0,24583.333333333332,Below Threshold,Below Threshold
2025-07-01,P0032,ClinicA,Cardiology,1.0,356000,325,228.15,61469.24,228.15,269.42467674775367,82.8,86.1,76.2,80.6,450.0,405.0,-221.85,0.0,0.0,1.0,0.507,0.0,29666.666666666668,Below Threshold,Below Threshold
2025-07-01,P0033,ClinicA,General Surgery,0.5,318000,174,937.02,146130.91,1874.04,155.95281850974365,73.6,86.3,95.7,84.7,212.5,191.25,724.52,745.77,37288.5,0.9,4.409505882352941,33559.65,60059.65,Above Target,Eligible
2025-07-01,P0034,Clinic B,Orthopedics,1.0,405000,311,2015.2,364603.18,2015.2,180.92654823342596,79.9,85.3,65.4,86.8,475.0,427.5,1540.2,1587.7,79385.0,0.9,4.2425263157894735,71446.5,105196.5,Above Target,Eligible
2025-07-01,P0035,ClinicA,Pediatrics,1.0,227000,367,294.65,28484.2,294.65,96.67130493806212,73.2,90.6,81.6,97.7,300.0,270.0,-5.350000000000023,24.649999999999977,1232.4999999999989,0.9,0.9821666666666666,1109.249999999999,20025.916666666668,At / Near Target,Eligible
2025-07-01,P0036,Clinic B,Cardiology,1.0,313000,335,260.44,70120.51,260.44,269.23863461833815,80.4,93.5,58.9,85.9,450.0,405.0,-189.56,0.0,0.0,1.0,0.5787555555555556,0.0,26083.333333333332,Below Threshold,Below Threshold
2025-07-01,P0037,ClinicA,Primary Care,1.0,217000,337,562.52,53400.35,562.52,94.9305802460357,78.3,84.8,74.0,81.1,350.0,315.0,212.51999999999998,247.51999999999998,12376.0,0.9,1.6072,11138.4,29221.73333333333,Above Target,Eligible
2025-07-01,P0038,ClinicA,General Surgery,1.0,387000,325,1646.75,254441.48,1646.75,154.51129801123426,83.6,90.0,92.9,70.6,425.0,382.5,1221.75,1264.25,63212.5,1.0,3.874705882352941,63212.5,95462.5,Above Target,Eligible
2025-07-01,P0039,ClinicA,Pediatrics,1.0,226000,342,271.19,26295.06,271.19,96.96176112688522,96.3,91.1,60.0,72.9,300.0,270.0,-28.810000000000002,1.1899999999999977,59.499999999999886,1.1,0.9039666666666667,65.44999999999987,18898.783333333333,At / Near Target,Eligible
2025-07-01,P0040,Clinic B,Pediatrics,1.0,218000,343,299.24,28081.07,299.24,93.84129795481887,90.4,89.7,68.9,76.0,300.0,270.0,-0.7599999999999909,29.24000000000001,1462.0000000000005,1.1,0.9974666666666667,1608.2000000000007,19774.86666666667,At / Near Target,Eligible
2025-07-01,P0041,Clinic C,Primary Care,1.0,195000,344,579.93,54696.62,579.93,94.31590019485111,90.3,82.2,73.5,71.1,350.0,315.0,229.92999999999995,264.92999999999995,13246.499999999998,1.1,1.656942857142857,14571.15,30821.15,Above Target,Eligible
2025-07-01,P0042,Clinic B,OBGYN,0.5,294000,177,1079.08,203500.08,2158.16,188.58664788523558,76.7,91.3,55.1,90.6,187.5,168.75,891.5799999999999,910.3299999999999,45516.5,0.9,5.755093333333333,40964.85,65464.85,Above Target,Eligible
2025-07-01,P0043,ClinicA,Cardiology,0.75,292000,264,203.15,54181.02,270.8666666666667,266.7045040610386,76.6,86.2,87.0,84.1,337.5,303.75,-134.35,0.0,0.0,0.9,0.601925925925926,0.0,24333.333333333332,Below Threshold,Below Threshold
2025-07-01,P0044,Clinic B,Cardiology,0.75,391000,274,226.13,60123.42,301.50666666666666,265.87989209746604,78.6,88.7,76.6,99.0,337.5,303.75,-111.37,0.0,0.0,0.9,0.6700148148148148,0.0,32583.333333333332,Below Threshold,Below Threshold
2025-07-01,P0045,Clinic B,Dermatology,1.0,309000,323,205.1,40389.67,205.1,196.92671867381765,86.7,80.3,84.5,81.7,325.0,292.5,-119.9,0.0,0.0,1.0,0.6310769230769231,0.0,25750.0,Below Threshold,Below Threshold
2025-07-01,P0046,ClinicA,Orthopedics,1.0,372000,329,2144.8,387492.76,2144.8,180.666150690041,98.5,94.9,73.4,95.6,475.0,427.5,1669.8000000000002,1717.3000000000002,85865.00000000001,1.1,4.515368421052632,94451.50000000003,125451.50000000003,Above Target,Eligible
2025-07-01,P0047,Clinic B,Pediatrics,0.5,209000,159,133.92,12763.14,267.84,95.30421146953405,89.3,84.0,83.0,96.6,150.0,135.0,-16.080000000000013,0.0,0.0,1.0,0.8927999999999999,0.0,17416.666666666668,Below Threshold,Below Threshold
2025-07-01,P0048,ClinicA,General Surgery,1.0,386000,327,1643.04,251543.32,1643.04,153.096284935242,80.0,90.8,75.2,86.7,425.0,382.5,1218.04,1260.54,63027.0,1.0,3.8659764705882353,63027.0,95193.66666666667,Above Target,Eligible
2025-07-01,P0049,ClinicA,Pediatrics,0.75,200000,265,209.7,20311.93,279.59999999999997,96.86185026227945,77.9,79.1,74.1,81.7,225.0,202.5,-15.300000000000011,7.199999999999989,359.99999999999943,0.9,0.9319999999999999,323.9999999999995,16990.666666666668,At / Near Target,Eligible
2025-07-01,P0050,Clinic B,Pediatrics,1.0,181000,356,297.91,28263.86,297.91,94.87382095263669,85.5,88.6,66.4,85.9,300.0,270.0,-2.089999999999975,27.910000000000025,1395.5000000000014,1.0,0.9930333333333334,1395.5000000000014,16478.833333333336,At / Near Target,Eligible
2025-07-01,P0051,Clinic B,Orthopedics,1.0,321000,341,2135.2,386799.73,2135.2,181.15386380666916,87.7,84.3,78.1,76.3,475.0,427.5,1660.1999999999998,1707.6999999999998,85384.99999999999,1.0,4.495157894736842,85384.99999999999,112134.99999999999,Above Target,Eligible
2025-07-01,P0052,Clinic B,Orthopedics,0.75,401000,236,1801.6,320920.58,2402.133333333333,178.1308725577265,77.0,84.2,62.9,90.3,356.25,320.625,1445.35,1480.975,74048.75,0.9,5.057122807017544,66643.875,100060.54166666666,Above Target,Eligible
2025-07-01,P0053,Clinic B,Primary Care,1.0,234000,356,590.03,55839.17,590.03,94.63784892293613,71.6,92.3,76.4,89.8,350.0,315.0,240.02999999999997,275.03,13751.499999999998,0.9,1.6858,12376.349999999999,31876.35,Above Target,Eligible
2025-07-01,P0054,Clinic B,Dermatology,0.75,342000,279,176.29999999999998,34818.65,235.06666666666663,197.49659671015317,83.2,93.5,90.7,77.0,243.75,219.375,-67.45000000000002,0.0,0.0,1.0,0.7232820512820513,0.0,28500.0,Below Threshold,Below Threshold
2025-07-01,P0055,ClinicA,Dermatology,0.5,305000,179,113.1,22391.5,226.2,197.97966401414678,89.6,84.2,71.5,82.2,162.5,146.25,-49.400000000000006,0.0,0.0,1.0,0.696,0.0,25416.666666666668,Below Threshold,Below Threshold
2025-07-01,P0056,ClinicA,Pediatrics,1.0,228000,312,260.07,24742.7,260.07,95.13861652631984,87.9,84.8,98.4,75.9,300.0,270.0,-39.93000000000001,0.0,0.0,1.0,0.8669,0.0,19000.0,Below Threshold,Below Threshold
2025-07-01,P0057,ClinicA,Dermatology,1.0,279000,348,218.6,43210.27,218.6,197.66820677035682,75.3,99.0,80.2,83.7,325.0,292.5,-106.4,0.0,0.0,0.9,0.6726153846153846,0.0,23250.0,Below Threshold,Below Threshold
2025-07-01,P0058,Clinic B,General Surgery,0.75,440000,249,1196.4,182697.62,1595.2,152.7061350718823,94.8,92.0,83.7,78.9,318.75,286.875,877.6500000000001,909.5250000000001,45476.25000000001,1.1,3.7534117647058824,50023.875000000015,86690.54166666669,Above Target,Eligible
2025-07-01,P0059,ClinicA,Cardiology,0.5,332000,155,124.77,33185.92,249.54,265.9767572333093,84.5,89.2,74.8,97.6,225.0,202.5,-100.23,0.0,0.0,1.0,0.5545333333333333,0.0,27666.666666666668,Below Threshold,Below Threshold
2025-07-01,P0060,Clinic B,Dermatology,1.0,325000,339,213.5,42031.98,213.5,196.87110070257611,86.9,77.0,76.1,98.8,325.0,292.5,-111.5,0.0,0.0,1.0,0.6569230769230769,0.0,27083.333333333332,Below Threshold,Below Threshold
2025-07-01,P0061,Clinic C,OBGYN,1.0,297000,327,2188.18,418369.24,2188.18,191.19507535943114,94.2,78.6,72.2,82.4,375.0,337.5,1813.1799999999998,1850.6799999999998,92533.99999999999,1.1,5.835146666666666,101787.4,126537.4,Above Target,Eligible
2025-07-01,P0062,ClinicA,Pediatrics,1.0,220000,332,283.27,26632.43,283.27,94.01782751438557,84.3,99.0,72.6,81.8,300.0,270.0,-16.730000000000018,13.269999999999982,663.4999999999991,1.0,0.9442333333333333,663.4999999999991,18996.833333333332,At / Near Target,Eligible
2025-07-01,P0063,ClinicA,Orthopedics,0.5,412000,154,1121.6,203311.85,2243.2,181.26948109843084,78.6,96.2,89.7,90.6,237.5,213.75,884.0999999999999,907.8499999999999,45392.49999999999,0.9,4.722526315789473,40853.24999999999,75186.58333333333,Above Target,Eligible
2025-07-01,P0064,ClinicA,Orthopedics,1.0,336000,331,1896.8,344670.34,1896.8,181.7114824968368,94.1,95.5,86.4,83.5,475.0,427.5,1421.8,1469.3,73465.0,1.1,3.9932631578947366,80811.5,108811.5,Above Target,Eligible
2025-07-01,P0065,ClinicA,Primary Care,1.0,199000,350,578.59,54722.49,578.59,94.57904561088162,84.8,82.5,68.7,85.5,350.0,315.0,228.59000000000003,263.59000000000003,13179.500000000002,1.0,1.6531142857142858,13179.500000000002,29762.833333333336,Above Target,Eligible
2025-07-01,P0066,ClinicA,OBGYN,1.0,336000,326,2219.33,424019.26,2219.33,191.05732811253847,87.2,86.8,99.0,74.0,375.0,337.5,1844.33,1881.83,94091.5,1.0,5.918213333333333,94091.5,122091.5,Above Target,Eligible
2025-07-01,P0067,ClinicA,Primary Care,1.0,237000,353,587.26,55831.58,587.26,95.07131423900827,91.8,81.8,94.8,80.2,350.0,315.0,237.26,272.26,13613.0,1.1,1.6778857142857142,14974.300000000001,34724.3,Above Target,Eligible
2025-07-01,P0068,Clinic B,Orthopedics,1.0,322000,327,2047.2,372330.5,2047.2,181.8730461117624,78.6,85.8,91.8,84.1,475.0,427.5,1572.2,1619.7,80985.0,0.9,4.3098947368421054,72886.5,99719.83333333333,Above Target,Eligible
2025-07-01,P0069,ClinicA,Dermatology,0.75,263000,258,161.4,31848.36,215.20000000000002,197.3256505576208,75.8,85.5,87.0,91.3,243.75,219.375,-82.35,0.0,0.0,0.9,0.6621538461538462,0.0,21916.666666666668,Below Threshold,Below Threshold
2025-07-01,P0070,Clinic C,Primary Care,0.75,220000,248,422.65,39630.94,563.5333333333333,93.76775109428607,92.5,78.5,86.7,89.6,262.5,236.25,160.14999999999998,186.39999999999998,9319.999999999998,1.1,1.610095238095238,10251.999999999998,28585.33333333333,Above Target,Eligible
2025-07-01,P0071,Clinic B,Dermatology,1.0,270000,342,218.6,43160.76,218.6,197.44172003659654,88.1,83.8,74.4,75.2,325.0,292.5,-106.4,0.0,0.0,1.0,0.6726153846153846,0.0,22500.0,Below Threshold,Below Threshold
2025-07-01,P0072,Clinic B,Dermatology,1.0,324000,397,253.1,49886.59,253.1,197.102291584354,88.4,78.5,74.1,74.5,325.0,292.5,-71.9,0.0,0.0,1.0,0.7787692307692308,0.0,27000.0,Below Threshold,Below Threshold
2025-07-01,P0073,ClinicA,OBGYN,0.75,342000,242,1607.8700000000001,305947.95,2143.826666666667,190.28152151604294,91.0,93.7,65.1,80.1,281.25,253.125,1326.6200000000001,1354.7450000000001,67737.25,1.1,5.716871111111112,74510.975,103010.975,Above Target,Eligible
2025-07-01,P0074,Clinic B,Primary Care,1.0,219000,354,599.02,56443.72,599.02,94.22677039163969,99.0,91.2,96.4,75.8,350.0,315.0,249.01999999999998,284.02,14201.0,1.1,1.7114857142857143,15621.1,33871.1,Above Target,Eligible
2025-07-01,P0075,Clinic B,Pediatrics,1.0,197000,323,258.21999999999997,24924.86,258.21999999999997,96.52567578034235,86.5,84.8,84.0,82.4,300.0,270.0,-41.78000000000003,0.0,0.0,1.0,0.8607333333333332,0.0,16416.666666666668,Below Threshold,Below Threshold
2025-07-01,P0076,Clinic B,Dermatology,0.5,306000,155,98.1,19391.57,196.2,197.67145769622834,98.6,87.5,74.8,80.6,162.5,146.25,-64.4,0.0,0.0,1.1,0.6036923076923076,0.0,25500.0,Below Threshold,Below Threshold
2025-07-01,P0077,Clinic B,Cardiology,0.75,297000,284,231.82,62319.69,309.0933333333333,268.8279268397895,87.9,85.6,89.7,84.9,337.5,303.75,-105.68,0.0,0.0,1.0,0.6868740740740741,0.0,24750.0,Below Threshold,Below Threshold
2025-07-01,P0078,Clinic B,OBGYN,1.0,306000,385,2501.4,476260.2,2501.4,190.39745742384264,89.1,99.0,71.8,67.6,375.0,337.5,2126.4,2163.9,108195.0,1.0,6.6704,108195.0,133695.0,Above Target,Eligible
2025-07-01,P0079,Clinic B,Cardiology,1.0,336000,366,272.36,73328.38,272.36,269.23329416948155,76.4,92.1,77.4,88.6,450.0,405.0,-177.64,0.0,0.0,0.9,0.6052444444444445,0.0,28000.0,Below Threshold,Below Threshold
2025-07-01,P0080,Clinic B,General Surgery,0.5,316000,171,912.59,142518.68,1825.18,156.1694517800984,92.2,80.0,94.5,90.8,212.5,191.25,700.09,721.34,36067.0,1.1,4.294541176470588,39673.700000000004,66007.03333333334,Above Target,Eligible
2025-08-01,P0001,Clinic D,Primary Care,1.0,242000,311,500.35,47950.11,500.35,95.83313680423703,81.9,84.1,74.2,74.8,350.0,315.0,150.35000000000002,185.35000000000002,9267.500000000002,1.0,1.4295714285714287,9267.500000000002,29434.16666666667,Above Target,Eligible
2025-08-01,P0002,Clinic C,Primary Care,0.5,249000,157,240.72,23308.29,481.44,96.8273928215354,77.5,77.3,89.7,84.4,175.0,157.5,65.72,83.22,4161.0,0.9,1.3755428571428572,3744.9,24494.9,Above Target,Eligible
2025-08-01,P0003,Clinic C,OBGYN,1.0,254000,338,2158.7,410295.15,2158.7,190.06584981701954,84.0,99.0,72.9,89.5,375.0,337.5,1783.6999999999998,1821.1999999999998,91059.99999999999,1.0,5.756533333333333,91059.99999999999,112226.66666666666,Above Target,Eligible
2025-08-01,P0004,Clinic B,OBGYN,1.0,342000,287,1916.51,366381.28,1916.51,191.17107659234756,90.7,85.5,73.0,81.8,375.0,337.5,1541.51,1579.01,78950.5,1.1,5.110693333333333,86845.55,115345.55,Above Target,Eligible
2025-08-01,P0005,Clinic B,OBGYN,1.0,289000,337,2197.88,420054.96,2197.88,191.11824121426102,74.6,84.7,89.3,84.0,375.0,337.5,1822.88,1860.38,93019.0,0.9,5.861013333333333,83717.1,107800.43333333333,Above Target,Eligible
2025-08-01,P0006,ClinicA,Pediatrics,1.0,184000,302,262.98,24640.72,262.98,93.69807589930792,84.5,85.2,70.5,83.2,300.0,270.0,-37.01999999999998,0.0,0.0,1.0,0.8766,0.0,15333.333333333334,Below Threshold,Below Threshold
2025-08-01,P0007,Clinic B,Dermatology,1.0,326000,305,192.7,37831.67,192.7,196.3241826673586,85.3,84.6,83.5,82.7,325.0,292.5,-132.3,0.0,0.0,1.0,0.5929230769230769,0.0,27166.666666666668,Below Threshold,Below Threshold
2025-08-01,P0008,ClinicA,General Surgery,1.0,434000,357,1698.8,254677.48,1698.8,149.91610548622558,97.5,90.6,71.0,60.3,425.0,382.5,1273.8,1316.3,65815.0,1.1,3.997176470588235,72396.5,108563.16666666666,Above Target,Eligible
2025-08-01,P0009,Clinic B,General Surgery,0.75,370000,251,1166.98,174516.8,1555.9733333333334,149.54566487857545,87.8,86.5,67.0,71.6,318.75,286.875,848.23,880.105,44005.25,1.0,3.661113725490196,44005.25,74838.58333333333,Above Target,Eligible
2025-08-01,P0010,ClinicA,Pediatrics,0.75,221000,226,181.38,17471.88,241.84,96.32748924909032,79.8,71.6,87.2,92.1,225.0,202.5,-43.620000000000005,0.0,0.0,0.9,0.8061333333333334,0.0,18416.666666666668,Below Threshold,Below Threshold
2025-08-01,P0011,Clinic B,Dermatology,1.0,283000,332,212.6,41866.93,212.6,196.92817497648167,88.6,91.7,76.8,80.6,325.0,292.5,-112.4,0.0,0.0,1.0,0.6541538461538461,0.0,23583.333333333332,Below Threshold,Below Threshold
2025-08-01,P0012,ClinicA,Dermatology,1.0,269000,300,190.79999999999998,37661.34,190.79999999999998,197.3864779874214,65.9,81.9,81.5,80.1,325.0,292.5,-134.20000000000002,0.0,0.0,0.75,0.587076923076923,0.0,22416.666666666668,Below Threshold,Below Threshold
2025-08-01,P0013,ClinicA,Pediatrics,1.0,194000,316,252.04,24205.15,252.04,96.0369385811776,85.1,99.0,68.8,82.2,300.0,270.0,-47.96000000000001,0.0,0.0,1.0,0.8401333333333333,0.0,16166.666666666666,Below Threshold,Below Threshold
2025-08-01,P0014,Clinic B,Pediatrics,1.0,230000,306,257.51,24478.89,257.51,95.05995883655004,87.3,90.1,63.3,77.0,300.0,270.0,-42.49000000000001,0.0,0.0,1.0,0.8583666666666666,0.0,19166.666666666668,Below Threshold,Below Threshold
2025-08-01,P0015,Clinic B,General Surgery,1.0,425000,290,1441.72,218973.57,1441.72,151.88356268901035,88.2,76.5,89.0,99.0,425.0,382.5,1016.72,1059.22,52961.0,1.0,3.3922823529411765,52961.0,88377.66666666666,Above Target,Eligible
2025-08-01,P0016,Clinic B,Pediatrics,1.0,197000,300,257.42,24121.74,257.42,93.70577266723642,91.3,90.7,81.6,99.0,300.0,270.0,-42.579999999999984,0.0,0.0,1.1,0.8580666666666668,0.0,16416.666666666668,Below Threshold,Below Threshold
2025-08-01,P0017,Clinic B,Cardiology,0.75,304000,237,179.94,48150.95,239.92,267.59447593642324,88.3,91.7,69.3,82.6,337.5,303.75,-157.56,0.0,0.0,1.0,0.5331555555555555,0.0,25333.333333333332,Below Threshold,Below Threshold
2025-08-01,P0018,ClinicA,OBGYN,1.0,313000,307,2144.69,412744.9,2144.69,192.44967804204805,95.8,80.8,63.9,84.0,375.0,337.5,1769.69,1807.19,90359.5,1.1,5.719173333333334,99395.45000000001,125478.78333333334,Above Target,Eligible
2025-08-01,P0019,Clinic B,Pediatrics,1.0,208000,333,268.89,25871.32,268.89,96.21525530886237,97.8,88.8,79.3,91.6,300.0,270.0,-31.110000000000014,0.0,0.0,1.1,0.8963,0.0,17333.333333333332,Below Threshold,Below Threshold
2025-08-01,P0020,Clinic B,Pediatrics,0.75,187000,243,210.67,19885.43,280.8933333333333,94.39137038970902,76.1,94.0,68.7,90.0,225.0,202.5,-14.330000000000013,8.169999999999987,408.4999999999994,0.9,0.9363111111111111,367.64999999999947,15950.983333333334,At / Near Target,Eligible
2025-08-01,P0021,Clinic B,Pediatrics,1.0,214000,315,246.84,23999.92,246.84,97.22865013774104,96.1,92.7,89.9,77.0,300.0,270.0,-53.16,0.0,0.0,1.1,0.8228,0.0,17833.333333333332,Below Threshold,Below Threshold
2025-08-01,P0022,Clinic D,Primary Care,1.0,223000,276,460.08,43513.94,460.08,94.57907320466006,77.6,93.2,84.8,81.4,350.0,315.0,110.07999999999998,145.07999999999998,7253.999999999999,0.9,1.3145142857142857,6528.599999999999,25111.93333333333,Above Target,Eligible
2025-08-01,P0023,Clinic C,Primary Care,1.0,192000,319,534.7,50523.13,534.7,94.48874135028987,75.5,83.5,63.5,89.1,350.0,315.0,184.70000000000005,219.70000000000005,10985.000000000002,0.9,1.5277142857142858,9886.500000000002,25886.5,Above Target,Eligible
2025-08-01,P0024,ClinicA,Orthopedics,0.75,361000,260,1724.8,311697.34,2299.733333333333,180.7150626159555,99.0,80.3,78.8,74.8,356.25,320.625,1368.55,1404.175,70208.75,1.1,4.841543859649122,77229.625,107312.95833333333,Above Target,Eligible
2025-08-01,P0025,Clinic B,Dermatology,0.75,256000,250,159.4,31524.95,212.53333333333333,197.77258469259723,84.9,86.8,68.7,83.8,243.75,219.375,-84.35,0.0,0.0,1.0,0.653948717948718,0.0,21333.333333333332,Below Threshold,Below Threshold
2025-08-01,P0026,ClinicA,OBGYN,0.75,313000,256,1693.72,324364.8,2258.2933333333335,191.51028505301937,82.7,82.4,78.1,79.0,281.25,253.125,1412.47,1440.595,72029.75,1.0,6.022115555555556,72029.75,98113.08333333333,Above Target,Eligible
2025-08-01,P0027,Clinic C,Primary Care,1.0,230000,302,527.33,49257.71,527.33,93.40964860713405,86.2,83.4,86.5,83.4,350.0,315.0,177.33000000000004,212.33000000000004,10616.500000000002,1.0,1.506657142857143,10616.500000000002,29783.16666666667,Above Target,Eligible
2025-08-01,P0028,ClinicA,Orthopedics,1.0,325000,305,1895.2,342563.19,1895.2,180.7530550865344,92.3,94.6,79.9,76.2,475.0,427.5,1420.2,1467.7,73385.0,1.1,3.989894736842105,80723.5,107806.83333333333,Above Target,Eligible
2025-08-01,P0029,ClinicA,Orthopedics,0.5,408000,186,1339.2,239422.69,2678.4,178.7803838112306,89.3,91.7,86.8,84.2,237.5,213.75,1101.7,1125.45,56272.5,1.0,5.6387368421052635,56272.5,90272.5,Above Target,Eligible
2025-08-01,P0030,ClinicA,General Surgery,0.75,375000,236,1173.38,179219.89,1564.506666666667,152.73814961904924,97.9,90.1,89.4,67.8,318.75,286.875,854.6300000000001,886.5050000000001,44325.25000000001,1.1,3.6811921568627453,48757.77500000001,80007.77500000001,Above Target,Eligible
2025-08-01,P0031,ClinicA,Dermatology,1.0,295000,291,183.7,36211.99,183.7,197.12569406641262,71.6,96.3,67.3,99.0,325.0,292.5,-141.3,0.0,0.0,0.9,0.5652307692307692,0.0,24583.333333333332,Below Threshold,Below Threshold
2025-08-01,P0032,ClinicA,Cardiology,1.0,356000,329,258.09,68953.14,258.09,267.16703475531796,80.1,91.1,84.6,88.2,450.0,405.0,-191.91000000000003,0.0,0.0,1.0,0.5735333333333332,0.0,29666.666666666668,Below Threshold,Below Threshold
2025-08-01,P0033,ClinicA,General Surgery,0.5,318000,142,764.99,120658.78,1529.98,157.72595720205493,99.0,98.0,85.2,83.4,212.5,191.25,552.49,573.74,28687.0,1.1,3.5999529411764706,31555.700000000004,58055.700000000004,Above Target,Eligible
2025-08-01,P0034,Clinic B,Orthopedics,1.0,405000,337,2055.2,373024.97,2055.2,181.50300214091087,75.4,95.5,59.0,74.7,475.0,427.5,1580.1999999999998,1627.6999999999998,81384.99999999999,0.9,4.326736842105263,73246.49999999999,106996.49999999999,Above Target,Eligible
2025-08-01,P0035,ClinicA,Pediatrics,1.0,227000,309,271.1,25442.74,271.1,93.85001844337883,78.4,85.2,90.8,84.5,300.0,270.0,-28.899999999999977,1.1000000000000227,55.00000000000114,0.9,0.9036666666666667,49.50000000000102,18966.166666666668,At / Near Target,Eligible
2025-08-01,P0036,Clinic B,Cardiology,1.0,313000,293,253.3,67167.09,253.3,265.1681405448085,99.0,93.5,64.3,77.9,450.0,405.0,-196.7,0.0,0.0,1.1,0.5628888888888889,0.0,26083.333333333332,Below Threshold,Below Threshold
2025-08-01,P0037,ClinicA,Primary Care,1.0,217000,326,553.58,52469.71,553.58,94.78252465768271,76.6,75.3,64.2,93.4,350.0,315.0,203.58000000000004,238.58000000000004,11929.000000000002,0.9,1.5816571428571429,10736.100000000002,28819.433333333334,Above Target,Eligible
2025-08-01,P0038,ClinicA,General Surgery,1.0,387000,305,1495.31,226360.12,1495.31,151.38006165945524,78.2,93.3,72.4,66.8,425.0,382.5,1070.31,1112.81,55640.5,0.9,3.518376470588235,50076.450000000004,82326.45000000001,Above Target,Eligible
2025-08-01,P0039,ClinicA,Pediatrics,1.0,226000,298,259.54,24390.77,259.54,93.97692070586422,99.0,79.7,84.6,88.2,300.0,270.0,-40.45999999999998,0.0,0.0,1.1,0.8651333333333334,0.0,18833.333333333332,Below Threshold,Below Threshold
2025-08-01,P0040,Clinic B,Pediatrics,1.0,218000,305,253.54,24183.72,253.54,95.384239173306,66.6,83.9,64.1,67.7,300.0,270.0,-46.46000000000001,0.0,0.0,0.75,0.8451333333333333,0.0,18166.666666666668,Below Threshold,Below Threshold
2025-08-01,P0041,Clinic C,Primary Care,1.0,195000,312,522.62,49261.33,522.62,94.25840955187326,85.2,89.7,92.4,89.9,350.0,315.0,172.62,207.62,10381.0,1.0,1.4932,10381.0,26631.0,Above Target,Eligible
2025-08-01,P0042,Clinic B,OBGYN,0.5,294000,180,1194.41,230178.65,2388.82,192.71326428948183,81.1,98.5,91.8,80.4,187.5,168.75,1006.9100000000001,1025.66,51283.00000000001,1.0,6.370186666666667,51283.00000000001,75783.0,Above Target,Eligible
2025-08-01,P0043,ClinicA,Cardiology,0.75,292000,221,149.29,40310.52,199.0533333333333,270.01487038649606,85.5,87.0,99.0,81.0,337.5,303.75,-188.21,0.0,0.0,1.0,0.4423407407407407,0.0,24333.333333333332,Below Threshold,Below Threshold
2025-08-01,P0044,Clinic B,Cardiology,0.75,391000,242,182.12,48319.06,242.82666666666668,265.3144080825829,90.2,86.0,73.2,90.1,337.5,303.75,-155.38,0.0,0.0,1.1,0.5396148148148149,0.0,32583.333333333332,Below Threshold,Below Threshold
2025-08-01,P0045,Clinic B,Dermatology,1.0,309000,313,196.5,38645.52,196.5,196.66931297709922,83.2,86.2,95.6,94.2,325.0,292.5,-128.5,0.0,0.0,1.0,0.6046153846153847,0.0,25750.0,Below Threshold,Below Threshold
2025-08-01,P0046,ClinicA,Orthopedics,1.0,372000,343,2386.4,433281.63,2386.4,181.5628687562856,86.7,79.8,82.8,87.2,475.0,427.5,1911.4,1958.9,97945.0,1.0,5.024,97945.0,128945.0,Above Target,Eligible
2025-08-01,P0047,Clinic B,Pediatrics,0.5,209000,172,158.97,14570.06,317.94,91.65289048248097,76.1,87.0,77.9,99.0,150.0,135.0,8.969999999999999,23.97,1198.5,0.9,1.0598,1078.65,18495.31666666667,Above Target,Eligible
2025-08-01,P0048,ClinicA,General Surgery,1.0,386000,324,1678.6,261016.87,1678.6,155.49676516144407,75.2,93.2,69.7,84.0,425.0,382.5,1253.6,1296.1,64804.99999999999,0.9,3.9496470588235293,58324.49999999999,90491.16666666666,Above Target,Eligible
2025-08-01,P0049,ClinicA,Pediatrics,0.75,200000,222,185.0,17754.92,246.66666666666666,95.97254054054054,94.1,81.9,89.4,84.2,225.0,202.5,-40.0,0.0,0.0,1.1,0.8222222222222222,0.0,16666.666666666668,Below Threshold,Below Threshold
2025-08-01,P0050,Clinic B,Pediatrics,1.0,181000,299,255.75,24155.22,255.75,94.44856304985338,76.4,93.7,60.7,94.9,300.0,270.0,-44.25,0.0,0.0,0.9,0.8525,0.0,15083.333333333334,Below Threshold,Below Threshold
2025-08-01,P0051,Clinic B,Orthopedics,1.0,321000,322,2120.0,382588.03,2120.0,180.46605188679246,87.1,84.7,89.2,99.0,475.0,427.5,1645.0,1692.5,84625.0,1.0,4.463157894736842,84625.0,111375.0,Above Target,Eligible
2025-08-01,P0052,Clinic B,Orthopedics,0.75,401000,258,1684.8,304270.89,2246.4,180.59763176638177,81.2,87.1,83.4,97.4,356.25,320.625,1328.55,1364.175,68208.75,1.0,4.729263157894737,68208.75,101625.41666666666,Above Target,Eligible
2025-08-01,P0053,Clinic B,Primary Care,1.0,234000,293,497.91,46963.04,497.91,94.32033901709144,73.5,92.8,87.1,99.0,350.0,315.0,147.91000000000003,182.91000000000003,9145.500000000002,0.9,1.4226,8230.950000000003,27730.950000000004,Above Target,Eligible
2025-08-01,P0054,Clinic B,Dermatology,0.75,342000,209,129.1,25488.73,172.13333333333333,197.43400464756004,78.0,95.3,71.9,88.3,243.75,219.375,-114.65,0.0,0.0,0.9,0.5296410256410257,0.0,28500.0,Below Threshold,Below Threshold
2025-08-01,P0055,ClinicA,Dermatology,0.5,305000,156,98.6,19439.62,197.2,197.15638945233266,84.6,92.4,88.3,69.1,162.5,146.25,-63.900000000000006,0.0,0.0,1.0,0.6067692307692307,0.0,25416.666666666668,Below Threshold,Below Threshold
2025-08-01,P0056,ClinicA,Pediatrics,1.0,228000,297,250.37,23767.7,250.37,94.93030315133602,80.3,92.1,69.6,75.9,300.0,270.0,-49.629999999999995,0.0,0.0,1.0,0.8345666666666667,0.0,19000.0,Below Threshold,Below Threshold
2025-08-01,P0057,ClinicA,Dermatology,1.0,279000,310,193.39999999999998,38111.34,193.39999999999998,197.05966907962772,87.2,83.2,71.7,72.8,325.0,292.5,-131.60000000000002,0.0,0.0,1.0,0.5950769230769231,0.0,23250.0,Below Threshold,Below Threshold
2025-08-01,P0058,Clinic B,General Surgery,0.75,440000,209,1107.77,173432.82,1477.0266666666666,156.5603148668045,68.3,81.7,85.7,96.7,318.75,286.875,789.02,820.895,41044.75,0.75,3.475356862745098,30783.5625,67450.22916666666,Above Target,Eligible
2025-08-01,P0059,ClinicA,Cardiology,0.5,332000,155,116.79,31698.89,233.58,271.41784399349257,87.8,80.8,76.3,87.9,225.0,202.5,-108.21,0.0,0.0,1.0,0.5190666666666667,0.0,27666.666666666668,Below Threshold,Below Threshold
2025-08-01,P0060,Clinic B,Dermatology,1.0,325000,312,197.39999999999998,38908.51,197.39999999999998,197.10491388044582,73.6,85.0,67.6,85.6,325.0,292.5,-127.60000000000002,0.0,0.0,0.9,0.6073846153846153,0.0,27083.333333333332,Below Threshold,Below Threshold
2025-08-01,P0061,Clinic C,OBGYN,1.0,297000,324,2233.45,431743.36,2233.45,193.30782421813788,82.5,89.4,66.8,81.4,375.0,337.5,1858.4499999999998,1895.9499999999998,94797.49999999999,1.0,5.955866666666666,94797.49999999999,119547.49999999999,Above Target,Eligible
2025-08-01,P0062,ClinicA,Pediatrics,1.0,220000,330,293.16,27339.37,293.16,93.25750443443852,86.8,84.3,71.2,92.3,300.0,270.0,-6.839999999999975,23.160000000000025,1158.0000000000014,1.0,0.9772000000000001,1158.0000000000014,19491.333333333332,At / Near Target,Eligible
2025-08-01,P0063,ClinicA,Orthopedics,0.5,412000,147,1077.6,194202.31,2155.2,180.21743689680773,83.6,86.0,70.8,75.1,237.5,213.75,840.0999999999999,863.8499999999999,43192.49999999999,1.0,4.537263157894737,43192.49999999999,77525.83333333333,Above Target,Eligible
2025-08-01,P0064,ClinicA,Orthopedics,1.0,336000,293,1693.6,308053.3,1693.6,181.89259565422768,78.1,90.6,83.9,81.4,475.0,427.5,1218.6,1266.1,63304.99999999999,0.9,3.565473684210526,56974.49999999999,84974.5,Above Target,Eligible
2025-08-01,P0065,ClinicA,Primary Care,1.0,199000,291,492.68,46457.53,492.68,94.29554680522854,99.0,79.8,93.7,73.0,350.0,315.0,142.68,177.68,8884.0,1.1,1.407657142857143,9772.400000000001,26355.733333333334,Above Target,Eligible
2025-08-01,P0066,ClinicA,OBGYN,1.0,336000,300,1929.1200000000001,367045.65,1929.1200000000001,190.26584660363275,77.2,84.4,75.9,99.0,375.0,337.5,1554.1200000000001,1591.6200000000001,79581.0,0.9,5.1443200000000004,71622.90000000001,99622.90000000001,Above Target,Eligible
2025-08-01,P0067,ClinicA,Primary Care,1.0,237000,308,514.35,48762.53,514.35,94.80418003305142,93.0,86.0,73.0,78.9,350.0,315.0,164.35000000000002,199.35000000000002,9967.500000000002,1.1,1.4695714285714285,10964.250000000004,30714.250000000004,Above Target,Eligible
2025-08-01,P0068,Clinic B,Orthopedics,1.0,322000,281,1952.8,353496.84,1952.8,181.02050389184762,75.5,85.2,80.6,76.3,475.0,427.5,1477.8,1525.3,76265.0,0.9,4.111157894736842,68638.5,95471.83333333333,Above Target,Eligible
2025-08-01,P0069,ClinicA,Dermatology,0.75,263000,246,155.4,30638.170000000002,207.20000000000002,197.1568211068211,88.3,93.4,78.1,64.0,243.75,219.375,-88.35,0.0,0.0,1.0,0.6375384615384616,0.0,21916.666666666668,Below Threshold,Below Threshold
2025-08-01,P0070,Clinic C,Primary Care,0.75,220000,238,390.45,37106.08,520.6,95.03414009476246,97.0,91.0,68.9,77.8,262.5,236.25,127.94999999999999,154.2,7709.999999999999,1.1,1.4874285714285713,8481.0,26814.333333333332,Above Target,Eligible
2025-08-01,P0071,Clinic B,Dermatology,1.0,270000,303,193.1,38139.69,193.1,197.51263593992752,87.5,97.5,78.1,90.1,325.0,292.5,-131.9,0.0,0.0,1.0,0.5941538461538461,0.0,22500.0,Below Threshold,Below Threshold
2025-08-01,P0072,Clinic B,Dermatology,1.0,324000,301,189.1,37058.409999999996,189.1,195.97255420412478,80.6,73.8,74.2,91.0,325.0,292.5,-135.9,0.0,0.0,1.0,0.5818461538461538,0.0,27000.0,Below Threshold,Below Threshold
2025-08-01,P0073,ClinicA,OBGYN,0.75,342000,219,1521.32,292189.19,2028.4266666666665,192.0629387637052,82.6,87.6,81.0,81.4,281.25,253.125,1240.07,1268.195,63409.75,1.0,5.409137777777778,63409.75,91909.75,Above Target,Eligible
2025-08-01,P0074,Clinic B,Primary Care,1.0,219000,324,553.08,51989.26,553.08,93.99952990525783,75.8,82.1,88.6,70.5,350.0,315.0,203.08000000000004,238.08000000000004,11904.000000000002,0.9,1.5802285714285715,10713.600000000002,28963.600000000002,Above Target,Eligible
2025-08-01,P0075,Clinic B,Pediatrics,1.0,197000,334,291.65,27455.91,291.65,94.13992799588549,76.5,91.0,76.6,70.4,300.0,270.0,-8.350000000000023,21.649999999999977,1082.4999999999989,0.9,0.9721666666666666,974.249999999999,17390.916666666668,At / Near Target,Eligible
2025-08-01,P0076,Clinic B,Dermatology,0.5,306000,178,109.8,21633.95,219.6,197.03051001821495,95.7,91.7,77.5,84.1,162.5,146.25,-52.7,0.0,0.0,1.1,0.6756923076923077,0.0,25500.0,Below Threshold,Below Threshold
2025-08-01,P0077,Clinic B,Cardiology,0.75,297000,256,173.86,46731.45,231.81333333333336,268.7878177844242,88.7,80.9,62.2,90.0,337.5,303.75,-163.64,0.0,0.0,1.0,0.5151407407407408,0.0,24750.0,Below Threshold,Below Threshold
2025-08-01,P0078,Clinic B,OBGYN,1.0,306000,322,2078.94,397989.05,2078.94,191.43844940209914,86.6,83.2,82.1,75.1,375.0,337.5,1703.94,1741.44,87072.0,1.0,5.54384,87072.0,112572.0,Above Target,Eligible
2025-08-01,P0079,Clinic B,Cardiology,1.0,336000,317,257.38,68721.66,257.38,267.0046623669283,67.4,82.1,72.1,84.5,450.0,405.0,-192.62,0.0,0.0,0.75,0.5719555555555556,0.0,28000.0,Below Threshold,Below Threshold
2025-08-01,P0080,Clinic B,General Surgery,0.5,316000,153,766.01,118208.28,1532.02,154.31688881346196,77.4,88.9,80.6,70.4,212.5,191.25,553.51,574.76,28738.0,0.9,3.6047529411764705,25864.2,52197.53333333333,Above Target,Eligible
2025-09-01,P0001,Clinic D,Primary Care,1.0,242000,324,551.33,52217.33,551.33,94.71157020296374,78.7,86.1,82.2,88.5,350.0,315.0,201.33000000000004,236.33000000000004,11816.500000000002,0.9,1.5752285714285716,10634.850000000002,30801.51666666667,Above Target,Eligible
2025-09-01,P0002,Clinic C,Primary Care,0.5,249000,177,281.03000000000003,26881.6,562.0600000000001,95.65384478525422,79.7,92.2,84.9,84.2,175.0,157.5,106.03000000000003,123.53000000000003,6176.500000000002,0.9,1.6058857142857144,5558.850000000002,26308.850000000002,Above Target,Eligible
2025-09-01,P0003,Clinic C,OBGYN,1.0,254000,349,2289.82,437418.85,2289.82,191.0276135242071,83.0,87.7,75.6,96.2,375.0,337.5,1914.8200000000002,1952.3200000000002,97616.00000000001,1.0,6.106186666666667,97616.00000000001,118782.66666666669,Above Target,Eligible
2025-09-01,P0004,Clinic B,OBGYN,1.0,342000,323,2144.15,411306.73,2144.15,191.82740479910453,87.8,91.0,81.3,72.4,375.0,337.5,1769.15,1806.65,90332.5,1.0,5.717733333333333,90332.5,118832.5,Above Target,Eligible
2025-09-01,P0005,Clinic B,OBGYN,1.0,289000,354,2407.09,459122.36,2407.09,190.737512930551,89.6,89.8,87.0,76.5,375.0,337.5,2032.0900000000001,2069.59,103479.5,1.0,6.418906666666667,103479.5,127562.83333333333,Above Target,Eligible
2025-09-01,P0006,ClinicA,Pediatrics,1.0,184000,333,278.77,26409.68,278.77,94.73644940273344,89.3,90.8,71.2,96.7,300.0,270.0,-21.230000000000018,8.769999999999982,438.4999999999991,1.0,0.9292333333333332,438.4999999999991,15771.833333333332,At / Near Target,Eligible
2025-09-01,P0007,Clinic B,Dermatology,1.0,326000,328,204.39999999999998,40405.22,204.39999999999998,197.67720156555777,74.8,90.7,70.7,76.1,325.0,292.5,-120.60000000000002,0.0,0.0,0.9,0.6289230769230768,0.0,27166.666666666668,Below Threshold,Below Threshold
2025-09-01,P0008,ClinicA,General Surgery,1.0,434000,298,1341.18,197873.79,1341.18,147.53708674450857,79.5,77.7,77.1,96.9,425.0,382.5,916.1800000000001,958.6800000000001,47934.0,0.9,3.1557176470588235,43140.6,79307.26666666666,Above Target,Eligible
2025-09-01,P0009,Clinic B,General Surgery,0.75,370000,232,1120.81,169599.8,1494.4133333333332,151.318956825867,92.7,80.6,71.5,80.2,318.75,286.875,802.06,833.935,41696.75,1.1,3.5162666666666667,45866.425,76699.75833333333,Above Target,Eligible
2025-09-01,P0010,ClinicA,Pediatrics,0.75,221000,236,190.29,18274.85,253.72,96.03683850964318,86.4,88.5,56.7,85.3,225.0,202.5,-34.71000000000001,0.0,0.0,1.0,0.8457333333333333,0.0,18416.666666666668,Below Threshold,Below Threshold
2025-09-01,P0011,Clinic B,Dermatology,1.0,283000,333,209.7,41499.35,209.7,197.89866475917978,85.9,82.2,90.7,92.3,325.0,292.5,-115.30000000000001,0.0,0.0,1.0,0.6452307692307692,0.0,23583.333333333332,Below Threshold,Below Threshold
2025-09-01,P0012,ClinicA,Dermatology,1.0,269000,299,186.9,36910.27,186.9,197.4867308721241,93.9,91.3,64.2,74.4,325.0,292.5,-138.1,0.0,0.0,1.1,0.575076923076923,0.0,22416.666666666668,Below Threshold,Below Threshold
2025-09-01,P0013,ClinicA,Pediatrics,1.0,194000,333,264.92,25668.89,264.92,96.89298656198096,70.2,88.7,77.2,82.6,300.0,270.0,-35.079999999999984,0.0,0.0,0.9,0.8830666666666667,0.0,16166.666666666666,Below Threshold,Below Threshold
2025-09-01,P0014,Clinic B,Pediatrics,1.0,230000,327,275.15,26138.63,275.15,94.99774668362713,91.5,84.9,60.8,80.5,300.0,270.0,-24.850000000000023,5.149999999999977,257.49999999999886,1.1,0.9171666666666666,283.24999999999875,19449.916666666668,At / Near Target,Eligible
2025-09-01,P0015,Clinic B,General Surgery,1.0,425000,333,1734.75,268684.63,1734.75,154.883775760196,92.1,79.2,76.7,85.6,425.0,382.5,1309.75,1352.25,67612.5,1.1,4.081764705882353,74373.75,109790.41666666666,Above Target,Eligible
2025-09-01,P0016,Clinic B,Pediatrics,1.0,197000,329,283.53,26657.64,283.53,94.02052692836737,78.4,89.2,71.1,90.1,300.0,270.0,-16.470000000000027,13.529999999999973,676.4999999999986,0.9,0.9450999999999999,608.8499999999988,17025.516666666666,At / Near Target,Eligible
2025-09-01,P0017,Clinic B,Cardiology,0.75,304000,232,169.78,45976.97,226.37333333333333,270.8032159264931,88.0,80.2,78.7,78.7,337.5,303.75,-167.72,0.0,0.0,1.0,0.5030518518518519,0.0,25333.333333333332,Below Threshold,Below Threshold
2025-09-01,P0018,ClinicA,OBGYN,1.0,313000,358,2226.28,423228.19,2226.28,190.105552760659,84.5,90.2,70.5,87.3,375.0,337.5,1851.2800000000002,1888.7800000000002,94439.00000000001,1.0,5.936746666666667,94439.00000000001,120522.33333333334,Above Target,Eligible
2025-09-01,P0019,Clinic B,Pediatrics,1.0,208000,324,280.81,26233.52,280.81,93.42088956945977,83.9,89.9,68.6,99.0,300.0,270.0,-19.189999999999998,10.810000000000002,540.5000000000001,1.0,0.9360333333333334,540.5000000000001,17873.833333333332,At / Near Target,Eligible
2025-09-01,P0020,Clinic B,Pediatrics,0.75,187000,259,210.66,20151.05,280.88,95.65674546662869,89.5,99.0,79.2,74.4,225.0,202.5,-14.340000000000003,8.159999999999997,407.99999999999983,1.0,0.9362666666666667,407.99999999999983,15991.333333333334,At / Near Target,Eligible
2025-09-01,P0021,Clinic B,Pediatrics,1.0,214000,328,265.98,25617.44,265.98,96.31340702308444,92.0,87.4,84.8,72.2,300.0,270.0,-34.01999999999998,0.0,0.0,1.1,0.8866,0.0,17833.333333333332,Below Threshold,Below Threshold
2025-09-01,P0022,Clinic D,Primary Care,1.0,223000,329,550.64,52203.66,550.64,94.80542641290135,86.1,81.8,74.8,64.7,350.0,315.0,200.64,235.64,11782.0,1.0,1.573257142857143,11782.0,30365.333333333332,Above Target,Eligible
2025-09-01,P0023,Clinic C,Primary Care,1.0,192000,328,555.51,52322.32,555.51,94.18789940775143,80.6,78.3,80.2,89.0,350.0,315.0,205.51,240.51,12025.5,1.0,1.5871714285714285,12025.5,28025.5,Above Target,Eligible
2025-09-01,P0024,ClinicA,Orthopedics,0.75,361000,238,1764.8,318737.72,2353.0666666666666,180.60840888485947,93.3,89.3,79.0,76.8,356.25,320.625,1408.55,1444.175,72208.75,1.1,4.953824561403509,79429.625,109512.95833333333,Above Target,Eligible
2025-09-01,P0025,Clinic B,Dermatology,0.75,256000,222,140.79999999999998,27939.9,187.73333333333332,198.4367897727273,75.1,87.7,69.2,89.9,243.75,219.375,-102.95000000000002,0.0,0.0,0.9,0.5776410256410256,0.0,21333.333333333332,Below Threshold,Below Threshold
2025-09-01,P0026,ClinicA,OBGYN,0.75,313000,239,1588.9,301996.02,2118.5333333333333,190.06609604128641,79.2,89.0,74.6,93.9,281.25,253.125,1307.65,1335.775,66788.75,0.9,5.649422222222222,60109.875,86193.20833333333,Above Target,Eligible
2025-09-01,P0027,Clinic C,Primary Care,1.0,230000,329,547.12,51823.84,547.12,94.72115806404445,93.8,76.3,78.6,77.4,350.0,315.0,197.12,232.12,11606.0,1.1,1.5632,12766.6,31933.26666666667,Above Target,Eligible
2025-09-01,P0028,ClinicA,Orthopedics,1.0,325000,364,2652.8,478570.86,2652.8,180.40216375150783,87.0,90.9,74.9,83.5,475.0,427.5,2177.8,2225.3,111265.00000000001,1.0,5.584842105263158,111265.00000000001,138348.33333333334,Above Target,Eligible
2025-09-01,P0029,ClinicA,Orthopedics,0.5,408000,171,1039.2,188400.45,2078.4,181.29373556581987,80.7,96.0,75.2,97.8,237.5,213.75,801.7,825.45,41272.5,1.0,4.375578947368421,41272.5,75272.5,Above Target,Eligible
2025-09-01,P0030,ClinicA,General Surgery,0.75,375000,242,1239.38,190223.17,1652.506666666667,153.4825235198244,83.9,85.7,68.7,86.9,318.75,286.875,920.6300000000001,952.5050000000001,47625.25000000001,1.0,3.888250980392157,47625.25000000001,78875.25,Above Target,Eligible
2025-09-01,P0031,ClinicA,Dermatology,1.0,295000,334,207.6,40835.78,207.6,196.70414258188825,87.7,80.1,73.4,94.7,325.0,292.5,-117.4,0.0,0.0,1.0,0.6387692307692308,0.0,24583.333333333332,Below Threshold,Below Threshold
2025-09-01,P0032,ClinicA,Cardiology,1.0,356000,320,217.99,59104.29,217.99,271.1330336253956,83.6,98.8,96.4,65.9,450.0,405.0,-232.01,0.0,0.0,1.0,0.48442222222222225,0.0,29666.666666666668,Below Threshold,Below Threshold
2025-09-01,P0033,ClinicA,General Surgery,0.5,318000,162,787.88,120405.84,1575.76,152.82256181144336,75.2,91.2,73.0,86.4,212.5,191.25,575.38,596.63,29831.5,0.9,3.707670588235294,26848.350000000002,53348.350000000006,Above Target,Eligible
2025-09-01,P0034,Clinic B,Orthopedics,1.0,405000,301,1968.8,355851.27,1968.8,180.74526107273468,94.2,94.2,76.1,86.9,475.0,427.5,1493.8,1541.3,77065.0,1.1,4.144842105263158,84771.5,118521.5,Above Target,Eligible
2025-09-01,P0035,ClinicA,Pediatrics,1.0,227000,335,286.53,27075.46,286.53,94.49432869158552,93.7,87.3,70.0,79.4,300.0,270.0,-13.470000000000027,16.529999999999973,826.4999999999986,1.1,0.9551,909.1499999999986,19825.816666666666,At / Near Target,Eligible
2025-09-01,P0036,Clinic B,Cardiology,1.0,313000,326,264.23,69830.39,264.23,264.2788101275404,98.9,86.3,59.4,81.0,450.0,405.0,-185.76999999999998,0.0,0.0,1.1,0.5871777777777778,0.0,26083.333333333332,Below Threshold,Below Threshold
2025-09-01,P0037,ClinicA,Primary Care,1.0,217000,330,556.32,52531.78,556.32,94.42727207362668,85.0,85.6,84.6,81.3,350.0,315.0,206.32000000000005,241.32000000000005,12066.000000000002,1.0,1.5894857142857144,12066.000000000002,30149.333333333336,Above Target,Eligible
2025-09-01,P0038,ClinicA,General Surgery,1.0,387000,337,1744.47,271393.12,1744.47,155.57339478466238,80.5,84.5,77.2,73.8,425.0,382.5,1319.47,1361.97,68098.5,1.0,4.104635294117647,68098.5,100348.5,Above Target,Eligible
2025-09-01,P0039,ClinicA,Pediatrics,1.0,226000,322,274.54,25846.5,274.54,94.14475122022291,84.7,81.1,93.7,83.5,300.0,270.0,-25.45999999999998,4.5400000000000205,227.00000000000102,1.0,0.9151333333333334,227.00000000000102,19060.333333333332,At / Near Target,Eligible
2025-09-01,P0040,Clinic B,Pediatrics,1.0,218000,328,267.93,25848.0,267.93,96.47295935505542,93.2,84.3,76.2,74.4,300.0,270.0,-32.06999999999999,0.0,0.0,1.1,0.8931,0.0,18166.666666666668,Below Threshold,Below Threshold
2025-09-01,P0041,Clinic C,Primary Care,1.0,195000,309,511.44,48443.92,511.44,94.72063194118567,98.9,87.7,78.5,60.8,350.0,315.0,161.44,196.44,9822.0,1.1,1.4612571428571428,10804.2,27054.2,Above Target,Eligible
2025-09-01,P0042,Clinic B,OBGYN,0.5,294000,161,1055.53,201077.19,2111.06,190.4987920760187,79.2,85.6,71.6,75.3,187.5,168.75,868.03,886.78,44339.0,0.9,5.6294933333333335,39905.1,64405.1,Above Target,Eligible
2025-09-01,P0043,ClinicA,Cardiology,0.75,292000,244,191.77,50873.07,255.69333333333336,265.28169160974085,82.6,89.7,81.1,82.2,337.5,303.75,-145.73,0.0,0.0,1.0,0.5682074074074074,0.0,24333.333333333332,Below Threshold,Below Threshold
2025-09-01,P0044,Clinic B,Cardiology,0.75,391000,240,185.77,49877.45,247.69333333333336,268.4903375141304,84.4,81.4,81.7,80.4,337.5,303.75,-151.73,0.0,0.0,1.0,0.5504296296296297,0.0,32583.333333333332,Below Threshold,Below Threshold
2025-09-01,P0045,Clinic B,Dermatology,1.0,309000,327,207.7,41094.86,207.7,197.85681271064036,90.9,84.1,75.5,70.5,325.0,292.5,-117.30000000000001,0.0,0.0,1.1,0.639076923076923,0.0,25750.0,Below Threshold,Below Threshold
2025-09-01,P0046,ClinicA,Orthopedics,1.0,372000,318,2040.0,367728.48,2040.0,180.25905882352941,95.9,90.5,78.1,88.1,475.0,427.5,1565.0,1612.5,80625.0,1.1,4.294736842105263,88687.5,119687.5,Above Target,Eligible
2025-09-01,P0047,Clinic B,Pediatrics,0.5,209000,150,133.83,12481.97,267.66,93.2673541059553,76.5,89.8,60.6,77.0,150.0,135.0,-16.169999999999987,0.0,0.0,0.9,0.8922000000000001,0.0,17416.666666666668,Below Threshold,Below Threshold
2025-09-01,P0048,ClinicA,General Surgery,1.0,386000,323,1650.46,254339.13,1650.46,154.10196551264497,78.8,72.7,73.9,98.9,425.0,382.5,1225.46,1267.96,63398.0,0.9,3.883435294117647,57058.200000000004,89224.86666666667,Above Target,Eligible
2025-09-01,P0049,ClinicA,Pediatrics,0.75,200000,236,204.67,19284.69,272.8933333333333,94.2233351248351,84.2,95.0,63.3,65.7,225.0,202.5,-20.330000000000013,2.1699999999999875,108.49999999999937,1.0,0.9096444444444444,108.49999999999937,16775.166666666668,At / Near Target,Eligible
2025-09-01,P0050,Clinic B,Pediatrics,1.0,181000,331,265.89,25730.75,265.89,96.77216142013616,85.2,77.5,69.6,94.4,300.0,270.0,-34.110000000000014,0.0,0.0,1.0,0.8863,0.0,15083.333333333334,Below Threshold,Below Threshold
2025-09-01,P0051,Clinic B,Orthopedics,1.0,321000,320,2099.2,379598.74,2099.2,180.8301924542683,90.8,89.5,76.7,73.1,475.0,427.5,1624.1999999999998,1671.6999999999998,83584.99999999999,1.1,4.419368421052631,91943.49999999999,118693.49999999999,Above Target,Eligible
2025-09-01,P0052,Clinic B,Orthopedics,0.75,401000,271,1925.6,349665.24,2567.4666666666667,181.58768176152887,89.4,85.1,95.3,70.2,356.25,320.625,1569.35,1604.975,80248.75,1.0,5.40519298245614,80248.75,113665.41666666666,Above Target,Eligible
2025-09-01,P0053,Clinic B,Primary Care,1.0,234000,352,579.74,55222.76,579.74,95.25435540069687,71.6,88.3,66.2,76.8,350.0,315.0,229.74,264.74,13237.0,0.9,1.6564,11913.300000000001,31413.300000000003,Above Target,Eligible
2025-09-01,P0054,Clinic B,Dermatology,0.75,342000,237,148.29999999999998,29061.54,197.73333333333332,195.96453135536078,74.6,82.8,82.2,75.0,243.75,219.375,-95.45000000000002,0.0,0.0,0.9,0.6084102564102564,0.0,28500.0,Below Threshold,Below Threshold
2025-09-01,P0055,ClinicA,Dermatology,0.5,305000,152,95.19999999999999,18801.26,190.39999999999998,197.4922268907563,91.9,79.7,85.2,78.6,162.5,146.25,-67.30000000000001,0.0,0.0,1.1,0.5858461538461538,0.0,25416.666666666668,Below Threshold,Below Threshold
2025-09-01,P0056,ClinicA,Pediatrics,1.0,228000,340,280.45,26895.8,280.45,95.90229987520057,91.8,88.3,83.2,75.1,300.0,270.0,-19.55000000000001,10.449999999999989,522.4999999999994,1.1,0.9348333333333333,574.7499999999994,19574.75,At / Near Target,Eligible
2025-09-01,P0057,ClinicA,Dermatology,1.0,279000,300,188.79999999999998,37195.62,188.79999999999998,197.0106991525424,88.6,79.3,95.2,92.9,325.0,292.5,-136.20000000000002,0.0,0.0,1.0,0.5809230769230769,0.0,23250.0,Below Threshold,Below Threshold
2025-09-01,P0058,Clinic B,General Surgery,0.75,440000,244,1227.1,189293.81,1636.1333333333332,154.26111156384974,88.4,82.8,76.4,64.9,318.75,286.875,908.3499999999999,940.2249999999999,47011.24999999999,1.0,3.8497254901960782,47011.24999999999,83677.91666666666,Above Target,Eligible
2025-09-01,P0059,ClinicA,Cardiology,0.5,332000,168,125.65,33791.32,251.3,268.93211301233583,84.7,89.7,82.4,70.2,225.0,202.5,-99.35,0.0,0.0,1.0,0.5584444444444445,0.0,27666.666666666668,Below Threshold,Below Threshold
2025-09-01,P0060,Clinic B,Dermatology,1.0,325000,333,208.5,41012.39,208.5,196.7021103117506,95.4,95.2,65.7,91.4,325.0,292.5,-116.5,0.0,0.0,1.1,0.6415384615384615,0.0,27083.333333333332,Below Threshold,Below Threshold
2025-09-01,P0061,Clinic C,OBGYN,1.0,297000,326,2066.76,394614.41,2066.76,190.93383363331975,91.0,92.4,89.7,71.5,375.0,337.5,1691.7600000000002,1729.2600000000002,86463.00000000001,1.1,5.511360000000001,95109.30000000002,119859.30000000002,Above Target,Eligible
2025-09-01,P0062,ClinicA,Pediatrics,1.0,220000,385,331.62,31241.94,331.62,94.21005970689343,97.1,83.7,96.7,82.6,300.0,270.0,31.620000000000005,61.620000000000005,3081.0,1.1,1.1054,3389.1000000000004,21722.433333333334,Above Target,Eligible
2025-09-01,P0063,ClinicA,Orthopedics,0.5,412000,179,1352.8,242804.43,2705.6,179.48287256061502,88.7,83.4,72.3,76.3,237.5,213.75,1115.3,1139.05,56952.5,1.0,5.696,56952.5,91285.83333333334,Above Target,Eligible
2025-09-01,P0064,ClinicA,Orthopedics,1.0,336000,338,2075.2,377318.73,2075.2,181.8228267154973,75.8,78.6,87.9,80.7,475.0,427.5,1600.1999999999998,1647.6999999999998,82384.99999999999,0.9,4.368842105263157,74146.49999999999,102146.49999999999,Above Target,Eligible
2025-09-01,P0065,ClinicA,Primary Care,1.0,199000,329,552.41,51959.49,552.41,94.05964772542134,86.3,92.5,76.1,80.1,350.0,315.0,202.40999999999997,237.40999999999997,11870.499999999998,1.0,1.5783142857142856,11870.499999999998,28453.83333333333,Above Target,Eligible
2025-09-01,P0066,ClinicA,OBGYN,1.0,336000,343,2316.12,443657.84,2316.12,191.5521820976461,98.3,80.9,65.3,67.5,375.0,337.5,1941.12,1978.62,98931.0,1.1,6.17632,108824.1,136824.1,Above Target,Eligible
2025-09-01,P0067,ClinicA,Primary Care,1.0,237000,313,517.72,49357.85,517.72,95.33695820134434,93.2,87.4,70.8,74.2,350.0,315.0,167.72000000000003,202.72000000000003,10136.000000000002,1.1,1.4792,11149.600000000002,30899.600000000002,Above Target,Eligible
2025-09-01,P0068,Clinic B,Orthopedics,1.0,322000,327,2469.6,444708.27999999997,2469.6,180.0729996760609,79.3,81.0,94.2,88.9,475.0,427.5,1994.6,2042.1,102105.0,0.9,5.1991578947368415,91894.5,118727.83333333333,Above Target,Eligible
2025-09-01,P0069,ClinicA,Dermatology,0.75,263000,274,170.4,33535.2,227.20000000000002,196.80281690140842,82.0,83.1,49.1,87.9,243.75,219.375,-73.35,0.0,0.0,1.0,0.6990769230769232,0.0,21916.666666666668,Below Threshold,Below Threshold
2025-09-01,P0070,Clinic C,Primary Care,0.75,220000,251,421.46999999999997,40014.75,561.9599999999999,94.9409210619973,82.5,83.2,72.6,97.6,262.5,236.25,158.96999999999997,185.21999999999997,9260.999999999998,1.0,1.6056,9260.999999999998,27594.33333333333,Above Target,Eligible
2025-09-01,P0071,Clinic B,Dermatology,1.0,270000,347,219.29999999999998,43495.32,219.29999999999998,198.33707250342,90.2,79.8,76.8,74.7,325.0,292.5,-105.70000000000002,0.0,0.0,1.1,0.6747692307692307,0.0,22500.0,Below Threshold,Below Threshold
2025-09-01,P0072,Clinic B,Dermatology,1.0,324000,319,199.7,39317.0,199.7,196.88032048072108,79.0,88.9,86.5,60.4,325.0,292.5,-125.30000000000001,0.0,0.0,0.9,0.6144615384615384,0.0,27000.0,Below Threshold,Below Threshold
2025-09-01,P0073,ClinicA,OBGYN,0.75,342000,242,1639.99,313681.71,2186.653333333333,191.2705016494003,79.9,86.1,78.4,78.3,281.25,253.125,1358.74,1386.865,69343.25,0.9,5.831075555555556,62408.925,90908.925,Above Target,Eligible
2025-09-01,P0074,Clinic B,Primary Care,1.0,219000,313,528.96,50076.46,528.96,94.66965366001209,89.4,99.0,97.1,74.1,350.0,315.0,178.96000000000004,213.96000000000004,10698.000000000002,1.0,1.5113142857142858,10698.000000000002,28948.0,Above Target,Eligible
2025-09-01,P0075,Clinic B,Pediatrics,1.0,197000,358,280.19,27436.81,280.19,97.92215996288233,84.9,93.7,72.7,80.3,300.0,270.0,-19.810000000000002,10.189999999999998,509.4999999999999,1.0,0.9339666666666666,509.4999999999999,16926.166666666668,At / Near Target,Eligible
2025-09-01,P0076,Clinic B,Dermatology,0.5,306000,182,114.0,22361.25,228.0,196.15131578947367,92.2,93.7,89.1,95.0,162.5,146.25,-48.5,0.0,0.0,1.1,0.7015384615384616,0.0,25500.0,Below Threshold,Below Threshold
2025-09-01,P0077,Clinic B,Cardiology,0.75,297000,245,203.91,54244.25,271.88,266.0205482811044,81.6,96.9,81.4,92.4,337.5,303.75,-133.59,0.0,0.0,1.0,0.6041777777777778,0.0,24750.0,Below Threshold,Below Threshold
2025-09-01,P0078,Clinic B,OBGYN,1.0,306000,324,2104.97,400052.02,2104.97,190.05117412599708,84.8,83.2,92.6,88.1,375.0,337.5,1729.9699999999998,1767.4699999999998,88373.49999999999,1.0,5.613253333333333,88373.49999999999,113873.49999999999,Above Target,Eligible
2025-09-01,P0079,Clinic B,Cardiology,1.0,336000,349,244.2,65651.4,244.2,268.84275184275185,99.0,90.6,67.6,94.2,450.0,405.0,-205.8,0.0,0.0,1.1,0.5426666666666666,0.0,28000.0,Below Threshold,Below Threshold
2025-09-01,P0080,Clinic B,General Surgery,0.5,316000,184,909.9,139153.93,1819.8,152.93321244092758,83.4,82.7,93.9,78.8,212.5,191.25,697.4,718.65,35932.5,1.0,4.281882352941176,35932.5,62265.83333333333,Above Target,Eligible
2025-10-01,P0001,Clinic D,Primary Care,1.0,242000,335,574.82,54242.43,574.82,94.36420096725931,84.5,91.6,76.6,78.2,350.0,315.0,224.82000000000005,259.82000000000005,12991.000000000002,1.0,1.6423428571428573,12991.000000000002,33157.66666666667,Above Target,Eligible
2025-10-01,P0002,Clinic C,Primary Care,0.5,249000,181,300.74,28464.98,601.48,94.6497971669881,88.0,89.5,73.5,86.3,175.0,157.5,125.74000000000001,143.24,7162.0,1.0,1.7185142857142857,7162.0,27912.0,Above Target,Eligible
2025-10-01,P0003,Clinic C,OBGYN,1.0,254000,338,2327.33,446327.88,2327.33,191.7767914305234,98.1,85.2,57.2,74.5,375.0,337.5,1952.33,1989.83,99491.5,1.1,6.206213333333333,109440.65000000001,130607.31666666668,Above Target,Eligible
2025-10-01,P0004,Clinic B,OBGYN,1.0,342000,322,2111.06,403248.96,2111.06,191.0172898922816,82.5,99.0,80.0,84.7,375.0,337.5,1736.06,1773.56,88678.0,1.0,5.6294933333333335,88678.0,117178.0,Above Target,Eligible
2025-10-01,P0005,Clinic B,OBGYN,1.0,289000,339,2175.73,414212.92,2175.73,190.37882457841735,95.2,84.3,98.7,77.4,375.0,337.5,1800.73,1838.23,91911.5,1.1,5.801946666666667,101102.65000000001,125185.98333333334,Above Target,Eligible
2025-10-01,P0006,ClinicA,Pediatrics,1.0,184000,356,322.62,29952.78,322.62,92.84229124046865,89.0,92.4,67.9,89.2,300.0,270.0,22.620000000000005,52.620000000000005,2631.0,1.0,1.0754,2631.0,17964.333333333336,Above Target,Eligible
2025-10-01,P0007,Clinic B,Dermatology,1.0,326000,362,228.6,44955.31,228.6,196.65489938757653,68.3,74.3,98.9,97.1,325.0,292.5,-96.4,0.0,0.0,0.75,0.7033846153846154,0.0,27166.666666666668,Below Threshold,Below Threshold
2025-10-01,P0008,ClinicA,General Surgery,1.0,434000,336,1664.91,254979.95,1664.91,153.14938945648714,73.5,80.6,92.3,85.3,425.0,382.5,1239.91,1282.41,64120.50000000001,0.9,3.9174352941176473,57708.450000000004,93875.11666666667,Above Target,Eligible
2025-10-01,P0009,Clinic B,General Surgery,0.75,370000,245,1118.1200000000001,166858.6,1490.8266666666668,149.23138840196043,82.5,87.7,62.8,91.0,318.75,286.875,799.3700000000001,831.2450000000001,41562.25000000001,1.0,3.5078274509803924,41562.25000000001,72395.58333333334,Above Target,Eligible
2025-10-01,P0010,ClinicA,Pediatrics,0.75,221000,237,206.52,19286.34,275.36,93.38727484020917,79.1,89.2,90.6,83.7,225.0,202.5,-18.47999999999999,4.02000000000001,201.0000000000005,0.9,0.9178666666666667,180.90000000000046,18597.56666666667,At / Near Target,Eligible
2025-10-01,P0011,Clinic B,Dermatology,1.0,283000,341,216.29999999999998,42769.14,216.29999999999998,197.73065187239945,82.4,85.9,97.8,84.5,325.0,292.5,-108.70000000000002,0.0,0.0,1.0,0.6655384615384615,0.0,23583.333333333332,Below Threshold,Below Threshold
2025-10-01,P0012,ClinicA,Dermatology,1.0,269000,343,216.1,42691.03,216.1,197.55219805645535,88.8,91.7,79.0,62.7,325.0,292.5,-108.9,0.0,0.0,1.0,0.664923076923077,0.0,22416.666666666668,Below Threshold,Below Threshold
2025-10-01,P0013,ClinicA,Pediatrics,1.0,194000,345,281.07,26971.69,281.07,95.96075710677056,85.5,84.2,71.0,76.4,300.0,270.0,-18.930000000000007,11.069999999999993,553.4999999999997,1.0,0.9369,553.4999999999997,16720.166666666664,At / Near Target,Eligible
2025-10-01,P0014,Clinic B,Pediatrics,1.0,230000,321,268.19,25600.46,268.19,95.4564301428092,81.5,89.4,70.1,56.9,300.0,270.0,-31.810000000000002,0.0,0.0,1.0,0.8939666666666667,0.0,19166.666666666668,Below Threshold,Below Threshold
2025-10-01,P0015,Clinic B,General Surgery,1.0,425000,330,1607.48,242464.63,1607.48,150.83523900763927,77.3,85.0,82.3,87.3,425.0,382.5,1182.48,1224.98,61249.0,0.9,3.7823058823529414,55124.1,90540.76666666666,Above Target,Eligible
2025-10-01,P0016,Clinic B,Pediatrics,1.0,197000,335,297.92,27664.59,297.92,92.85912325456498,74.8,79.3,68.1,76.8,300.0,270.0,-2.079999999999984,27.920000000000016,1396.000000000001,0.9,0.9930666666666668,1256.4000000000008,17673.06666666667,At / Near Target,Eligible
2025-10-01,P0017,Clinic B,Cardiology,0.75,304000,269,207.99,55492.75,277.32,266.8048944660801,76.9,91.0,78.6,92.3,337.5,303.75,-129.51,0.0,0.0,0.9,0.6162666666666667,0.0,25333.333333333332,Below Threshold,Below Threshold
2025-10-01,P0018,ClinicA,OBGYN,1.0,313000,378,2293.86,435315.52,2293.86,189.7742320804234,97.5,91.3,72.3,85.2,375.0,337.5,1918.8600000000001,1956.3600000000001,97818.0,1.1,6.116960000000001,107599.8,133683.13333333333,Above Target,Eligible
2025-10-01,P0019,Clinic B,Pediatrics,1.0,208000,330,287.86,26956.49,287.86,93.64444521642466,85.5,87.4,81.8,79.9,300.0,270.0,-12.139999999999986,17.860000000000014,893.0000000000007,1.0,0.9595333333333333,893.0000000000007,18226.333333333332,At / Near Target,Eligible
2025-10-01,P0020,Clinic B,Pediatrics,0.75,187000,259,199.37,19449.65,265.82666666666665,97.5555499824447,85.1,91.1,80.7,99.0,225.0,202.5,-25.629999999999995,0.0,0.0,1.0,0.8860888888888889,0.0,15583.333333333334,Below Threshold,Below Threshold
2025-10-01,P0021,Clinic B,Pediatrics,1.0,214000,323,243.82999999999998,23911.13,243.82999999999998,98.06475823319526,85.3,89.9,89.3,80.7,300.0,270.0,-56.170000000000016,0.0,0.0,1.0,0.8127666666666666,0.0,17833.333333333332,Below Threshold,Below Threshold
2025-10-01,P0022,Clinic D,Primary Care,1.0,223000,342,540.16,52101.63,540.16,96.45592046800948,99.0,88.8,91.2,72.1,350.0,315.0,190.15999999999997,225.15999999999997,11257.999999999998,1.1,1.5433142857142856,12383.8,30967.13333333333,Above Target,Eligible
2025-10-01,P0023,Clinic C,Primary Care,1.0,192000,358,607.78,57129.79,607.78,93.99748264174538,69.8,85.9,84.9,70.9,350.0,315.0,257.78,292.78,14638.999999999998,0.75,1.7365142857142857,10979.249999999998,26979.25,Above Target,Eligible
2025-10-01,P0024,ClinicA,Orthopedics,0.75,361000,269,1789.6,320214.7,2386.133333333333,178.93087840858294,85.1,94.9,76.5,88.1,356.25,320.625,1433.35,1468.975,73448.75,1.0,5.023438596491228,73448.75,103532.08333333333,Above Target,Eligible
2025-10-01,P0025,Clinic B,Dermatology,0.75,256000,239,151.29999999999998,29756.04,201.73333333333332,196.66913417052217,82.4,99.0,79.8,79.7,243.75,219.375,-92.45000000000002,0.0,0.0,1.0,0.6207179487179486,0.0,21333.333333333332,Below Threshold,Below Threshold
2025-10-01,P0026,ClinicA,OBGYN,0.75,313000,246,1708.1100000000001,328645.11,2277.48,192.40277850958074,90.4,87.7,83.3,84.6,281.25,253.125,1426.8600000000001,1454.9850000000001,72749.25,1.1,6.0732800000000005,80024.175,106107.50833333333,Above Target,Eligible
2025-10-01,P0027,Clinic C,Primary Care,1.0,230000,360,625.03,58522.88,625.03,93.63211365854438,80.6,89.0,68.9,94.2,350.0,315.0,275.03,310.03,15501.499999999998,1.0,1.7857999999999998,15501.499999999998,34668.166666666664,Above Target,Eligible
2025-10-01,P0028,ClinicA,Orthopedics,1.0,325000,347,2236.0,407886.71,2236.0,182.4180277280859,83.4,88.2,93.7,93.8,475.0,427.5,1761.0,1808.5,90425.0,1.0,4.707368421052632,90425.0,117508.33333333333,Above Target,Eligible
2025-10-01,P0029,ClinicA,Orthopedics,0.5,408000,185,1492.0,268762.46,2984.0,180.13569705093835,88.5,82.5,98.8,99.0,237.5,213.75,1254.5,1278.25,63912.5,1.0,6.282105263157895,63912.5,97912.5,Above Target,Eligible
2025-10-01,P0030,ClinicA,General Surgery,0.75,375000,272,1312.28,197719.43,1749.7066666666667,150.66863017039046,74.4,80.9,70.5,70.3,318.75,286.875,993.53,1025.405,51270.25,0.9,4.116956862745098,46143.225,77393.225,Above Target,Eligible
2025-10-01,P0031,ClinicA,Dermatology,1.0,295000,313,195.89999999999998,38681.99,195.89999999999998,197.4578356304237,91.3,89.6,78.2,72.6,325.0,292.5,-129.10000000000002,0.0,0.0,1.1,0.6027692307692307,0.0,24583.333333333332,Below Threshold,Below Threshold
2025-10-01,P0032,ClinicA,Cardiology,1.0,356000,357,260.19,70141.52,260.19,269.5780775587071,81.1,86.5,68.0,76.9,450.0,405.0,-189.81,0.0,0.0,1.0,0.5782,0.0,29666.666666666668,Below Threshold,Below Threshold
2025-10-01,P0033,ClinicA,General Surgery,0.5,318000,170,884.45,137141.25,1768.9,155.05822827746056,77.6,99.0,94.5,88.7,212.5,191.25,671.95,693.2,34660.0,0.9,4.162117647058824,31194.0,57694.0,Above Target,Eligible
2025-10-01,P0034,Clinic B,Orthopedics,1.0,405000,348,2121.6,386961.32,2121.6,182.39127073906488,77.0,85.5,87.0,72.7,475.0,427.5,1646.6,1694.1,84705.0,0.9,4.466526315789474,76234.5,109984.5,Above Target,Eligible
2025-10-01,P0035,ClinicA,Pediatrics,1.0,227000,345,289.44,27559.42,289.44,95.21634881149807,88.4,94.9,61.6,82.5,300.0,270.0,-10.560000000000002,19.439999999999998,971.9999999999999,1.0,0.9648,971.9999999999999,19888.666666666668,At / Near Target,Eligible
2025-10-01,P0036,Clinic B,Cardiology,1.0,313000,369,283.51,76439.66,283.51,269.6189199675497,82.9,88.7,81.4,92.7,450.0,405.0,-166.49,0.0,0.0,1.0,0.6300222222222222,0.0,26083.333333333332,Below Threshold,Below Threshold
2025-10-01,P0037,ClinicA,Primary Care,1.0,217000,358,578.09,55584.78,578.09,96.15246760884983,74.4,86.2,88.4,84.2,350.0,315.0,228.09000000000003,263.09000000000003,13154.500000000002,0.9,1.6516857142857144,11839.050000000001,29922.38333333333,Above Target,Eligible
2025-10-01,P0038,ClinicA,General Surgery,1.0,387000,330,1547.49,231405.07,1547.49,149.53574498058146,80.0,87.0,66.3,76.4,425.0,382.5,1122.49,1164.99,58249.5,1.0,3.6411529411764705,58249.5,90499.5,Above Target,Eligible
2025-10-01,P0039,ClinicA,Pediatrics,1.0,226000,357,301.89,28723.32,301.89,95.14498658451754,81.5,87.0,75.0,81.4,300.0,270.0,1.8899999999999864,31.889999999999986,1594.4999999999993,1.0,1.0063,1594.4999999999993,20427.833333333332,Above Target,Eligible
2025-10-01,P0040,Clinic B,Pediatrics,1.0,218000,331,279.04,26366.71,279.04,94.49078985091742,92.6,93.0,86.2,88.3,300.0,270.0,-20.95999999999998,9.04000000000002,452.000000000001,1.1,0.9301333333333334,497.2000000000012,18663.86666666667,At / Near Target,Eligible
2025-10-01,P0041,Clinic C,Primary Care,1.0,195000,361,596.23,56402.65,596.23,94.59881253878537,79.1,90.8,74.1,78.0,350.0,315.0,246.23000000000002,281.23,14061.5,0.9,1.7035142857142858,12655.35,28905.35,Above Target,Eligible
2025-10-01,P0042,Clinic B,OBGYN,0.5,294000,165,1099.56,209106.37,2199.12,190.17276910764306,87.5,83.6,68.8,89.2,187.5,168.75,912.06,930.81,46540.5,1.0,5.864319999999999,46540.5,71040.5,Above Target,Eligible
2025-10-01,P0043,ClinicA,Cardiology,0.75,292000,251,196.95,52773.69,262.59999999999997,267.9547600913938,84.8,80.1,73.0,92.2,337.5,303.75,-140.55,0.0,0.0,1.0,0.5835555555555555,0.0,24333.333333333332,Below Threshold,Below Threshold
2025-10-01,P0044,Clinic B,Cardiology,0.75,391000,265,205.98,55109.45,274.64,267.5475774347024,82.5,89.5,91.1,83.6,337.5,303.75,-131.52,0.0,0.0,1.0,0.610311111111111,0.0,32583.333333333332,Below Threshold,Below Threshold
2025-10-01,P0045,Clinic B,Dermatology,1.0,309000,354,223.79999999999998,43961.39,223.79999999999998,196.4315907059875,78.0,95.8,75.4,72.6,325.0,292.5,-101.20000000000002,0.0,0.0,0.9,0.6886153846153845,0.0,25750.0,Below Threshold,Below Threshold
2025-10-01,P0046,ClinicA,Orthopedics,1.0,372000,351,2200.8,403084.03,2200.8,183.15341239549255,81.2,81.0,72.5,81.0,475.0,427.5,1725.8000000000002,1773.3000000000002,88665.00000000001,1.0,4.633263157894738,88665.00000000001,119665.00000000001,Above Target,Eligible
2025-10-01,P0047,Clinic B,Pediatrics,0.5,209000,169,131.18,12768.03,262.36,97.33213904558622,80.9,84.1,97.1,77.1,150.0,135.0,-18.819999999999993,0.0,0.0,1.0,0.8745333333333334,0.0,17416.666666666668,Below Threshold,Below Threshold
2025-10-01,P0048,ClinicA,General Surgery,1.0,386000,338,1738.33,269639.78,1738.33,155.11426484039282,81.3,85.1,71.4,77.0,425.0,382.5,1313.33,1355.83,67791.5,1.0,4.090188235294118,67791.5,99958.16666666667,Above Target,Eligible
2025-10-01,P0049,ClinicA,Pediatrics,0.75,200000,260,222.76,21048.98,297.0133333333333,94.49173998922608,84.3,82.8,71.8,97.8,225.0,202.5,-2.240000000000009,20.25999999999999,1012.9999999999995,1.0,0.9900444444444444,1012.9999999999995,17679.666666666668,At / Near Target,Eligible
2025-10-01,P0050,Clinic B,Pediatrics,1.0,181000,352,308.16,29006.16,308.16,94.12694704049844,89.6,99.0,91.9,75.4,300.0,270.0,8.160000000000025,38.160000000000025,1908.0000000000014,1.0,1.0272000000000001,1908.0000000000014,16991.333333333336,Above Target,Eligible
2025-10-01,P0051,Clinic B,Orthopedics,1.0,321000,302,1892.8,342317.46,1892.8,180.85241969568895,75.4,95.2,72.2,67.0,475.0,427.5,1417.8,1465.3,73265.0,0.9,3.9848421052631577,65938.5,92688.5,Above Target,Eligible
2025-10-01,P0052,Clinic B,Orthopedics,0.75,401000,264,1785.6,321293.93,2380.7999999999997,179.93611671146954,86.4,87.3,76.5,75.9,356.25,320.625,1429.35,1464.975,73248.75,1.0,5.012210526315789,73248.75,106665.41666666666,Above Target,Eligible
2025-10-01,P0053,Clinic B,Primary Care,1.0,234000,330,551.96,52338.03,551.96,94.82214290890643,87.9,79.7,80.3,98.4,350.0,315.0,201.96000000000004,236.96000000000004,11848.000000000002,1.0,1.5770285714285714,11848.000000000002,31348.0,Above Target,Eligible
2025-10-01,P0054,Clinic B,Dermatology,0.75,342000,239,148.9,29223.12,198.53333333333333,196.26004029550032,91.6,89.4,71.2,81.8,243.75,219.375,-94.85,0.0,0.0,1.1,0.6108717948717949,0.0,28500.0,Below Threshold,Below Threshold
2025-10-01,P0055,ClinicA,Dermatology,0.5,305000,168,105.39999999999999,20671.84,210.79999999999998,196.12751423149908,85.4,88.6,89.6,77.6,162.5,146.25,-57.10000000000001,0.0,0.0,1.0,0.6486153846153846,0.0,25416.666666666668,Below Threshold,Below Threshold
2025-10-01,P0056,ClinicA,Pediatrics,1.0,228000,381,314.86,30074.17,314.86,95.516007114273,83.3,87.0,79.3,81.0,300.0,270.0,14.860000000000014,44.860000000000014,2243.000000000001,1.0,1.0495333333333334,2243.000000000001,21243.0,Above Target,Eligible
2025-10-01,P0057,ClinicA,Dermatology,1.0,279000,348,216.39999999999998,42454.2,216.39999999999998,196.18391866913126,74.4,86.0,92.1,77.2,325.0,292.5,-108.60000000000002,0.0,0.0,0.9,0.6658461538461538,0.0,23250.0,Below Threshold,Below Threshold
2025-10-01,P0058,Clinic B,General Surgery,0.75,440000,233,1208.94,188203.38999999998,1611.92,155.67636938144156,79.4,86.7,72.4,72.9,318.75,286.875,890.19,922.065,46103.25,0.9,3.7927529411764707,41492.925,78159.59166666667,Above Target,Eligible
2025-10-01,P0059,ClinicA,Cardiology,0.5,332000,180,142.32,38029.32,284.64,267.2099494097808,69.2,97.3,64.7,86.7,225.0,202.5,-82.68,0.0,0.0,0.75,0.6325333333333333,0.0,27666.666666666668,Below Threshold,Below Threshold
2025-10-01,P0060,Clinic B,Dermatology,1.0,325000,328,209.39999999999998,41171.69,209.39999999999998,196.6174307545368,97.7,98.9,85.9,77.1,325.0,292.5,-115.60000000000002,0.0,0.0,1.1,0.6443076923076922,0.0,27083.333333333332,Below Threshold,Below Threshold
2025-10-01,P0061,Clinic C,OBGYN,1.0,297000,341,2233.88,426592.79,2233.88,190.9649533547012,90.9,91.2,70.3,63.7,375.0,337.5,1858.88,1896.38,94819.0,1.1,5.957013333333333,104300.90000000001,129050.90000000001,Above Target,Eligible
2025-10-01,P0062,ClinicA,Pediatrics,1.0,220000,357,294.21,28200.22,294.21,95.85065089561878,83.4,85.8,99.0,87.7,300.0,270.0,-5.7900000000000205,24.20999999999998,1210.499999999999,1.0,0.9806999999999999,1210.499999999999,19543.833333333332,At / Near Target,Eligible
2025-10-01,P0063,ClinicA,Orthopedics,0.5,412000,184,1280.0,228869.53,2560.0,178.8043203125,83.7,86.9,63.1,93.9,237.5,213.75,1042.5,1066.25,53312.5,1.0,5.389473684210526,53312.5,87645.83333333334,Above Target,Eligible
2025-10-01,P0064,ClinicA,Orthopedics,1.0,336000,317,1866.4,339151.37,1866.4,181.71419309901412,92.1,85.3,66.1,87.6,475.0,427.5,1391.4,1438.9,71945.0,1.1,3.929263157894737,79139.5,107139.5,Above Target,Eligible
2025-10-01,P0065,ClinicA,Primary Care,1.0,199000,360,599.01,56852.67,599.01,94.91105323784244,84.1,81.6,64.6,83.8,350.0,315.0,249.01,284.01,14200.5,1.0,1.7114571428571428,14200.5,30783.833333333332,Above Target,Eligible
2025-10-01,P0066,ClinicA,OBGYN,1.0,336000,330,2247.3,429242.41,2247.3,191.0036087749744,83.3,78.1,92.9,88.6,375.0,337.5,1872.3000000000002,1909.8000000000002,95490.00000000001,1.0,5.992800000000001,95490.00000000001,123490.00000000001,Above Target,Eligible
2025-10-01,P0067,ClinicA,Primary Care,1.0,237000,333,530.63,51158.87,530.63,96.41156738216837,84.4,79.4,55.6,72.4,350.0,315.0,180.63,215.63,10781.5,1.0,1.5160857142857143,10781.5,30531.5,Above Target,Eligible
2025-10-01,P0068,Clinic B,Orthopedics,1.0,322000,338,2228.8,400703.89,2228.8,179.78458811916727,99.0,83.4,76.0,70.9,475.0,427.5,1753.8000000000002,1801.3000000000002,90065.00000000001,1.1,4.69221052631579,99071.50000000003,125904.83333333336,Above Target,Eligible
2025-10-01,P0069,ClinicA,Dermatology,0.75,263000,243,153.5,30248.58,204.66666666666666,197.05915309446254,84.7,74.7,63.8,87.0,243.75,219.375,-90.25,0.0,0.0,1.0,0.6297435897435898,0.0,21916.666666666668,Below Threshold,Below Threshold
2025-10-01,P0070,Clinic C,Primary Care,0.75,220000,289,496.23,46605.52,661.64,93.91919069786186,79.6,88.4,69.3,77.2,262.5,236.25,233.73000000000002,259.98,12999.0,0.9,1.8904,11699.1,30032.433333333334,Above Target,Eligible
2025-10-01,P0071,Clinic B,Dermatology,1.0,270000,347,216.5,42613.58,216.5,196.8294688221709,97.1,88.7,87.1,85.6,325.0,292.5,-108.5,0.0,0.0,1.1,0.6661538461538462,0.0,22500.0,Below Threshold,Below Threshold
2025-10-01,P0072,Clinic B,Dermatology,1.0,324000,334,208.79999999999998,41138.36,208.79999999999998,197.0227969348659,89.7,95.6,68.1,80.5,325.0,292.5,-116.20000000000002,0.0,0.0,1.0,0.6424615384615384,0.0,27000.0,Below Threshold,Below Threshold
2025-10-01,P0073,ClinicA,OBGYN,0.75,342000,254,1675.72,320448.52,2234.2933333333335,191.23034874561384,93.6,79.3,70.1,82.2,281.25,253.125,1394.47,1422.595,71129.75,1.1,5.958115555555556,78242.725,106742.725,Above Target,Eligible
2025-10-01,P0074,Clinic B,Primary Care,1.0,219000,331,557.7,52536.7,557.7,94.20243858705396,84.3,89.4,75.9,89.1,350.0,315.0,207.70000000000005,242.70000000000005,12135.000000000002,1.0,1.5934285714285716,12135.000000000002,30385.0,Above Target,Eligible
2025-10-01,P0075,Clinic B,Pediatrics,1.0,197000,338,267.83,25850.89,267.83,96.51977000336035,72.2,88.5,60.2,78.8,300.0,270.0,-32.170000000000016,0.0,0.0,0.9,0.8927666666666666,0.0,16416.666666666668,Below Threshold,Below Threshold
2025-10-01,P0076,Clinic B,Dermatology,0.5,306000,156,98.8,19425.01,197.6,196.6094129554656,93.4,83.8,83.7,71.3,162.5,146.25,-63.7,0.0,0.0,1.1,0.608,0.0,25500.0,Below Threshold,Below Threshold
2025-10-01,P0077,Clinic B,Cardiology,0.75,297000,229,182.57,48870.57,243.42666666666665,267.68127293640794,89.0,99.0,80.4,62.7,337.5,303.75,-154.93,0.0,0.0,1.0,0.5409481481481482,0.0,24750.0,Below Threshold,Below Threshold
2025-10-01,P0078,Clinic B,OBGYN,1.0,306000,351,2347.97,448701.35,2347.97,191.1018241289284,82.0,82.0,91.2,99.0,375.0,337.5,1972.9699999999998,2010.4699999999998,100523.49999999999,1.0,6.2612533333333324,100523.49999999999,126023.49999999999,Above Target,Eligible
2025-10-01,P0079,Clinic B,Cardiology,1.0,336000,335,244.48,65794.21,244.48,269.1189872382199,83.2,84.3,71.3,79.9,450.0,405.0,-205.52,0.0,0.0,1.0,0.5432888888888888,0.0,28000.0,Below Threshold,Below Threshold
2025-10-01,P0080,Clinic B,General Surgery,0.5,316000,178,895.32,136765.05,1790.64,152.75549524192465,89.4,86.9,80.7,84.9,212.5,191.25,682.82,704.07,35203.5,1.0,4.213270588235295,35203.5,61536.83333333333,Above Target,Eligible
2025-11-01,P0001,Clinic D,Primary Care,1.0,242000,309,526.01,49928.25,526.01,94.91882283606776,83.6,77.5,83.1,71.4,350.0,315.0,176.01,211.01,10550.5,1.0,1.5028857142857142,10550.5,30717.166666666668,Above Target,Eligible
2025-11-01,P0002,Clinic C,Primary Care,0.5,249000,139,225.84,21565.45,451.68,95.48994863620263,86.6,85.0,66.3,93.7,175.0,157.5,50.84,68.34,3417.0,1.0,1.2905142857142857,3417.0,24167.0,Above Target,Eligible
2025-11-01,P0003,Clinic C,OBGYN,1.0,254000,293,1914.3,363858.74,1914.3,190.0740427310244,82.4,87.2,87.7,96.3,375.0,337.5,1539.3,1576.8,78840.0,1.0,5.1048,78840.0,100006.66666666667,Above Target,Eligible
2025-11-01,P0004,Clinic B,OBGYN,1.0,342000,279,1812.39,345229.78,1812.39,190.48316311610637,79.3,91.1,81.9,78.2,375.0,337.5,1437.39,1474.89,73744.5,0.9,4.8330400000000004,66370.05,94870.05,Above Target,Eligible
2025-11-01,P0005,Clinic B,OBGYN,1.0,289000,305,2038.3600000000001,387137.6,2038.3600000000001,189.92601895641593,82.6,82.5,93.0,86.1,375.0,337.5,1663.3600000000001,1700.8600000000001,85043.0,1.0,5.435626666666667,85043.0,109126.33333333333,Above Target,Eligible
2025-11-01,P0006,ClinicA,Pediatrics,1.0,184000,294,237.3,22654.26,237.3,95.46675094816686,78.6,95.8,61.6,80.5,300.0,270.0,-62.69999999999999,0.0,0.0,0.9,0.791,0.0,15333.333333333334,Below Threshold,Below Threshold
2025-11-01,P0007,Clinic B,Dermatology,1.0,326000,302,187.79999999999998,36959.48,187.79999999999998,196.80234291799792,85.0,91.3,86.0,78.2,325.0,292.5,-137.20000000000002,0.0,0.0,1.0,0.5778461538461538,0.0,27166.666666666668,Below Threshold,Below Threshold
2025-11-01,P0008,ClinicA,General Surgery,1.0,434000,281,1385.57,210509.84,1385.57,151.93013705550786,93.0,84.4,80.2,84.1,425.0,382.5,960.5699999999999,1003.0699999999999,50153.5,1.1,3.2601647058823526,55168.850000000006,91335.51666666666,Above Target,Eligible
2025-11-01,P0009,Clinic B,General Surgery,0.75,370000,236,1130.53,171659.12,1507.3733333333332,151.83950890290396,92.7,83.9,72.3,81.3,318.75,286.875,811.78,843.655,42182.75,1.1,3.5467607843137254,46401.025,77234.35833333334,Above Target,Eligible
2025-11-01,P0010,ClinicA,Pediatrics,0.75,221000,232,184.38,17906.49,245.84,97.11731207289294,88.2,87.3,75.7,84.0,225.0,202.5,-40.620000000000005,0.0,0.0,1.0,0.8194666666666667,0.0,18416.666666666668,Below Threshold,Below Threshold
2025-11-01,P0011,Clinic B,Dermatology,1.0,283000,310,193.6,38142.03,193.6,197.01461776859503,85.2,89.0,76.0,78.6,325.0,292.5,-131.4,0.0,0.0,1.0,0.5956923076923076,0.0,23583.333333333332,Below Threshold,Below Threshold
2025-11-01,P0012,ClinicA,Dermatology,1.0,269000,279,176.5,34741.25,176.5,196.8342776203966,79.2,94.4,74.0,73.1,325.0,292.5,-148.5,0.0,0.0,0.9,0.5430769230769231,0.0,22416.666666666668,Below Threshold,Below Threshold
2025-11-01,P0013,ClinicA,Pediatrics,1.0,194000,304,261.75,24725.55,261.75,94.46246418338109,88.8,87.1,83.7,91.0,300.0,270.0,-38.25,0.0,0.0,1.0,0.8725,0.0,16166.666666666666,Below Threshold,Below Threshold
2025-11-01,P0014,Clinic B,Pediatrics,1.0,230000,290,256.46,24038.4,256.46,93.73157607424162,82.9,79.6,82.3,95.1,300.0,270.0,-43.54000000000002,0.0,0.0,1.0,0.8548666666666666,0.0,19166.666666666668,Below Threshold,Below Threshold
2025-11-01,P0015,Clinic B,General Surgery,1.0,425000,294,1537.14,239924.7,1537.14,156.08513212849837,85.1,88.8,81.0,81.2,425.0,382.5,1112.14,1154.64,57732.00000000001,1.0,3.6168,57732.00000000001,93148.66666666667,Above Target,Eligible
2025-11-01,P0016,Clinic B,Pediatrics,1.0,197000,277,234.31,22236.86,234.31,94.90358926208869,91.6,85.4,82.9,76.7,300.0,270.0,-65.69,0.0,0.0,1.1,0.7810333333333334,0.0,16416.666666666668,Below Threshold,Below Threshold
2025-11-01,P0017,Clinic B,Cardiology,0.75,304000,213,155.91,41523.97,207.88,266.33294849592716,78.5,88.6,82.3,94.3,337.5,303.75,-181.59,0.0,0.0,0.9,0.46195555555555556,0.0,25333.333333333332,Below Threshold,Below Threshold
2025-11-01,P0018,ClinicA,OBGYN,1.0,313000,302,1939.09,369382.16,1939.09,190.4925300011861,83.8,93.9,84.3,73.2,375.0,337.5,1564.09,1601.59,80079.5,1.0,5.170906666666666,80079.5,106162.83333333333,Above Target,Eligible
2025-11-01,P0019,Clinic B,Pediatrics,1.0,208000,304,250.99,24140.91,250.99,96.18275628511095,82.9,91.0,81.0,72.7,300.0,270.0,-49.00999999999999,0.0,0.0,1.0,0.8366333333333333,0.0,17333.333333333332,Below Threshold,Below Threshold
2025-11-01,P0020,Clinic B,Pediatrics,0.75,187000,249,187.29,18523.14,249.72,98.90084895082492,90.0,94.7,83.3,89.8,225.0,202.5,-37.71000000000001,0.0,0.0,1.1,0.8323999999999999,0.0,15583.333333333334,Below Threshold,Below Threshold
2025-11-01,P0021,Clinic B,Pediatrics,1.0,214000,322,261.13,24925.12,261.13,95.45100141691877,80.6,84.3,76.0,81.6,300.0,270.0,-38.870000000000005,0.0,0.0,1.0,0.8704333333333333,0.0,17833.333333333332,Below Threshold,Below Threshold
2025-11-01,P0022,Clinic D,Primary Care,1.0,223000,308,507.08,48266.18,507.08,95.18454681707028,90.0,83.2,87.9,88.4,350.0,315.0,157.07999999999998,192.07999999999998,9604.0,1.1,1.4487999999999999,10564.400000000001,29147.733333333334,Above Target,Eligible
2025-11-01,P0023,Clinic C,Primary Care,1.0,192000,311,546.17,51045.66,546.17,93.4611201640515,75.1,95.2,80.0,74.8,350.0,315.0,196.16999999999996,231.16999999999996,11558.499999999998,0.9,1.5604857142857143,10402.649999999998,26402.649999999998,Above Target,Eligible
2025-11-01,P0024,ClinicA,Orthopedics,0.75,361000,210,1454.4,261809.0,1939.2,180.01168866886687,73.2,86.6,90.0,88.6,356.25,320.625,1098.15,1133.775,56688.75000000001,0.9,4.082526315789474,51019.87500000001,81103.20833333334,Above Target,Eligible
2025-11-01,P0025,Clinic B,Dermatology,0.75,256000,232,148.6,29372.97,198.13333333333333,197.66467025572007,81.2,88.9,79.1,80.1,243.75,219.375,-95.15,0.0,0.0,1.0,0.6096410256410256,0.0,21333.333333333332,Below Threshold,Below Threshold
2025-11-01,P0026,ClinicA,OBGYN,0.75,313000,250,1687.9,323209.22,2250.5333333333333,191.48600035547128,79.1,90.3,88.7,71.7,281.25,253.125,1406.65,1434.775,71738.75,0.9,6.001422222222223,64564.875,90648.20833333333,Above Target,Eligible
2025-11-01,P0027,Clinic C,Primary Care,1.0,230000,295,489.47,46335.77,489.47,94.66518887776573,73.7,79.2,98.1,82.4,350.0,315.0,139.47000000000003,174.47000000000003,8723.500000000002,0.9,1.3984857142857143,7851.1500000000015,27017.81666666667,Above Target,Eligible
2025-11-01,P0028,ClinicA,Orthopedics,1.0,325000,338,2017.6000000000001,366023.14,2017.6000000000001,181.4151169706582,86.5,80.7,68.6,98.6,475.0,427.5,1542.6000000000001,1590.1000000000001,79505.0,1.0,4.247578947368421,79505.0,106588.33333333333,Above Target,Eligible
2025-11-01,P0029,ClinicA,Orthopedics,0.5,408000,168,998.4,180191.3,1996.8,180.48006810897436,96.2,78.7,74.7,85.8,237.5,213.75,760.9,784.65,39232.5,1.1,4.2037894736842105,43155.75,77155.75,Above Target,Eligible
2025-11-01,P0030,ClinicA,General Surgery,0.75,375000,232,1172.23,181054.1,1562.9733333333334,154.45270979244688,81.1,97.3,82.1,79.3,318.75,286.875,853.48,885.355,44267.75,1.0,3.6775843137254904,44267.75,75517.75,Above Target,Eligible
2025-11-01,P0031,ClinicA,Dermatology,1.0,295000,310,195.6,38530.37,195.6,196.98553169734154,85.0,81.8,82.6,74.0,325.0,292.5,-129.4,0.0,0.0,1.0,0.6018461538461538,0.0,24583.333333333332,Below Threshold,Below Threshold
2025-11-01,P0032,ClinicA,Cardiology,1.0,356000,312,229.93,61893.2,229.93,269.1827947636237,89.7,91.1,84.3,91.1,450.0,405.0,-220.07,0.0,0.0,1.0,0.5109555555555556,0.0,29666.666666666668,Below Threshold,Below Threshold
2025-11-01,P0033,ClinicA,General Surgery,0.5,318000,138,678.14,103077.03,1356.28,151.99963134456013,99.0,90.2,80.7,80.2,212.5,191.25,465.64,486.89,24344.5,1.1,3.1912470588235293,26778.95,53278.95,Above Target,Eligible
2025-11-01,P0034,Clinic B,Orthopedics,1.0,405000,309,2263.2,407358.46,2263.2,179.99224991162959,73.9,76.7,89.9,88.2,475.0,427.5,1788.1999999999998,1835.6999999999998,91784.99999999999,0.9,4.764631578947368,82606.49999999999,116356.49999999999,Above Target,Eligible
2025-11-01,P0035,ClinicA,Pediatrics,1.0,227000,279,218.07999999999998,21356.15,218.07999999999998,97.92805392516509,79.0,87.7,78.6,85.2,300.0,270.0,-81.92000000000002,0.0,0.0,0.9,0.7269333333333333,0.0,18916.666666666668,Below Threshold,Below Threshold
2025-11-01,P0036,Clinic B,Cardiology,1.0,313000,305,236.72,62993.86,236.72,266.1112706995607,94.4,89.6,77.0,84.9,450.0,405.0,-213.28,0.0,0.0,1.1,0.5260444444444444,0.0,26083.333333333332,Below Threshold,Below Threshold
2025-11-01,P0037,ClinicA,Primary Care,1.0,217000,302,526.9,49252.2,526.9,93.4754222812678,70.1,89.7,82.6,75.3,350.0,315.0,176.89999999999998,211.89999999999998,10594.999999999998,0.9,1.5054285714285713,9535.499999999998,27618.83333333333,Above Target,Eligible
2025-11-01,P0038,ClinicA,General Surgery,1.0,387000,293,1457.58,223708.97,1457.58,153.47971980954733,85.8,77.1,83.6,83.5,425.0,382.5,1032.58,1075.08,53754.0,1.0,3.4295999999999998,53754.0,86004.0,Above Target,Eligible
2025-11-01,P0039,ClinicA,Pediatrics,1.0,226000,311,269.51,25361.69,269.51,94.102964639531,86.7,87.4,62.8,64.3,300.0,270.0,-30.49000000000001,0.0,0.0,1.0,0.8983666666666666,0.0,18833.333333333332,Below Threshold,Below Threshold
2025-11-01,P0040,Clinic B,Pediatrics,1.0,218000,299,232.99,22636.85,232.99,97.15803253358513,71.3,85.1,87.4,89.2,300.0,270.0,-67.00999999999999,0.0,0.0,0.9,0.7766333333333334,0.0,18166.666666666668,Below Threshold,Below Threshold
2025-11-01,P0041,Clinic C,Primary Care,1.0,195000,297,500.74,47455.74,500.74,94.77121859647721,87.5,87.9,90.8,95.6,350.0,315.0,150.74,185.74,9287.0,1.0,1.4306857142857143,9287.0,25537.0,Above Target,Eligible
2025-11-01,P0042,Clinic B,OBGYN,0.5,294000,143,1046.1,202414.34,2092.2,193.49425485135265,86.0,90.6,85.1,73.4,187.5,168.75,858.5999999999999,877.3499999999999,43867.49999999999,1.0,5.579199999999999,43867.49999999999,68367.5,Above Target,Eligible
2025-11-01,P0043,ClinicA,Cardiology,0.75,292000,239,168.31,45199.02,224.41333333333333,268.54625393618915,89.0,82.6,84.2,91.2,337.5,303.75,-169.19,0.0,0.0,1.0,0.4986962962962963,0.0,24333.333333333332,Below Threshold,Below Threshold
2025-11-01,P0044,Clinic B,Cardiology,0.75,391000,210,147.42,39612.37,196.55999999999997,268.7041785375119,88.0,99.0,99.0,90.7,337.5,303.75,-190.08,0.0,0.0,1.0,0.43679999999999997,0.0,32583.333333333332,Below Threshold,Below Threshold
2025-11-01,P0045,Clinic B,Dermatology,1.0,309000,284,178.79999999999998,35299.14,178.79999999999998,197.4224832214765,85.1,83.4,51.1,79.7,325.0,292.5,-146.20000000000002,0.0,0.0,1.0,0.5501538461538461,0.0,25750.0,Below Threshold,Below Threshold
2025-11-01,P0046,ClinicA,Orthopedics,1.0,372000,273,2253.6,404169.61,2253.6,179.34398739794108,91.0,80.7,99.0,84.8,475.0,427.5,1778.6,1826.1,91305.0,1.1,4.744421052631579,100435.50000000001,131435.5,Above Target,Eligible
2025-11-01,P0047,Clinic B,Pediatrics,0.5,209000,161,130.47,12486.04,260.94,95.70046754043076,88.0,92.3,62.4,91.1,150.0,135.0,-19.53,0.0,0.0,1.0,0.8698,0.0,17416.666666666668,Below Threshold,Below Threshold
2025-11-01,P0048,ClinicA,General Surgery,1.0,386000,307,1577.3,245948.64,1577.3,155.93015913269514,81.0,76.0,79.0,89.3,425.0,382.5,1152.3,1194.8,59740.0,1.0,3.711294117647059,59740.0,91906.66666666667,Above Target,Eligible
2025-11-01,P0049,ClinicA,Pediatrics,0.75,200000,224,189.14,17815.39,252.18666666666664,94.19155123189172,80.1,84.8,84.9,79.0,225.0,202.5,-35.860000000000014,0.0,0.0,1.0,0.8406222222222222,0.0,16666.666666666668,Below Threshold,Below Threshold
2025-11-01,P0050,Clinic B,Pediatrics,1.0,181000,328,269.34,25823.13,269.34,95.8755847627534,94.5,86.8,86.8,87.5,300.0,270.0,-30.660000000000025,0.0,0.0,1.1,0.8977999999999999,0.0,15083.333333333334,Below Threshold,Below Threshold
2025-11-01,P0051,Clinic B,Orthopedics,1.0,321000,272,2003.2,360640.46,2003.2,180.032178514377,86.6,81.3,83.7,80.2,475.0,427.5,1528.2,1575.7,78785.0,1.0,4.217263157894737,78785.0,105535.0,Above Target,Eligible
2025-11-01,P0052,Clinic B,Orthopedics,0.75,401000,250,1601.6,288473.11,2135.4666666666667,180.11557817182816,97.4,86.7,92.2,94.0,356.25,320.625,1245.35,1280.975,64048.74999999999,1.1,4.495719298245613,70453.625,103870.29166666666,Above Target,Eligible
2025-11-01,P0053,Clinic B,Primary Care,1.0,234000,297,516.34,48419.94,516.34,93.77530309485998,82.7,83.4,83.2,72.9,350.0,315.0,166.34000000000003,201.34000000000003,10067.000000000002,1.0,1.475257142857143,10067.000000000002,29567.0,Above Target,Eligible
2025-11-01,P0054,Clinic B,Dermatology,0.75,342000,217,135.9,26768.22,181.20000000000002,196.9699779249448,87.8,76.4,85.5,86.9,243.75,219.375,-107.85,0.0,0.0,1.0,0.5575384615384615,0.0,28500.0,Below Threshold,Below Threshold
2025-11-01,P0055,ClinicA,Dermatology,0.5,305000,159,98.69999999999999,19359.94,197.39999999999998,196.14934143870315,87.0,75.3,65.0,84.4,162.5,146.25,-63.80000000000001,0.0,0.0,1.0,0.6073846153846153,0.0,25416.666666666668,Below Threshold,Below Threshold
2025-11-01,P0056,ClinicA,Pediatrics,1.0,228000,326,292.71999999999997,27433.71,292.71999999999997,93.71997130363488,89.7,86.8,70.4,79.6,300.0,270.0,-7.28000000000003,22.71999999999997,1135.9999999999986,1.0,0.9757333333333332,1135.9999999999986,20136.0,At / Near Target,Eligible
2025-11-01,P0057,ClinicA,Dermatology,1.0,279000,323,203.89999999999998,40272.29,203.89999999999998,197.5100049043649,73.9,85.8,72.5,95.7,325.0,292.5,-121.10000000000002,0.0,0.0,0.9,0.6273846153846153,0.0,23250.0,Below Threshold,Below Threshold
2025-11-01,P0058,Clinic B,General Surgery,0.75,440000,199,1057.76,165499.47,1410.3466666666666,156.46221260021176,90.5,82.7,50.0,79.9,318.75,286.875,739.01,770.885,38544.25,1.1,3.318462745098039,42398.675,79065.34166666667,Above Target,Eligible
2025-11-01,P0059,ClinicA,Cardiology,0.5,332000,148,115.6,30917.87,231.2,267.45562283737024,78.8,85.1,76.0,84.1,225.0,202.5,-109.4,0.0,0.0,0.9,0.5137777777777778,0.0,27666.666666666668,Below Threshold,Below Threshold
2025-11-01,P0060,Clinic B,Dermatology,1.0,325000,313,196.89999999999998,38981.0,196.89999999999998,197.97359065515494,80.3,85.0,89.6,85.9,325.0,292.5,-128.10000000000002,0.0,0.0,1.0,0.6058461538461538,0.0,27083.333333333332,Below Threshold,Below Threshold
2025-11-01,P0061,Clinic C,OBGYN,1.0,297000,283,1856.42,353465.52,1856.42,190.4016978916409,94.6,90.1,70.5,65.3,375.0,337.5,1481.42,1518.92,75946.0,1.1,4.950453333333334,83540.6,108290.6,Above Target,Eligible
2025-11-01,P0062,ClinicA,Pediatrics,1.0,220000,301,250.19,23787.94,250.19,95.07949958031895,96.5,83.5,75.6,89.3,300.0,270.0,-49.81,0.0,0.0,1.1,0.8339666666666666,0.0,18333.333333333332,Below Threshold,Below Threshold
2025-11-01,P0063,ClinicA,Orthopedics,0.5,412000,159,1010.4,182918.15,2020.8,181.03538202692002,91.0,82.0,77.4,83.1,237.5,213.75,772.9,796.65,39832.5,1.1,4.254315789473684,43815.75,78149.08333333334,Above Target,Eligible
2025-11-01,P0064,ClinicA,Orthopedics,1.0,336000,302,2296.0,412658.43,2296.0,179.729281358885,72.3,89.4,68.3,84.0,475.0,427.5,1821.0,1868.5,93425.0,0.9,4.833684210526315,84082.5,112082.5,Above Target,Eligible
2025-11-01,P0065,ClinicA,Primary Care,1.0,199000,322,530.26,50434.63,530.26,95.11302002791084,99.0,84.9,66.2,88.8,350.0,315.0,180.26,215.26,10763.0,1.1,1.5150285714285714,11839.300000000001,28422.63333333333,Above Target,Eligible
2025-11-01,P0066,ClinicA,OBGYN,1.0,336000,276,1705.09,323245.92,1705.09,189.5770428540429,78.7,90.4,78.0,67.1,375.0,337.5,1330.09,1367.59,68379.5,0.9,4.546906666666667,61541.55,89541.55,Above Target,Eligible
2025-11-01,P0067,ClinicA,Primary Care,1.0,237000,321,542.96,51427.31,542.96,94.71657212317665,90.1,80.9,88.6,81.9,350.0,315.0,192.96000000000004,227.96000000000004,11398.000000000002,1.1,1.5513142857142859,12537.800000000003,32287.800000000003,Above Target,Eligible
2025-11-01,P0068,Clinic B,Orthopedics,1.0,322000,311,1804.0,327578.71,1804.0,181.58465077605322,75.0,79.0,61.5,77.9,475.0,427.5,1329.0,1376.5,68825.0,0.9,3.7978947368421054,61942.5,88775.83333333333,Above Target,Eligible
2025-11-01,P0069,ClinicA,Dermatology,0.75,263000,215,134.29999999999998,26580.61,179.06666666666663,197.91965748324648,77.6,80.4,69.0,99.0,243.75,219.375,-109.45000000000002,0.0,0.0,0.9,0.5509743589743589,0.0,21916.666666666668,Below Threshold,Below Threshold
2025-11-01,P0070,Clinic C,Primary Care,0.75,220000,201,348.05,32643.47,464.06666666666666,93.78959919551788,83.2,89.9,84.6,74.7,262.5,236.25,85.55000000000001,111.80000000000001,5590.000000000001,1.0,1.325904761904762,5590.000000000001,23923.333333333332,Above Target,Eligible
2025-11-01,P0071,Clinic B,Dermatology,1.0,270000,298,187.6,36983.75,187.6,197.14152452025587,78.6,82.7,86.4,82.3,325.0,292.5,-137.4,0.0,0.0,0.9,0.5772307692307692,0.0,22500.0,Below Threshold,Below Threshold
2025-11-01,P0072,Clinic B,Dermatology,1.0,324000,303,191.7,37735.96,191.7,196.8490349504434,87.7,91.6,84.5,84.2,325.0,292.5,-133.3,0.0,0.0,1.0,0.5898461538461538,0.0,27000.0,Below Threshold,Below Threshold
2025-11-01,P0073,ClinicA,OBGYN,0.75,342000,242,1631.96,312210.44,2175.9466666666667,191.31010563984412,70.5,99.0,87.7,77.7,281.25,253.125,1350.71,1378.835,68941.75,0.9,5.802524444444445,62047.575000000004,90547.57500000001,Above Target,Eligible
2025-11-01,P0074,Clinic B,Primary Care,1.0,219000,310,517.99,49211.86,517.99,95.00542481515087,89.2,78.0,72.1,75.8,350.0,315.0,167.99,202.99,10149.5,1.0,1.4799714285714285,10149.5,28399.5,Above Target,Eligible
2025-11-01,P0075,Clinic B,Pediatrics,1.0,197000,312,255.13,24472.91,255.13,95.92329400697683,67.3,77.1,80.3,71.9,300.0,270.0,-44.870000000000005,0.0,0.0,0.75,0.8504333333333333,0.0,16416.666666666668,Below Threshold,Below Threshold
2025-11-01,P0076,Clinic B,Dermatology,0.5,306000,147,92.1,18079.96,184.2,196.30792616720956,73.4,97.0,81.9,67.2,162.5,146.25,-70.4,0.0,0.0,0.9,0.5667692307692307,0.0,25500.0,Below Threshold,Below Threshold
2025-11-01,P0077,Clinic B,Cardiology,0.75,297000,218,164.74,44210.77,219.65333333333334,268.3669418477601,90.5,78.5,65.9,82.7,337.5,303.75,-172.76,0.0,0.0,1.1,0.48811851851851856,0.0,24750.0,Below Threshold,Below Threshold
2025-11-01,P0078,Clinic B,OBGYN,1.0,306000,306,2047.3600000000001,390714.86,2047.3600000000001,190.8383772272585,73.0,93.4,64.9,81.4,375.0,337.5,1672.3600000000001,1709.8600000000001,85493.0,0.9,5.459626666666667,76943.7,102443.7,Above Target,Eligible
2025-11-01,P0079,Clinic B,Cardiology,1.0,336000,322,247.59,66566.41,247.59,268.85742558261643,73.9,94.7,75.0,79.9,450.0,405.0,-202.41,0.0,0.0,0.9,0.5502,0.0,28000.0,Below Threshold,Below Threshold
2025-11-01,P0080,Clinic B,General Surgery,0.5,316000,143,733.14,114887.03,1466.28,156.7054450718826,72.6,83.6,61.7,96.5,212.5,191.25,520.64,541.89,27094.5,0.9,3.450070588235294,24385.05,50718.38333333333,Above Target,Eligible
2025-12-01,P0001,Clinic D,Primary Care,1.0,242000,361,594.53,56560.08,594.53,95.13410593241721,77.7,95.1,86.0,89.4,350.0,315.0,244.52999999999997,279.53,13976.499999999998,0.9,1.6986571428571429,12578.849999999999,32745.516666666666,Above Target,Eligible
2025-12-01,P0002,Clinic C,Primary Care,0.5,249000,170,284.88,27026.15,569.76,94.86854114012918,83.8,86.3,86.4,68.1,175.0,157.5,109.88,127.38,6369.0,1.0,1.6278857142857142,6369.0,27119.0,Above Target,Eligible
2025-12-01,P0003,Clinic C,OBGYN,1.0,254000,338,2279.15,435178.53,2279.15,190.93895969988813,78.7,85.7,83.5,78.4,375.0,337.5,1904.15,1941.65,97082.5,0.9,6.077733333333334,87374.25,108540.91666666667,Above Target,Eligible
2025-12-01,P0004,Clinic B,OBGYN,1.0,342000,340,2273.06,433785.65,2273.06,190.83774735378742,86.3,88.4,55.7,73.4,375.0,337.5,1898.06,1935.56,96778.0,1.0,6.061493333333333,96778.0,125278.0,Above Target,Eligible
2025-12-01,P0005,Clinic B,OBGYN,1.0,289000,331,2135.85,406969.96,2135.85,190.54238827633029,97.9,93.2,72.5,88.9,375.0,337.5,1760.85,1798.35,89917.5,1.1,5.6956,98909.25000000001,122992.58333333334,Above Target,Eligible
2025-12-01,P0006,ClinicA,Pediatrics,1.0,184000,302,241.28,23318.15,241.28,96.64352619363396,65.7,92.0,81.5,85.3,300.0,270.0,-58.72,0.0,0.0,0.75,0.8042666666666667,0.0,15333.333333333334,Below Threshold,Below Threshold
2025-12-01,P0007,Clinic B,Dermatology,1.0,326000,336,212.2,41755.01,212.2,196.77196041470313,77.0,95.0,73.0,89.2,325.0,292.5,-112.80000000000001,0.0,0.0,0.9,0.6529230769230769,0.0,27166.666666666668,Below Threshold,Below Threshold
2025-12-01,P0008,ClinicA,General Surgery,1.0,434000,329,1690.75,261318.03,1690.75,154.557462664498,92.3,90.0,74.7,99.0,425.0,382.5,1265.75,1308.25,65412.5,1.1,3.978235294117647,71953.75,108120.41666666666,Above Target,Eligible
2025-12-01,P0009,Clinic B,General Surgery,0.75,370000,254,1242.83,190569.37,1657.1066666666666,153.335025707458,97.9,82.0,86.4,79.6,318.75,286.875,924.0799999999999,955.9549999999999,47797.75,1.1,3.8990745098039215,52577.525,83410.85833333334,Above Target,Eligible
2025-12-01,P0010,ClinicA,Pediatrics,0.75,221000,251,214.82,20330.71,286.4266666666667,94.6406759147193,78.1,84.1,71.8,90.0,225.0,202.5,-10.180000000000007,12.319999999999993,615.9999999999997,0.9,0.9547555555555556,554.3999999999997,18971.06666666667,At / Near Target,Eligible
2025-12-01,P0011,Clinic B,Dermatology,1.0,283000,297,187.89999999999998,37008.44,187.89999999999998,196.95816923895694,75.2,86.1,60.0,80.7,325.0,292.5,-137.10000000000002,0.0,0.0,0.9,0.5781538461538461,0.0,23583.333333333332,Below Threshold,Below Threshold
2025-12-01,P0012,ClinicA,Dermatology,1.0,269000,293,185.89999999999998,36753.87,185.89999999999998,197.70774610005384,76.4,89.2,88.6,85.0,325.0,292.5,-139.10000000000002,0.0,0.0,0.9,0.572,0.0,22416.666666666668,Below Threshold,Below Threshold
2025-12-01,P0013,ClinicA,Pediatrics,1.0,194000,317,283.19,26530.41,283.19,93.68413432677707,79.7,85.0,71.3,92.6,300.0,270.0,-16.810000000000002,13.189999999999998,659.4999999999999,0.9,0.9439666666666666,593.55,16760.216666666667,At / Near Target,Eligible
2025-12-01,P0014,Clinic B,Pediatrics,1.0,230000,298,269.34,25161.61,269.34,93.41950694289747,77.6,87.1,76.8,96.0,300.0,270.0,-30.660000000000025,0.0,0.0,0.9,0.8977999999999999,0.0,19166.666666666668,Below Threshold,Below Threshold
2025-12-01,P0015,Clinic B,General Surgery,1.0,425000,368,1931.21,300820.53,1931.21,155.7679019889085,92.2,98.8,84.9,82.8,425.0,382.5,1506.21,1548.71,77435.5,1.1,4.544023529411764,85179.05,120595.71666666667,Above Target,Eligible
2025-12-01,P0016,Clinic B,Pediatrics,1.0,197000,335,286.18,26908.98,286.18,94.02816409252917,80.2,70.1,57.1,76.6,300.0,270.0,-13.819999999999993,16.180000000000007,809.0000000000003,1.0,0.9539333333333334,809.0000000000003,17225.666666666668,At / Near Target,Eligible
2025-12-01,P0017,Clinic B,Cardiology,0.75,304000,252,202.44,54168.98,269.92,267.58041888954756,92.0,87.8,87.6,88.4,337.5,303.75,-135.06,0.0,0.0,1.1,0.5998222222222223,0.0,25333.333333333332,Below Threshold,Below Threshold
2025-12-01,P0018,ClinicA,OBGYN,1.0,313000,339,2376.48,455519.68,2376.48,191.6783141452905,98.1,92.2,80.8,66.9,375.0,337.5,2001.48,2038.98,101949.0,1.1,6.33728,112143.90000000001,138227.23333333334,Above Target,Eligible
2025-12-01,P0019,Clinic B,Pediatrics,1.0,208000,374,322.88,30313.6,322.88,93.8850346878097,86.9,86.3,77.6,94.9,300.0,270.0,22.879999999999995,52.879999999999995,2644.0,1.0,1.0762666666666667,2644.0,19977.333333333332,Above Target,Eligible
2025-12-01,P0020,Clinic B,Pediatrics,0.75,187000,272,222.05,21320.67,296.06666666666666,96.01742850709299,99.0,91.0,87.7,72.3,225.0,202.5,-2.9499999999999886,19.55000000000001,977.5000000000006,1.1,0.9868888888888889,1075.2500000000007,16658.583333333336,At / Near Target,Eligible
2025-12-01,P0021,Clinic B,Pediatrics,1.0,214000,352,292.8,27954.52,292.8,95.47308743169398,95.1,86.3,92.2,74.9,300.0,270.0,-7.199999999999989,22.80000000000001,1140.0000000000005,1.1,0.9760000000000001,1254.0000000000007,19087.333333333332,At / Near Target,Eligible
2025-12-01,P0022,Clinic D,Primary Care,1.0,223000,320,544.48,51510.97,544.48,94.60580737584485,84.5,82.1,85.9,79.6,350.0,315.0,194.48000000000002,229.48000000000002,11474.0,1.0,1.5556571428571428,11474.0,30057.333333333332,Above Target,Eligible
2025-12-01,P0023,Clinic C,Primary Care,1.0,192000,342,588.93,55253.33,588.93,93.81985974564041,87.9,87.6,91.3,78.2,350.0,315.0,238.92999999999995,273.92999999999995,13696.499999999998,1.0,1.6826571428571426,13696.499999999998,29696.5,Above Target,Eligible
2025-12-01,P0024,ClinicA,Orthopedics,0.75,361000,281,2125.6,382199.41,2834.133333333333,179.8077766277757,83.3,86.3,78.0,75.0,356.25,320.625,1769.35,1804.975,90248.75,1.0,5.96659649122807,90248.75,120332.08333333333,Above Target,Eligible
2025-12-01,P0025,Clinic B,Dermatology,0.75,256000,262,164.2,32199.14,218.9333333333333,196.0970767356882,86.9,86.3,77.3,77.1,243.75,219.375,-79.55000000000001,0.0,0.0,1.0,0.6736410256410256,0.0,21333.333333333332,Below Threshold,Below Threshold
2025-12-01,P0026,ClinicA,OBGYN,0.75,313000,250,1679.8700000000001,321162.4,2239.826666666667,191.18288915213677,75.4,84.6,72.9,88.6,281.25,253.125,1398.6200000000001,1426.7450000000001,71337.25,0.9,5.972871111111112,64203.525,90286.85833333334,Above Target,Eligible
2025-12-01,P0027,Clinic C,Primary Care,1.0,230000,381,647.06,60959.21,647.06,94.20951689178747,88.7,78.3,67.1,75.4,350.0,315.0,297.05999999999995,332.05999999999995,16602.999999999996,1.0,1.848742857142857,16602.999999999996,35769.666666666664,Above Target,Eligible
2025-12-01,P0028,ClinicA,Orthopedics,1.0,325000,352,2220.8,399786.18,2220.8,180.01899315561957,78.4,93.4,82.4,96.3,475.0,427.5,1745.8000000000002,1793.3000000000002,89665.00000000001,0.9,4.675368421052632,80698.50000000001,107781.83333333334,Above Target,Eligible
2025-12-01,P0029,ClinicA,Orthopedics,0.5,408000,160,1011.2,182676.85,2022.4,180.65353045886076,83.0,84.5,49.4,84.2,237.5,213.75,773.7,797.45,39872.5,1.0,4.257684210526316,39872.5,73872.5,Above Target,Eligible
2025-12-01,P0030,ClinicA,General Surgery,0.75,375000,274,1291.43,194036.05,1721.9066666666668,150.24898755642968,84.9,85.2,80.3,72.3,318.75,286.875,972.6800000000001,1004.5550000000001,50227.75,1.0,4.051545098039216,50227.75,81477.75,Above Target,Eligible
2025-12-01,P0031,ClinicA,Dermatology,1.0,295000,361,228.5,45173.05,228.5,197.6938730853392,93.5,83.8,82.4,99.0,325.0,292.5,-96.5,0.0,0.0,1.1,0.703076923076923,0.0,24583.333333333332,Below Threshold,Below Threshold
2025-12-01,P0032,ClinicA,Cardiology,1.0,356000,304,223.25,60162.56,223.25,269.48515117581184,81.4,99.0,70.4,90.4,450.0,405.0,-226.75,0.0,0.0,1.0,0.4961111111111111,0.0,29666.666666666668,Below Threshold,Below Threshold
2025-12-01,P0033,ClinicA,General Surgery,0.5,318000,176,933.3100000000001,145724.44,1866.6200000000001,156.13723200222861,84.7,96.7,87.9,69.7,212.5,191.25,720.8100000000001,742.0600000000001,37103.0,1.0,4.39204705882353,37103.0,63603.0,Above Target,Eligible
2025-12-01,P0034,Clinic B,Orthopedics,1.0,405000,365,2365.6,424694.32,2365.6,179.52921880284072,88.4,86.6,74.7,67.3,475.0,427.5,1890.6,1938.1,96905.0,1.0,4.98021052631579,96905.0,130655.0,Above Target,Eligible
2025-12-01,P0035,ClinicA,Pediatrics,1.0,227000,329,266.07,25524.13,266.07,95.9301311684895,93.7,89.5,62.4,84.8,300.0,270.0,-33.93000000000001,0.0,0.0,1.1,0.8869,0.0,18916.666666666668,Below Threshold,Below Threshold
2025-12-01,P0036,Clinic B,Cardiology,1.0,313000,348,270.63,72676.33,270.63,268.54498762147585,81.5,88.0,77.1,98.3,450.0,405.0,-179.37,0.0,0.0,1.0,0.6013999999999999,0.0,26083.333333333332,Below Threshold,Below Threshold
2025-12-01,P0037,ClinicA,Primary Care,1.0,217000,309,523.22,49334.49,523.22,94.29014563663468,82.4,93.3,71.6,68.3,350.0,315.0,173.22000000000003,208.22000000000003,10411.000000000002,1.0,1.4949142857142859,10411.000000000002,28494.333333333336,Above Target,Eligible
2025-12-01,P0038,ClinicA,General Surgery,1.0,387000,341,1754.19,272235.26,1754.19,155.19143308307537,74.0,87.3,71.7,73.7,425.0,382.5,1329.19,1371.69,68584.5,0.9,4.127505882352941,61726.05,93976.05,Above Target,Eligible
2025-12-01,P0039,ClinicA,Pediatrics,1.0,226000,350,289.36,27596.87,289.36,95.3720970417473,89.7,79.5,67.5,70.9,300.0,270.0,-10.639999999999986,19.360000000000014,968.0000000000007,1.0,0.9645333333333334,968.0000000000007,19801.333333333332,At / Near Target,Eligible
2025-12-01,P0040,Clinic B,Pediatrics,1.0,218000,328,294.83,27512.29,294.83,93.31577519248381,80.0,90.1,75.1,89.7,300.0,270.0,-5.170000000000016,24.829999999999984,1241.499999999999,1.0,0.9827666666666666,1241.499999999999,19408.166666666668,At / Near Target,Eligible
2025-12-01,P0041,Clinic C,Primary Care,1.0,195000,359,612.05,57606.55,612.05,94.12066007679113,68.7,83.4,84.4,99.0,350.0,315.0,262.04999999999995,297.04999999999995,14852.499999999998,0.75,1.7487142857142857,11139.374999999998,27389.375,Above Target,Eligible
2025-12-01,P0042,Clinic B,OBGYN,0.5,294000,173,1163.53,221189.21,2327.06,190.10185384132768,94.9,78.9,79.4,80.5,187.5,168.75,976.03,994.78,49739.0,1.1,6.205493333333333,54712.9,79212.9,Above Target,Eligible
2025-12-01,P0043,ClinicA,Cardiology,0.75,292000,235,182.26,48830.76,243.01333333333332,267.91813892241856,80.2,81.8,70.6,65.0,337.5,303.75,-155.24,0.0,0.0,1.0,0.5400296296296296,0.0,24333.333333333332,Below Threshold,Below Threshold
2025-12-01,P0044,Clinic B,Cardiology,0.75,391000,254,200.12,53936.91,266.82666666666665,269.5228362982211,94.0,84.5,87.1,71.9,337.5,303.75,-137.38,0.0,0.0,1.1,0.5929481481481481,0.0,32583.333333333332,Below Threshold,Below Threshold
2025-12-01,P0045,Clinic B,Dermatology,1.0,309000,358,222.79999999999998,43951.71,222.79999999999998,197.26979353680431,99.0,83.5,70.2,92.6,325.0,292.5,-102.20000000000002,0.0,0.0,1.1,0.6855384615384615,0.0,25750.0,Below Threshold,Below Threshold
2025-12-01,P0046,ClinicA,Orthopedics,1.0,372000,352,2144.0,389042.41,2144.0,181.45634794776117,72.6,81.9,79.8,68.1,475.0,427.5,1669.0,1716.5,85825.0,0.9,4.513684210526316,77242.5,108242.5,Above Target,Eligible
2025-12-01,P0047,Clinic B,Pediatrics,0.5,209000,161,131.01,12572.34,262.02,95.9647355163728,63.7,88.6,84.2,86.4,150.0,135.0,-18.99000000000001,0.0,0.0,0.75,0.8734,0.0,17416.666666666668,Below Threshold,Below Threshold
2025-12-01,P0048,ClinicA,General Surgery,1.0,386000,350,1741.78,266242.63,1741.78,152.8566351663241,80.3,95.4,71.9,88.0,425.0,382.5,1316.78,1359.28,67964.0,1.0,4.098305882352941,67964.0,100130.66666666667,Above Target,Eligible
2025-12-01,P0049,ClinicA,Pediatrics,0.75,200000,257,218.69,20543.52,291.58666666666664,93.93900041154146,82.7,86.5,66.0,91.4,225.0,202.5,-6.310000000000002,16.189999999999998,809.4999999999999,1.0,0.9719555555555556,809.4999999999999,17476.166666666668,At / Near Target,Eligible
2025-12-01,P0050,Clinic B,Pediatrics,1.0,181000,318,257.61,24849.43,257.61,96.4614339505454,87.1,93.6,78.0,72.7,300.0,270.0,-42.389999999999986,0.0,0.0,1.0,0.8587,0.0,15083.333333333334,Below Threshold,Below Threshold
2025-12-01,P0051,Clinic B,Orthopedics,1.0,321000,375,2488.8,448604.17,2488.8,180.24918434586948,67.7,81.6,80.2,70.0,475.0,427.5,2013.8000000000002,2061.3,103065.00000000001,0.75,5.239578947368422,77298.75000000001,104048.75000000001,Above Target,Eligible
2025-12-01,P0052,Clinic B,Orthopedics,0.75,401000,258,1512.0,272789.2,2016.0,180.41613756613756,97.2,82.1,76.0,83.7,356.25,320.625,1155.75,1191.375,59568.75,1.1,4.24421052631579,65525.62500000001,98942.29166666667,Above Target,Eligible
2025-12-01,P0053,Clinic B,Primary Care,1.0,234000,337,586.22,54902.03,586.22,93.65431066834977,74.9,80.4,71.3,86.8,350.0,315.0,236.22000000000003,271.22,13561.000000000002,0.9,1.6749142857142858,12204.900000000001,31704.9,Above Target,Eligible
2025-12-01,P0054,Clinic B,Dermatology,0.75,342000,242,153.79999999999998,30398.84,205.06666666666663,197.651755526658,71.8,95.3,88.8,85.8,243.75,219.375,-89.95000000000002,0.0,0.0,0.9,0.6309743589743589,0.0,28500.0,Below Threshold,Below Threshold
2025-12-01,P0055,ClinicA,Dermatology,0.5,305000,170,107.0,21023.2,214.0,196.4785046728972,80.3,94.4,81.1,77.8,162.5,146.25,-55.5,0.0,0.0,1.0,0.6584615384615384,0.0,25416.666666666668,Below Threshold,Below Threshold
2025-12-01,P0056,ClinicA,Pediatrics,1.0,228000,353,273.21,26666.43,273.21,97.6041506533436,81.5,90.2,71.7,82.1,300.0,270.0,-26.79000000000002,3.2099999999999795,160.49999999999898,1.0,0.9107,160.49999999999898,19160.5,At / Near Target,Eligible
2025-12-01,P0057,ClinicA,Dermatology,1.0,279000,338,213.6,41998.48,213.6,196.62209737827718,85.3,84.3,87.8,99.0,325.0,292.5,-111.4,0.0,0.0,1.0,0.6572307692307692,0.0,23250.0,Below Threshold,Below Threshold
2025-12-01,P0058,Clinic B,General Surgery,0.75,440000,263,1316.1200000000001,203482.2,1754.8266666666668,154.60763456219797,81.6,80.6,78.6,63.8,318.75,286.875,997.3700000000001,1029.2450000000001,51462.25000000001,1.0,4.129003921568628,51462.25000000001,88128.91666666667,Above Target,Eligible
2025-12-01,P0059,ClinicA,Cardiology,0.5,332000,148,118.26,31657.81,236.52,267.69668526974465,92.2,86.5,67.3,89.9,225.0,202.5,-106.74,0.0,0.0,1.1,0.5256000000000001,0.0,27666.666666666668,Below Threshold,Below Threshold
2025-12-01,P0060,Clinic B,Dermatology,1.0,325000,360,226.6,44671.14,226.6,197.13654015887025,76.2,97.5,69.4,77.4,325.0,292.5,-98.4,0.0,0.0,0.9,0.6972307692307692,0.0,27083.333333333332,Below Threshold,Below Threshold
2025-12-01,P0061,Clinic C,OBGYN,1.0,297000,358,2507.33,482712.57,2507.33,192.52055772475103,89.2,82.3,73.3,86.1,375.0,337.5,2132.33,2169.83,108491.5,1.0,6.686213333333333,108491.5,133241.5,Above Target,Eligible
2025-12-01,P0062,ClinicA,Pediatrics,1.0,220000,320,243.57,23861.57,243.57,97.9659646097631,71.4,94.1,96.1,71.4,300.0,270.0,-56.43000000000001,0.0,0.0,0.9,0.8119,0.0,18333.333333333332,Below Threshold,Below Threshold
2025-12-01,P0063,ClinicA,Orthopedics,0.5,412000,168,1132.8,204119.53,2265.6,180.19026306497176,88.7,77.2,87.8,85.5,237.5,213.75,895.3,919.05,45952.5,1.0,4.769684210526315,45952.5,80285.83333333334,Above Target,Eligible
2025-12-01,P0064,ClinicA,Orthopedics,1.0,336000,333,2378.4,425889.52999999997,2378.4,179.0655608812647,89.7,93.8,72.3,72.0,475.0,427.5,1903.4,1950.9,97545.0,1.0,5.007157894736842,97545.0,125545.0,Above Target,Eligible
2025-12-01,P0065,ClinicA,Primary Care,1.0,199000,356,624.12,58038.39,624.12,92.9923572389925,89.9,93.5,75.5,74.6,350.0,315.0,274.12,309.12,15456.0,1.0,1.7832000000000001,15456.0,32039.333333333332,Above Target,Eligible
2025-12-01,P0066,ClinicA,OBGYN,1.0,336000,349,2346.03,449304.24,2346.03,191.51683482308408,68.9,85.8,87.4,76.4,375.0,337.5,1971.0300000000002,2008.5300000000002,100426.50000000001,0.75,6.256080000000001,75319.87500000001,103319.87500000001,Above Target,Eligible
2025-12-01,P0067,ClinicA,Primary Care,1.0,237000,347,574.3,54838.4,574.3,95.487375935922,78.4,83.3,73.6,90.9,350.0,315.0,224.29999999999995,259.29999999999995,12964.999999999998,0.9,1.6408571428571428,11668.499999999998,31418.5,Above Target,Eligible
2025-12-01,P0068,Clinic B,Orthopedics,1.0,322000,324,1910.4,346341.98,1910.4,181.29291247906195,84.0,80.7,71.4,76.2,475.0,427.5,1435.4,1482.9,74145.0,1.0,4.021894736842105,74145.0,100978.33333333333,Above Target,Eligible
2025-12-01,P0069,ClinicA,Dermatology,0.75,263000,277,176.89999999999998,35006.73,235.86666666666665,197.8899378179763,93.9,88.0,80.1,72.4,243.75,219.375,-66.85000000000002,0.0,0.0,1.1,0.7257435897435897,0.0,21916.666666666668,Below Threshold,Below Threshold
2025-12-01,P0070,Clinic C,Primary Care,0.75,220000,252,438.46,41090.51,584.6133333333333,93.71552707202483,82.1,86.8,81.3,68.2,262.5,236.25,175.95999999999998,202.20999999999998,10110.499999999998,1.0,1.6703238095238095,10110.499999999998,28443.83333333333,Above Target,Eligible
2025-12-01,P0071,Clinic B,Dermatology,1.0,270000,336,211.79999999999998,41776.99,211.79999999999998,197.24735599622286,85.2,85.7,75.0,93.1,325.0,292.5,-113.20000000000002,0.0,0.0,1.0,0.6516923076923077,0.0,22500.0,Below Threshold,Below Threshold
2025-12-01,P0072,Clinic B,Dermatology,1.0,324000,339,214.7,42204.37,214.7,196.57368421052635,77.2,96.5,70.9,99.0,325.0,292.5,-110.30000000000001,0.0,0.0,0.9,0.6606153846153846,0.0,27000.0,Below Threshold,Below Threshold
2025-12-01,P0073,ClinicA,OBGYN,0.75,342000,242,1559.69,297420.4,2079.5866666666666,190.6919964864813,86.8,84.3,80.9,86.3,281.25,253.125,1278.44,1306.565,65328.25,1.0,5.5455644444444445,65328.25,93828.25,Above Target,Eligible
2025-12-01,P0074,Clinic B,Primary Care,1.0,219000,326,560.51,52707.36,560.51,94.03464701789441,99.0,95.3,73.2,94.0,350.0,315.0,210.51,245.51,12275.5,1.1,1.601457142857143,13503.050000000001,31753.050000000003,Above Target,Eligible
2025-12-01,P0075,Clinic B,Pediatrics,1.0,197000,348,316.53,29462.510000000002,316.53,93.0796764919597,76.1,86.1,80.9,85.9,300.0,270.0,16.529999999999973,46.52999999999997,2326.4999999999986,0.9,1.0551,2093.849999999999,18510.516666666666,Above Target,Eligible
2025-12-01,P0076,Clinic B,Dermatology,0.5,306000,162,100.0,19801.23,200.0,198.01229999999998,81.7,89.9,70.8,86.8,162.5,146.25,-62.5,0.0,0.0,1.0,0.6153846153846154,0.0,25500.0,Below Threshold,Below Threshold
2025-12-01,P0077,Clinic B,Cardiology,0.75,297000,241,175.3,46547.23,233.73333333333335,265.5289788933257,92.3,81.0,77.7,83.7,337.5,303.75,-162.2,0.0,0.0,1.1,0.5194074074074074,0.0,24750.0,Below Threshold,Below Threshold
2025-12-01,P0078,Clinic B,OBGYN,1.0,306000,377,2598.03,497685.85,2598.03,191.56278026042807,78.8,90.9,62.5,86.6,375.0,337.5,2223.03,2260.53,113026.50000000001,0.9,6.9280800000000005,101723.85000000002,127223.85000000002,Above Target,Eligible
2025-12-01,P0079,Clinic B,Cardiology,1.0,336000,336,248.64000000000001,67213.06,248.64000000000001,270.322796010296,84.0,88.9,82.1,88.2,450.0,405.0,-201.35999999999999,0.0,0.0,1.0,0.5525333333333333,0.0,28000.0,Below Threshold,Below Threshold
2025-12-01,P0080,Clinic B,General Surgery,0.5,316000,164,929.86,146992.25,1859.72,158.07997978190264,82.1,92.8,64.0,84.6,212.5,191.25,717.36,738.61,36930.5,1.0,4.375811764705882,36930.5,63263.83333333333,Above Target,Eligible
2026-01-01,P0001,Clinic D,Primary Care,1.0,242000,324,531.97,50744.48,531.97,95.38974002293362,67.8,90.3,93.8,91.1,350.0,315.0,181.97000000000003,216.97000000000003,10848.500000000002,0.75,1.5199142857142858,8136.375000000002,28303.04166666667,Above Target,Eligible
2026-01-01,P0002,Clinic C,Primary Care,0.5,249000,166,277.6,26389.55,555.2,95.06322046109509,75.6,85.2,85.9,90.8,175.0,157.5,102.60000000000002,120.10000000000002,6005.000000000001,0.9,1.5862857142857145,5404.500000000001,26154.5,Above Target,Eligible
2026-01-01,P0003,Clinic C,OBGYN,1.0,254000,304,2093.6,400643.98,2093.6,191.36605846388994,79.4,83.2,79.1,71.8,375.0,337.5,1718.6,1756.1,87805.0,0.9,5.582933333333333,79024.5,100191.16666666667,Above Target,Eligible
2026-01-01,P0004,Clinic B,OBGYN,1.0,342000,331,2135.85,405490.85,2135.85,189.84987241613408,79.1,83.3,90.4,87.9,375.0,337.5,1760.85,1798.35,89917.5,0.9,5.6956,80925.75,109425.75,Above Target,Eligible
2026-01-01,P0005,Clinic B,OBGYN,1.0,289000,351,2307.82,440843.05,2307.82,191.02141848151066,83.5,92.0,97.8,88.0,375.0,337.5,1932.8200000000002,1970.3200000000002,98516.00000000001,1.0,6.154186666666667,98516.00000000001,122599.33333333334,Above Target,Eligible
2026-01-01,P0006,ClinicA,Pediatrics,1.0,184000,328,268.18,25688.73,268.18,95.78913416362144,71.0,73.9,80.0,81.2,300.0,270.0,-31.819999999999993,0.0,0.0,0.9,0.8939333333333334,0.0,15333.333333333334,Below Threshold,Below Threshold
2026-01-01,P0007,Clinic B,Dermatology,1.0,326000,334,209.2,41282.4,209.2,197.33460803059276,89.2,73.7,75.5,80.0,325.0,292.5,-115.80000000000001,0.0,0.0,1.0,0.6436923076923077,0.0,27166.666666666668,Below Threshold,Below Threshold
2026-01-01,P0008,ClinicA,General Surgery,1.0,434000,320,1608.89,248198.48,1608.89,154.26690451180627,82.0,87.4,80.7,83.5,425.0,382.5,1183.89,1226.39,61319.50000000001,1.0,3.785623529411765,61319.50000000001,97486.16666666667,Above Target,Eligible
2026-01-01,P0009,Clinic B,General Surgery,0.75,370000,253,1223.26,186612.5,1631.0133333333333,152.55342282098655,82.0,88.9,71.5,86.8,318.75,286.875,904.51,936.385,46819.25,1.0,3.837678431372549,46819.25,77652.58333333333,Above Target,Eligible
2026-01-01,P0010,ClinicA,Pediatrics,0.75,221000,227,186.41,17689.31,248.54666666666665,94.89464084544821,76.7,84.5,77.5,82.9,225.0,202.5,-38.59,0.0,0.0,0.9,0.8284888888888888,0.0,18416.666666666668,Below Threshold,Below Threshold
2026-01-01,P0011,Clinic B,Dermatology,1.0,283000,321,200.1,39313.27,200.1,196.468115942029,94.4,82.6,93.2,95.8,325.0,292.5,-124.9,0.0,0.0,1.1,0.6156923076923076,0.0,23583.333333333332,Below Threshold,Below Threshold
2026-01-01,P0012,ClinicA,Dermatology,1.0,269000,330,212.79999999999998,41818.78,212.79999999999998,196.5168233082707,99.0,88.6,73.6,71.2,325.0,292.5,-112.20000000000002,0.0,0.0,1.1,0.6547692307692308,0.0,22416.666666666668,Below Threshold,Below Threshold
2026-01-01,P0013,ClinicA,Pediatrics,1.0,194000,311,269.51,25363.170000000002,269.51,94.10845608697267,88.2,79.1,78.7,65.9,300.0,270.0,-30.49000000000001,0.0,0.0,1.0,0.8983666666666666,0.0,16166.666666666666,Below Threshold,Below Threshold
2026-01-01,P0014,Clinic B,Pediatrics,1.0,230000,322,237.4,23596.37,237.4,99.39498736310024,81.2,87.6,85.4,84.3,300.0,270.0,-62.599999999999994,0.0,0.0,1.0,0.7913333333333333,0.0,19166.666666666668,Below Threshold,Below Threshold
2026-01-01,P0015,Clinic B,General Surgery,1.0,425000,341,1642.78,249643.53,1642.78,151.96406700836388,80.4,99.0,88.6,72.2,425.0,382.5,1217.78,1260.28,63014.0,1.0,3.865364705882353,63014.0,98430.66666666666,Above Target,Eligible
2026-01-01,P0016,Clinic B,Pediatrics,1.0,197000,350,282.83,27226.2,282.83,96.26347982887248,86.7,87.7,86.9,83.3,300.0,270.0,-17.170000000000016,12.829999999999984,641.4999999999992,1.0,0.9427666666666666,641.4999999999992,17058.166666666668,At / Near Target,Eligible
2026-01-01,P0017,Clinic B,Cardiology,0.75,304000,257,204.62,54910.04,272.82666666666665,268.3512853093539,84.3,82.3,73.2,85.4,337.5,303.75,-132.88,0.0,0.0,1.0,0.6062814814814815,0.0,25333.333333333332,Below Threshold,Below Threshold
2026-01-01,P0018,ClinicA,OBGYN,1.0,313000,365,2425.79,463459.63,2425.79,191.05513255475537,90.0,96.7,72.1,92.0,375.0,337.5,2050.79,2088.29,104414.5,1.1,6.468773333333333,114855.95000000001,140939.28333333335,Above Target,Eligible
2026-01-01,P0019,Clinic B,Pediatrics,1.0,208000,357,301.18,28604.26,301.18,94.97396905505013,72.6,88.4,72.8,73.7,300.0,270.0,1.1800000000000068,31.180000000000007,1559.0000000000005,0.9,1.0039333333333333,1403.1000000000004,18736.433333333334,Above Target,Eligible
2026-01-01,P0020,Clinic B,Pediatrics,0.75,187000,287,223.99,21825.16,298.65333333333336,97.43809991517477,76.4,85.1,75.5,82.9,225.0,202.5,-1.009999999999991,21.49000000000001,1074.5000000000005,0.9,0.9955111111111111,967.0500000000004,16550.383333333335,At / Near Target,Eligible
2026-01-01,P0021,Clinic B,Pediatrics,1.0,214000,329,267.92,25615.87,267.92,95.61014481934905,83.6,76.4,75.8,74.6,300.0,270.0,-32.079999999999984,0.0,0.0,1.0,0.8930666666666667,0.0,17833.333333333332,Below Threshold,Below Threshold
2026-01-01,P0022,Clinic D,Primary Care,1.0,223000,327,558.65,52358.09,558.65,93.72252752170411,77.9,94.7,80.0,74.8,350.0,315.0,208.64999999999998,243.64999999999998,12182.499999999998,0.9,1.596142857142857,10964.249999999998,29547.58333333333,Above Target,Eligible
2026-01-01,P0023,Clinic C,Primary Care,1.0,192000,330,535.97,51219.1,535.97,95.56337108420247,97.9,96.6,83.1,99.0,350.0,315.0,185.97000000000003,220.97000000000003,11048.500000000002,1.1,1.5313428571428571,12153.350000000002,28153.350000000002,Above Target,Eligible
2026-01-01,P0024,ClinicA,Orthopedics,0.75,361000,257,1703.2,305464.31,2270.9333333333334,179.34729333020198,78.0,82.2,67.2,89.7,356.25,320.625,1346.95,1382.575,69128.75,0.9,4.780912280701754,62215.875,92299.20833333333,Above Target,Eligible
2026-01-01,P0025,Clinic B,Dermatology,0.75,256000,249,152.9,30070.95,203.86666666666667,196.67069980379333,80.9,78.4,89.7,68.0,243.75,219.375,-90.85,0.0,0.0,1.0,0.6272820512820513,0.0,21333.333333333332,Below Threshold,Below Threshold
2026-01-01,P0026,ClinicA,OBGYN,0.75,313000,286,1835.24,348364.27,2446.9866666666667,189.81946230465772,99.0,89.4,63.2,84.2,281.25,253.125,1553.99,1582.115,79105.75,1.1,6.525297777777777,87016.32500000001,113099.65833333334,Above Target,Eligible
2026-01-01,P0027,Clinic C,Primary Care,1.0,230000,352,580.87,54930.85,580.87,94.56651230051474,94.9,87.4,68.5,92.7,350.0,315.0,230.87,265.87,13293.5,1.1,1.6596285714285715,14622.85,33789.51666666667,Above Target,Eligible
2026-01-01,P0028,ClinicA,Orthopedics,1.0,325000,342,2193.6,397939.3,2193.6,181.4092359591539,84.5,86.5,76.9,91.0,475.0,427.5,1718.6,1766.1,88305.0,1.0,4.6181052631578945,88305.0,115388.33333333333,Above Target,Eligible
2026-01-01,P0029,ClinicA,Orthopedics,0.5,408000,166,958.4,175363.17,1916.8,182.97492696160268,75.6,81.5,71.3,74.6,237.5,213.75,720.9,744.65,37232.5,0.9,4.035368421052631,33509.25,67509.25,Above Target,Eligible
2026-01-01,P0030,ClinicA,General Surgery,0.75,375000,255,1296.68,202848.11000000002,1728.9066666666668,156.43652250362464,96.2,79.1,70.1,83.2,318.75,286.875,977.9300000000001,1009.8050000000001,50490.25,1.1,4.06801568627451,55539.275,86789.275,Above Target,Eligible
2026-01-01,P0031,ClinicA,Dermatology,1.0,295000,305,190.89999999999998,37659.42,190.89999999999998,197.27302252488215,86.8,81.3,95.5,86.1,325.0,292.5,-134.10000000000002,0.0,0.0,1.0,0.5873846153846153,0.0,24583.333333333332,Below Threshold,Below Threshold
2026-01-01,P0032,ClinicA,Cardiology,1.0,356000,332,230.67,62461.95,230.67,270.7848875016257,78.5,96.0,91.1,69.9,450.0,405.0,-219.33,0.0,0.0,0.9,0.5126,0.0,29666.666666666668,Below Threshold,Below Threshold
2026-01-01,P0033,ClinicA,General Surgery,0.5,318000,181,936.89,146410.53,1873.78,156.27291357576664,76.4,69.5,67.6,78.9,212.5,191.25,724.39,745.64,37282.0,0.9,4.408894117647058,33553.8,60053.8,Above Target,Eligible
2026-01-01,P0034,Clinic B,Orthopedics,1.0,405000,306,2068.8,374973.49,2068.8,181.25168696829078,80.2,87.5,99.0,80.2,475.0,427.5,1593.8000000000002,1641.3000000000002,82065.00000000001,1.0,4.355368421052632,82065.00000000001,115815.00000000001,Above Target,Eligible
2026-01-01,P0035,ClinicA,Pediatrics,1.0,227000,304,259.01,24610.07,259.01,95.0159067217482,75.3,85.5,68.4,78.9,300.0,270.0,-40.99000000000001,0.0,0.0,0.9,0.8633666666666666,0.0,18916.666666666668,Below Threshold,Below Threshold
2026-01-01,P0036,Clinic B,Cardiology,1.0,313000,352,263.33,71069.62,263.33,269.8880492158129,92.4,85.3,97.2,77.2,450.0,405.0,-186.67000000000002,0.0,0.0,1.1,0.5851777777777778,0.0,26083.333333333332,Below Threshold,Below Threshold
2026-01-01,P0037,ClinicA,Primary Care,1.0,217000,282,462.57,44123.5,462.57,95.38772510106578,88.8,87.9,88.2,84.3,350.0,315.0,112.57,147.57,7378.5,1.0,1.3216285714285714,7378.5,25461.833333333332,Above Target,Eligible
2026-01-01,P0038,ClinicA,General Surgery,1.0,387000,334,1694.33,261583.48,1694.33,154.3875632255818,85.2,80.5,85.1,90.0,425.0,382.5,1269.33,1311.83,65591.5,1.0,3.9866588235294116,65591.5,97841.5,Above Target,Eligible
2026-01-01,P0039,ClinicA,Pediatrics,1.0,226000,327,269.6,25852.0,269.6,95.89020771513353,83.1,85.3,76.4,98.4,300.0,270.0,-30.399999999999977,0.0,0.0,1.0,0.8986666666666667,0.0,18833.333333333332,Below Threshold,Below Threshold
2026-01-01,P0040,Clinic B,Pediatrics,1.0,218000,324,270.84,25775.07,270.84,95.16714665485158,84.1,83.0,79.3,95.3,300.0,270.0,-29.160000000000025,0.839999999999975,41.99999999999875,1.0,0.9027999999999999,41.99999999999875,18208.666666666668,At / Near Target,Eligible
2026-01-01,P0041,Clinic C,Primary Care,1.0,195000,302,510.16,47994.27,510.16,94.07689744393915,73.7,93.6,77.4,85.6,350.0,315.0,160.16000000000003,195.16000000000003,9758.000000000002,0.9,1.4576,8782.200000000003,25032.200000000004,Above Target,Eligible
2026-01-01,P0042,Clinic B,OBGYN,0.5,294000,177,1119.23,212790.75,2238.46,190.12245025597954,87.6,88.2,70.7,77.7,187.5,168.75,931.73,950.48,47524.0,1.0,5.969226666666667,47524.0,72024.0,Above Target,Eligible
2026-01-01,P0043,ClinicA,Cardiology,0.75,292000,247,185.63,49914.55,247.50666666666666,268.89268975919845,83.5,88.0,80.2,84.2,337.5,303.75,-151.87,0.0,0.0,1.0,0.5500148148148148,0.0,24333.333333333332,Below Threshold,Below Threshold
2026-01-01,P0044,Clinic B,Cardiology,0.75,391000,241,169.98,46413.46,226.64,273.052476761972,95.3,85.2,71.4,75.3,337.5,303.75,-167.52,0.0,0.0,1.1,0.5036444444444445,0.0,32583.333333333332,Below Threshold,Below Threshold
2026-01-01,P0045,Clinic B,Dermatology,1.0,309000,346,215.6,42425.81,215.6,196.7801948051948,79.5,98.6,66.5,91.4,325.0,292.5,-109.4,0.0,0.0,0.9,0.6633846153846154,0.0,25750.0,Below Threshold,Below Threshold
2026-01-01,P0046,ClinicA,Orthopedics,1.0,372000,327,2200.8,394162.5,2200.8,179.0996455834242,75.6,85.2,79.1,79.4,475.0,427.5,1725.8000000000002,1773.3000000000002,88665.00000000001,0.9,4.633263157894738,79798.50000000001,110798.50000000001,Above Target,Eligible
2026-01-01,P0047,Clinic B,Pediatrics,0.5,209000,182,148.12,14158.94,296.24,95.59100729138537,86.7,92.8,72.4,74.9,150.0,135.0,-1.8799999999999955,13.120000000000005,656.0000000000002,1.0,0.9874666666666667,656.0000000000002,18072.666666666668,At / Near Target,Eligible
2026-01-01,P0048,ClinicA,General Surgery,1.0,386000,347,1588.8,234220.39,1588.8,147.41968152064453,90.2,96.1,75.3,84.6,425.0,382.5,1163.8,1206.3,60315.0,1.1,3.7383529411764704,66346.5,98513.16666666667,Above Target,Eligible
2026-01-01,P0049,ClinicA,Pediatrics,0.75,200000,250,201.32,19367.93,268.4266666666667,96.20469898668786,82.4,97.2,84.9,80.1,225.0,202.5,-23.680000000000007,0.0,0.0,1.0,0.8947555555555555,0.0,16666.666666666668,Below Threshold,Below Threshold
2026-01-01,P0050,Clinic B,Pediatrics,1.0,181000,367,329.78,30736.28,329.78,93.20237734247074,83.8,91.1,79.2,74.4,300.0,270.0,29.779999999999973,59.77999999999997,2988.9999999999986,1.0,1.0992666666666666,2988.9999999999986,18072.333333333332,Above Target,Eligible
2026-01-01,P0051,Clinic B,Orthopedics,1.0,321000,320,2252.8,407240.11,2252.8,180.77064541903408,73.5,88.8,78.4,89.8,475.0,427.5,1777.8000000000002,1825.3000000000002,91265.00000000001,0.9,4.742736842105264,82138.50000000001,108888.50000000001,Above Target,Eligible
2026-01-01,P0052,Clinic B,Orthopedics,0.75,401000,264,1420.8,257970.21,1894.3999999999999,181.56687077702702,74.1,91.1,88.9,86.4,356.25,320.625,1064.55,1100.175,55008.75,0.9,3.988210526315789,49507.875,82924.54166666666,Above Target,Eligible
2026-01-01,P0053,Clinic B,Primary Care,1.0,234000,344,568.25,53944.5,568.25,94.93092828860537,81.9,87.6,68.1,74.1,350.0,315.0,218.25,253.25,12662.5,1.0,1.6235714285714287,12662.5,32162.5,Above Target,Eligible
2026-01-01,P0054,Clinic B,Dermatology,0.75,342000,273,173.5,34244.68,231.33333333333334,197.3756772334294,75.8,84.2,68.0,84.3,243.75,219.375,-70.25,0.0,0.0,0.9,0.7117948717948718,0.0,28500.0,Below Threshold,Below Threshold
2026-01-01,P0055,ClinicA,Dermatology,0.5,305000,170,106.19999999999999,20885.8,212.39999999999998,196.6647834274953,83.4,84.2,99.0,89.0,162.5,146.25,-56.30000000000001,0.0,0.0,1.0,0.6535384615384615,0.0,25416.666666666668,Below Threshold,Below Threshold
2026-01-01,P0056,ClinicA,Pediatrics,1.0,228000,341,287.86,27265.13,287.86,94.71663308552769,72.2,88.1,72.5,71.6,300.0,270.0,-12.139999999999986,17.860000000000014,893.0000000000007,0.9,0.9595333333333333,803.7000000000006,19803.7,At / Near Target,Eligible
2026-01-01,P0057,ClinicA,Dermatology,1.0,279000,326,206.79999999999998,40909.25,206.79999999999998,197.82035783365572,85.2,97.9,84.2,85.0,325.0,292.5,-118.20000000000002,0.0,0.0,1.0,0.6363076923076922,0.0,23250.0,Below Threshold,Below Threshold
2026-01-01,P0058,Clinic B,General Surgery,0.75,440000,231,1135.52,174098.2,1514.0266666666666,153.32024094687898,71.0,85.5,67.4,93.8,318.75,286.875,816.77,848.645,42432.25,0.9,3.5624156862745098,38189.025,74855.69166666667,Above Target,Eligible
2026-01-01,P0059,ClinicA,Cardiology,0.5,332000,148,122.25,32678.38,244.5,267.3078118609407,81.7,91.1,99.0,78.5,225.0,202.5,-102.75,0.0,0.0,1.0,0.5433333333333333,0.0,27666.666666666668,Below Threshold,Below Threshold
2026-01-01,P0060,Clinic B,Dermatology,1.0,325000,337,215.5,42321.06,215.5,196.38542923433874,96.8,85.2,73.3,73.6,325.0,292.5,-109.5,0.0,0.0,1.1,0.6630769230769231,0.0,27083.333333333332,Below Threshold,Below Threshold
2026-01-01,P0061,Clinic C,OBGYN,1.0,297000,365,2522.15,479534.86,2522.15,190.12939753781495,65.9,86.6,69.8,96.4,375.0,337.5,2147.15,2184.65,109232.5,0.75,6.725733333333333,81924.375,106674.375,Above Target,Eligible
2026-01-01,P0062,ClinicA,Pediatrics,1.0,220000,351,288.04,27430.24,288.04,95.23066240799889,74.8,86.7,77.8,81.5,300.0,270.0,-11.95999999999998,18.04000000000002,902.000000000001,0.9,0.9601333333333334,811.800000000001,19145.13333333333,At / Near Target,Eligible
2026-01-01,P0063,ClinicA,Orthopedics,0.5,412000,152,1081.6,193904.1,2163.2,179.27524038461542,81.0,87.0,83.5,78.5,237.5,213.75,844.0999999999999,867.8499999999999,43392.49999999999,1.0,4.554105263157894,43392.49999999999,77725.83333333333,Above Target,Eligible
2026-01-01,P0064,ClinicA,Orthopedics,1.0,336000,357,2397.6,429448.65,2397.6,179.11605355355357,76.9,84.0,64.9,74.5,475.0,427.5,1922.6,1970.1,98505.0,0.9,5.047578947368421,88654.5,116654.5,Above Target,Eligible
2026-01-01,P0065,ClinicA,Primary Care,1.0,199000,325,532.29,50453.36,532.29,94.7854740836762,82.6,86.3,92.4,99.0,350.0,315.0,182.28999999999996,217.28999999999996,10864.499999999998,1.0,1.5208285714285714,10864.499999999998,27447.83333333333,Above Target,Eligible
2026-01-01,P0066,ClinicA,OBGYN,1.0,336000,349,2249.67,428016.94,2249.67,190.25765556726097,74.2,84.6,90.3,71.3,375.0,337.5,1874.67,1912.17,95608.5,0.9,5.9991200000000005,86047.65000000001,114047.65000000001,Above Target,Eligible
2026-01-01,P0067,ClinicA,Primary Care,1.0,237000,333,540.84,51325.46,540.84,94.89952666222912,82.9,88.5,69.7,78.8,350.0,315.0,190.84000000000003,225.84000000000003,11292.000000000002,1.0,1.5452571428571429,11292.000000000002,31042.0,Above Target,Eligible
2026-01-01,P0068,Clinic B,Orthopedics,1.0,322000,344,2099.2,380591.77,2099.2,181.30324409298782,94.4,97.8,89.0,82.0,475.0,427.5,1624.1999999999998,1671.6999999999998,83584.99999999999,1.1,4.419368421052631,91943.49999999999,118776.83333333331,Above Target,Eligible
2026-01-01,P0069,ClinicA,Dermatology,0.75,263000,241,154.1,30519.64,205.46666666666667,198.05087605451007,83.7,73.1,70.3,81.8,243.75,219.375,-89.65,0.0,0.0,1.0,0.6322051282051282,0.0,21916.666666666668,Below Threshold,Below Threshold
2026-01-01,P0070,Clinic C,Primary Care,0.75,220000,257,428.54,40651.51,571.3866666666667,94.86047976851636,99.0,99.0,95.9,73.9,262.5,236.25,166.04000000000002,192.29000000000002,9614.500000000002,1.1,1.6325333333333334,10575.950000000003,28909.283333333333,Above Target,Eligible
2026-01-01,P0071,Clinic B,Dermatology,1.0,270000,334,213.2,42211.29,213.2,197.98916510318952,83.3,90.6,69.0,79.0,325.0,292.5,-111.80000000000001,0.0,0.0,1.0,0.6559999999999999,0.0,22500.0,Below Threshold,Below Threshold
2026-01-01,P0072,Clinic B,Dermatology,1.0,324000,339,211.7,41671.58,211.7,196.8426074633916,77.3,89.5,76.3,73.6,325.0,292.5,-113.30000000000001,0.0,0.0,0.9,0.6513846153846153,0.0,27000.0,Below Threshold,Below Threshold
2026-01-01,P0073,ClinicA,OBGYN,0.75,342000,221,1426.9,270844.84,1902.5333333333335,189.81346975961876,71.1,87.1,91.9,95.6,281.25,253.125,1145.65,1173.775,58688.75000000001,0.9,5.073422222222223,52819.87500000001,81319.875,Above Target,Eligible
2026-01-01,P0074,Clinic B,Primary Care,1.0,219000,351,573.33,54705.49,573.33,95.41710707620392,82.3,86.9,72.0,74.9,350.0,315.0,223.33000000000004,258.33000000000004,12916.500000000002,1.0,1.6380857142857144,12916.500000000002,31166.5,Above Target,Eligible
2026-01-01,P0075,Clinic B,Pediatrics,1.0,197000,303,265.9,25042.8,265.9,94.18127115456939,80.4,77.0,65.3,68.6,300.0,270.0,-34.10000000000002,0.0,0.0,1.0,0.8863333333333333,0.0,16416.666666666668,Below Threshold,Below Threshold
2026-01-01,P0076,Clinic B,Dermatology,0.5,306000,190,118.19999999999999,23286.57,236.39999999999998,197.00989847715738,87.8,88.3,78.2,80.6,162.5,146.25,-44.30000000000001,0.0,0.0,1.0,0.7273846153846153,0.0,25500.0,Below Threshold,Below Threshold
2026-01-01,P0077,Clinic B,Cardiology,0.75,297000,260,195.82,52226.98,261.0933333333333,266.70912062097847,89.3,92.3,73.7,67.5,337.5,303.75,-141.68,0.0,0.0,1.0,0.5802074074074074,0.0,24750.0,Below Threshold,Below Threshold
2026-01-01,P0078,Clinic B,OBGYN,1.0,306000,343,2267.94,433138.15,2267.94,190.98307274442888,86.2,86.5,79.4,92.8,375.0,337.5,1892.94,1930.44,96522.0,1.0,6.04784,96522.0,122022.0,Above Target,Eligible
2026-01-01,P0079,Clinic B,Cardiology,1.0,336000,337,275.41,73586.17,275.41,267.187720126357,93.6,87.3,85.7,83.6,450.0,405.0,-174.58999999999997,0.0,0.0,1.1,0.6120222222222222,0.0,28000.0,Below Threshold,Below Threshold
2026-01-01,P0080,Clinic B,General Surgery,0.5,316000,180,925.89,143486.55,1851.78,154.97148689369146,94.4,79.5,86.9,76.8,212.5,191.25,713.39,734.64,36732.0,1.1,4.3571294117647055,40405.200000000004,66738.53333333334,Above Target,Eligible
2026-02-01,P0001,Clinic D,Primary Care,1.0,242000,291,495.7,47086.78,495.7,94.99047811176115,89.0,88.4,58.6,80.5,350.0,315.0,145.7,180.7,9035.0,1.0,1.4162857142857141,9035.0,29201.666666666668,Above Target,Eligible
2026-02-01,P0002,Clinic C,Primary Care,0.5,249000,124,214.35999999999999,20037.55,428.71999999999997,93.47616159731294,88.5,80.2,69.1,92.8,175.0,157.5,39.359999999999985,56.859999999999985,2842.999999999999,1.0,1.2249142857142856,2842.999999999999,23593.0,Above Target,Eligible
2026-02-01,P0003,Clinic C,OBGYN,1.0,254000,290,1871.24,355578.14,1871.24,190.02273358842265,78.7,88.3,76.6,73.3,375.0,337.5,1496.24,1533.74,76687.0,0.9,4.989973333333333,69018.3,90184.96666666667,Above Target,Eligible
2026-02-01,P0004,Clinic B,OBGYN,1.0,342000,304,2069.51,396519.79,2069.51,191.60080888712784,80.9,81.8,90.1,85.8,375.0,337.5,1694.5100000000002,1732.0100000000002,86600.50000000001,1.0,5.518693333333334,86600.50000000001,115100.50000000001,Above Target,Eligible
2026-02-01,P0005,Clinic B,OBGYN,1.0,289000,273,1726.27,329591.66,1726.27,190.92706239464277,80.8,99.0,88.8,93.9,375.0,337.5,1351.27,1388.77,69438.5,1.0,4.603386666666666,69438.5,93521.83333333333,Above Target,Eligible
2026-02-01,P0006,ClinicA,Pediatrics,1.0,184000,319,268.19,25506.53,268.19,95.10619337037174,90.4,78.4,77.4,75.0,300.0,270.0,-31.810000000000002,0.0,0.0,1.1,0.8939666666666667,0.0,15333.333333333334,Below Threshold,Below Threshold
2026-02-01,P0007,Clinic B,Dermatology,1.0,326000,285,181.7,35843.73,181.7,197.26873968079255,92.2,82.3,82.0,69.3,325.0,292.5,-143.3,0.0,0.0,1.1,0.559076923076923,0.0,27166.666666666668,Below Threshold,Below Threshold
2026-02-01,P0008,ClinicA,General Surgery,1.0,434000,283,1399.0,214631.13,1399.0,153.41753395282345,81.6,80.8,63.5,67.1,425.0,382.5,974.0,1016.5,50825.0,1.0,3.291764705882353,50825.0,86991.66666666666,Above Target,Eligible
2026-02-01,P0009,Clinic B,General Surgery,0.75,370000,224,1118.51,171822.65,1491.3466666666666,153.61744642426083,80.3,92.8,62.9,66.8,318.75,286.875,799.76,831.635,41581.75,1.0,3.509050980392157,41581.75,72415.08333333333,Above Target,Eligible
2026-02-01,P0010,ClinicA,Pediatrics,0.75,221000,244,210.14,19708.41,280.18666666666667,93.78704673075093,89.4,75.5,70.0,99.0,225.0,202.5,-14.860000000000014,7.639999999999986,381.9999999999993,1.0,0.9339555555555555,381.9999999999993,18798.666666666668,At / Near Target,Eligible
2026-02-01,P0011,Clinic B,Dermatology,1.0,283000,307,194.1,38146.93,194.1,196.53235445646575,81.3,87.7,81.8,74.8,325.0,292.5,-130.9,0.0,0.0,1.0,0.5972307692307692,0.0,23583.333333333332,Below Threshold,Below Threshold
2026-02-01,P0012,ClinicA,Dermatology,1.0,269000,289,180.1,35327.26,180.1,196.15358134369797,93.8,86.0,87.6,79.6,325.0,292.5,-144.9,0.0,0.0,1.1,0.5541538461538461,0.0,22416.666666666668,Below Threshold,Below Threshold
2026-02-01,P0013,ClinicA,Pediatrics,1.0,194000,319,259.99,25007.37,259.99,96.18589176506788,94.6,90.6,86.1,75.2,300.0,270.0,-40.00999999999999,0.0,0.0,1.1,0.8666333333333334,0.0,16166.666666666666,Below Threshold,Below Threshold
2026-02-01,P0014,Clinic B,Pediatrics,1.0,230000,305,257.6,24446.36,257.6,94.9004658385093,74.5,84.9,66.9,78.1,300.0,270.0,-42.39999999999998,0.0,0.0,0.9,0.8586666666666667,0.0,19166.666666666668,Below Threshold,Below Threshold
2026-02-01,P0015,Clinic B,General Surgery,1.0,425000,309,1556.45,241058.13,1556.45,154.8768865045456,83.0,75.2,83.3,69.6,425.0,382.5,1131.45,1173.95,58697.5,1.0,3.662235294117647,58697.5,94114.16666666666,Above Target,Eligible
2026-02-01,P0016,Clinic B,Pediatrics,1.0,197000,312,256.9,24649.69,256.9,95.95052549630206,92.0,94.1,92.3,82.9,300.0,270.0,-43.10000000000002,0.0,0.0,1.1,0.8563333333333333,0.0,16416.666666666668,Below Threshold,Below Threshold
2026-02-01,P0017,Clinic B,Cardiology,0.75,304000,225,164.6,44063.34,219.46666666666667,267.6995139732685,75.9,89.3,73.2,80.0,337.5,303.75,-172.9,0.0,0.0,0.9,0.4877037037037037,0.0,25333.333333333332,Below Threshold,Below Threshold
2026-02-01,P0018,ClinicA,OBGYN,1.0,313000,287,1916.51,365927.44,1916.51,190.93427114912,73.7,79.8,79.8,81.6,375.0,337.5,1541.51,1579.01,78950.5,0.9,5.110693333333333,71055.45,97138.78333333333,Above Target,Eligible
2026-02-01,P0019,Clinic B,Pediatrics,1.0,208000,275,226.99,21581.78,226.99,95.07810916780474,85.9,86.4,79.7,79.9,300.0,270.0,-73.00999999999999,0.0,0.0,1.0,0.7566333333333334,0.0,17333.333333333332,Below Threshold,Below Threshold
2026-02-01,P0020,Clinic B,Pediatrics,0.75,187000,221,193.10999999999999,18109.28,257.47999999999996,93.77701827973694,81.9,91.3,76.7,68.3,225.0,202.5,-31.890000000000015,0.0,0.0,1.0,0.8582666666666666,0.0,15583.333333333334,Below Threshold,Below Threshold
2026-02-01,P0021,Clinic B,Pediatrics,1.0,214000,282,235.2,22436.22,235.2,95.3920918367347,88.4,92.0,86.4,87.1,300.0,270.0,-64.80000000000001,0.0,0.0,1.0,0.7839999999999999,0.0,17833.333333333332,Below Threshold,Below Threshold
2026-02-01,P0022,Clinic D,Primary Care,1.0,223000,296,497.67,47069.840000000004,497.67,94.58042477947235,73.4,83.4,70.8,99.0,350.0,315.0,147.67000000000002,182.67000000000002,9133.5,0.9,1.4219142857142857,8220.15,26803.48333333333,Above Target,Eligible
2026-02-01,P0023,Clinic C,Primary Care,1.0,192000,329,562.75,52876.6,562.75,93.96108396268325,88.3,88.5,78.2,74.7,350.0,315.0,212.75,247.75,12387.5,1.0,1.6078571428571429,12387.5,28387.5,Above Target,Eligible
2026-02-01,P0024,ClinicA,Orthopedics,0.75,361000,240,1516.8,270774.16,2022.3999999999999,178.5167194092827,81.0,83.9,65.4,92.4,356.25,320.625,1160.55,1196.175,59808.75,1.0,4.257684210526316,59808.75,89892.08333333333,Above Target,Eligible
2026-02-01,P0025,Clinic B,Dermatology,0.75,256000,232,146.2,28809.93,194.9333333333333,197.05834473324214,63.0,93.2,74.2,86.2,243.75,219.375,-97.55000000000001,0.0,0.0,0.75,0.5997948717948718,0.0,21333.333333333332,Below Threshold,Below Threshold
2026-02-01,P0026,ClinicA,OBGYN,0.75,313000,204,1233.75,233832.59,1645.0,189.52996149949342,82.3,85.2,87.2,92.3,281.25,253.125,952.5,980.625,49031.25,1.0,4.386666666666667,49031.25,75114.58333333333,Above Target,Eligible
2026-02-01,P0027,Clinic C,Primary Care,1.0,230000,291,503.55,47234.17,503.55,93.80234336212888,74.0,86.1,74.7,71.4,350.0,315.0,153.55,188.55,9427.5,0.9,1.4387142857142858,8484.75,27651.416666666668,Above Target,Eligible
2026-02-01,P0028,ClinicA,Orthopedics,1.0,325000,322,2120.0,382221.96,2120.0,180.29337735849057,82.9,89.4,68.1,87.1,475.0,427.5,1645.0,1692.5,84625.0,1.0,4.463157894736842,84625.0,111708.33333333333,Above Target,Eligible
2026-02-01,P0029,ClinicA,Orthopedics,0.5,408000,145,922.4,167760.85,1844.8,181.87429531656548,86.4,85.3,60.2,74.4,237.5,213.75,684.9,708.65,35432.5,1.0,3.8837894736842102,35432.5,69432.5,Above Target,Eligible
2026-02-01,P0030,ClinicA,General Surgery,0.75,375000,247,1311.52,204147.32,1748.6933333333334,155.65703916066855,68.8,84.1,76.6,83.4,318.75,286.875,992.77,1024.645,51232.25,0.75,4.1145725490196075,38424.1875,69674.1875,Above Target,Eligible
2026-02-01,P0031,ClinicA,Dermatology,1.0,295000,304,194.39999999999998,38367.55,194.39999999999998,197.36394032921814,91.5,83.7,81.6,91.9,325.0,292.5,-130.60000000000002,0.0,0.0,1.1,0.598153846153846,0.0,24583.333333333332,Below Threshold,Below Threshold
2026-02-01,P0032,ClinicA,Cardiology,1.0,356000,300,233.21,61963.93,233.21,265.70014150336607,80.9,84.8,78.0,65.9,450.0,405.0,-216.79,0.0,0.0,1.0,0.5182444444444445,0.0,29666.666666666668,Below Threshold,Below Threshold
2026-02-01,P0033,ClinicA,General Surgery,0.5,318000,130,684.41,108115.49,1368.82,157.96889291506554,99.0,87.4,84.9,85.3,212.5,191.25,471.90999999999997,493.15999999999997,24658.0,1.1,3.2207529411764706,27123.800000000003,53623.8,Above Target,Eligible
2026-02-01,P0034,Clinic B,Orthopedics,1.0,405000,301,1872.8,337902.26,1872.8,180.42623878684324,75.3,88.8,65.9,87.4,475.0,427.5,1397.8,1445.3,72265.0,0.9,3.942736842105263,65038.5,98788.5,Above Target,Eligible
2026-02-01,P0035,ClinicA,Pediatrics,1.0,227000,315,254.6,24459.54,254.6,96.07046347211312,88.8,86.7,57.8,86.1,300.0,270.0,-45.400000000000006,0.0,0.0,1.0,0.8486666666666667,0.0,18916.666666666668,Below Threshold,Below Threshold
2026-02-01,P0036,Clinic B,Cardiology,1.0,313000,285,208.05,55514.71,208.05,266.83350156212447,77.7,93.4,72.0,76.0,450.0,405.0,-241.95,0.0,0.0,0.9,0.4623333333333334,0.0,26083.333333333332,Below Threshold,Below Threshold
2026-02-01,P0037,ClinicA,Primary Care,1.0,217000,300,495.59,47031.17,495.59,94.89935228717286,87.3,99.0,72.8,75.7,350.0,315.0,145.58999999999997,180.58999999999997,9029.499999999998,1.0,1.4159714285714284,9029.499999999998,27112.83333333333,Above Target,Eligible
2026-02-01,P0038,ClinicA,General Surgery,1.0,387000,269,1390.69,214573.82,1390.69,154.29306315569968,87.7,91.2,74.5,70.3,425.0,382.5,965.69,1008.19,50409.5,1.0,3.2722117647058826,50409.5,82659.5,Above Target,Eligible
2026-02-01,P0039,ClinicA,Pediatrics,1.0,226000,325,266.6,25581.4,266.6,95.9542385596399,81.0,88.8,75.0,85.5,300.0,270.0,-33.39999999999998,0.0,0.0,1.0,0.8886666666666667,0.0,18833.333333333332,Below Threshold,Below Threshold
2026-02-01,P0040,Clinic B,Pediatrics,1.0,218000,289,239.42,22867.59,239.42,95.51244674630357,96.0,89.2,73.3,85.0,300.0,270.0,-60.58000000000001,0.0,0.0,1.1,0.7980666666666666,0.0,18166.666666666668,Below Threshold,Below Threshold
2026-02-01,P0041,Clinic C,Primary Care,1.0,195000,327,559.39,52449.14,559.39,93.76131142852036,91.1,78.3,74.4,86.0,350.0,315.0,209.39,244.39,12219.5,1.1,1.5982571428571428,13441.45,29691.45,Above Target,Eligible
2026-02-01,P0042,Clinic B,OBGYN,0.5,294000,158,1124.89,216053.86,2249.78,192.06665540630635,82.2,88.8,76.2,69.7,187.5,168.75,937.3900000000001,956.1400000000001,47807.00000000001,1.0,5.999413333333334,47807.00000000001,72307.0,Above Target,Eligible
2026-02-01,P0043,ClinicA,Cardiology,0.75,292000,198,169.32,44753.38,225.76,264.3124261752894,89.0,77.3,92.1,70.9,337.5,303.75,-168.18,0.0,0.0,1.0,0.5016888888888889,0.0,24333.333333333332,Below Threshold,Below Threshold
2026-02-01,P0044,Clinic B,Cardiology,0.75,391000,220,161.09,43270.52,214.78666666666666,268.6108386616177,85.2,87.7,82.2,94.9,337.5,303.75,-176.41,0.0,0.0,1.0,0.47730370370370373,0.0,32583.333333333332,Below Threshold,Below Threshold
2026-02-01,P0045,Clinic B,Dermatology,1.0,309000,301,189.1,37242.01,189.1,196.94346906398732,71.5,88.9,76.9,86.4,325.0,292.5,-135.9,0.0,0.0,0.9,0.5818461538461538,0.0,25750.0,Below Threshold,Below Threshold
2026-02-01,P0046,ClinicA,Orthopedics,1.0,372000,297,1888.8,340176.71,1888.8,180.10202774248202,69.4,85.9,50.0,84.6,475.0,427.5,1413.8,1461.3,73065.0,0.75,3.976421052631579,54798.75,85798.75,Above Target,Eligible
2026-02-01,P0047,Clinic B,Pediatrics,0.5,209000,145,111.24,10904.25,222.48,98.02454153182309,90.2,79.9,82.3,93.9,150.0,135.0,-38.760000000000005,0.0,0.0,1.1,0.7415999999999999,0.0,17416.666666666668,Below Threshold,Below Threshold
2026-02-01,P0048,ClinicA,General Surgery,1.0,386000,300,1517.44,232512.92,1517.44,153.22709299873472,82.9,90.2,78.8,84.2,425.0,382.5,1092.44,1134.94,56747.0,1.0,3.5704470588235298,56747.0,88913.66666666667,Above Target,Eligible
2026-02-01,P0049,ClinicA,Pediatrics,0.75,200000,220,175.10999999999999,17064.1,233.48,97.44788989777854,83.2,89.3,90.6,70.1,225.0,202.5,-49.890000000000015,0.0,0.0,1.0,0.7782666666666666,0.0,16666.666666666668,Below Threshold,Below Threshold
2026-02-01,P0050,Clinic B,Pediatrics,1.0,181000,297,232.18,22599.44,232.18,97.33586010853647,81.2,93.6,85.5,87.4,300.0,270.0,-67.82,0.0,0.0,1.0,0.7739333333333334,0.0,15083.333333333334,Below Threshold,Below Threshold
2026-02-01,P0051,Clinic B,Orthopedics,1.0,321000,283,1493.6,276809.76,1493.6,185.3305838243171,85.3,90.6,70.5,95.7,475.0,427.5,1018.5999999999999,1066.1,53304.99999999999,1.0,3.1444210526315786,53304.99999999999,80055.0,Above Target,Eligible
2026-02-01,P0052,Clinic B,Orthopedics,0.75,401000,242,1537.6000000000001,278291.45,2050.1333333333337,180.99079734651403,68.3,84.2,81.4,72.4,356.25,320.625,1181.3500000000001,1216.9750000000001,60848.75000000001,0.75,4.316070175438597,45636.56250000001,79053.22916666667,Above Target,Eligible
2026-02-01,P0053,Clinic B,Primary Care,1.0,234000,267,436.99,41732.43,436.99,95.4997368360832,86.6,86.6,74.7,76.3,350.0,315.0,86.99000000000001,121.99000000000001,6099.5,1.0,1.2485428571428572,6099.5,25599.5,Above Target,Eligible
2026-02-01,P0054,Clinic B,Dermatology,0.75,342000,245,153.1,29985.35,204.13333333333333,195.8546701502286,80.2,76.6,80.5,89.3,243.75,219.375,-90.65,0.0,0.0,1.0,0.628102564102564,0.0,28500.0,Below Threshold,Below Threshold
2026-02-01,P0055,ClinicA,Dermatology,0.5,305000,155,96.69999999999999,18939.22,193.39999999999998,195.85542916235784,90.8,94.2,82.8,73.3,162.5,146.25,-65.80000000000001,0.0,0.0,1.1,0.5950769230769231,0.0,25416.666666666668,Below Threshold,Below Threshold
2026-02-01,P0056,ClinicA,Pediatrics,1.0,228000,299,234.4,22778.57,234.4,97.17819965870306,78.8,91.0,80.0,93.6,300.0,270.0,-65.6,0.0,0.0,0.9,0.7813333333333333,0.0,19000.0,Below Threshold,Below Threshold
2026-02-01,P0057,ClinicA,Dermatology,1.0,279000,303,187.9,36967.26,187.9,196.7390101117616,73.1,87.1,83.2,96.0,325.0,292.5,-137.1,0.0,0.0,0.9,0.5781538461538461,0.0,23250.0,Below Threshold,Below Threshold
2026-02-01,P0058,Clinic B,General Surgery,0.75,440000,220,1023.09,152629.63,1364.1200000000001,149.1849495156829,99.0,81.4,85.6,84.2,318.75,286.875,704.34,736.215,36810.75,1.1,3.209694117647059,40491.825000000004,77158.49166666667,Above Target,Eligible
2026-02-01,P0059,ClinicA,Cardiology,0.5,332000,135,90.78,24558.38,181.56,270.52632738488654,76.5,76.7,89.0,90.9,225.0,202.5,-134.22,0.0,0.0,0.9,0.4034666666666667,0.0,27666.666666666668,Below Threshold,Below Threshold
2026-02-01,P0060,Clinic B,Dermatology,1.0,325000,285,181.7,36001.72,181.7,198.1382498624106,88.2,92.3,62.6,87.3,325.0,292.5,-143.3,0.0,0.0,1.0,0.559076923076923,0.0,27083.333333333332,Below Threshold,Below Threshold
2026-02-01,P0061,Clinic C,OBGYN,1.0,297000,270,1627.0,306508.76,1627.0,188.38891210817457,82.9,91.8,83.4,81.8,375.0,337.5,1252.0,1289.5,64475.0,1.0,4.338666666666667,64475.0,89225.0,Above Target,Eligible
2026-02-01,P0062,ClinicA,Pediatrics,1.0,220000,283,239.07999999999998,22664.13,239.07999999999998,94.79726451397023,97.7,91.4,69.9,73.9,300.0,270.0,-60.920000000000016,0.0,0.0,1.1,0.7969333333333333,0.0,18333.333333333332,Below Threshold,Below Threshold
2026-02-01,P0063,ClinicA,Orthopedics,0.5,412000,152,1043.2,188882.73,2086.4,181.0608991564417,85.2,75.7,71.5,69.0,237.5,213.75,805.7,829.45,41472.5,1.0,4.392421052631579,41472.5,75805.83333333334,Above Target,Eligible
2026-02-01,P0064,ClinicA,Orthopedics,1.0,336000,318,2174.4,392080.87,2174.4,180.3168092347314,92.4,85.9,75.8,88.1,475.0,427.5,1699.4,1746.9,87345.0,1.1,4.577684210526316,96079.50000000001,124079.50000000001,Above Target,Eligible
2026-02-01,P0065,ClinicA,Primary Care,1.0,199000,317,536.52,50918.65,536.52,94.9054089316335,87.4,78.7,75.5,78.6,350.0,315.0,186.51999999999998,221.51999999999998,11076.0,1.0,1.5329142857142857,11076.0,27659.333333333332,Above Target,Eligible
2026-02-01,P0066,ClinicA,OBGYN,1.0,336000,269,1762.54,335791.84,1762.54,190.51586914339535,89.9,82.4,87.8,84.4,375.0,337.5,1387.54,1425.04,71252.0,1.0,4.700106666666667,71252.0,99252.0,Above Target,Eligible
2026-02-01,P0067,ClinicA,Primary Care,1.0,237000,288,487.49,46328.72,487.49,95.03522123530739,75.5,86.7,65.7,92.9,350.0,315.0,137.49,172.49,8624.5,0.9,1.3928285714285715,7762.05,27512.05,Above Target,Eligible
2026-02-01,P0068,Clinic B,Orthopedics,1.0,322000,320,2099.2,378047.56,2099.2,180.09125381097562,84.4,91.0,77.4,58.0,475.0,427.5,1624.1999999999998,1671.6999999999998,83584.99999999999,1.0,4.419368421052631,83584.99999999999,110418.33333333331,Above Target,Eligible
2026-02-01,P0069,ClinicA,Dermatology,0.75,263000,247,154.9,30441.28,206.53333333333333,196.52214331826983,84.7,83.2,74.1,64.1,243.75,219.375,-88.85,0.0,0.0,1.0,0.6354871794871795,0.0,21916.666666666668,Below Threshold,Below Threshold
2026-02-01,P0070,Clinic C,Primary Care,0.75,220000,213,359.77,33854.66,479.6933333333333,94.10084220474194,87.1,99.0,78.0,78.6,262.5,236.25,97.26999999999998,123.51999999999998,6175.999999999999,1.0,1.370552380952381,6175.999999999999,24509.333333333332,Above Target,Eligible
2026-02-01,P0071,Clinic B,Dermatology,1.0,270000,280,175.4,34610.4,175.4,197.32269099201824,88.6,89.1,62.0,77.1,325.0,292.5,-149.6,0.0,0.0,1.0,0.5396923076923077,0.0,22500.0,Below Threshold,Below Threshold
2026-02-01,P0072,Clinic B,Dermatology,1.0,324000,297,186.1,36621.19,186.1,196.7823213326169,80.4,81.2,90.9,69.6,325.0,292.5,-138.9,0.0,0.0,1.0,0.5726153846153846,0.0,27000.0,Below Threshold,Below Threshold
2026-02-01,P0073,ClinicA,OBGYN,0.75,342000,258,1655.51,316229.14,2207.346666666667,191.01614608187205,99.0,83.4,62.7,99.0,281.25,253.125,1374.26,1402.385,70119.25,1.1,5.886257777777778,77131.175,105631.175,Above Target,Eligible
2026-02-01,P0074,Clinic B,Primary Care,1.0,219000,290,483.04,45856.82,483.04,94.93379430274925,85.3,75.7,83.0,91.1,350.0,315.0,133.04000000000002,168.04000000000002,8402.000000000002,1.0,1.3801142857142858,8402.000000000002,26652.0,Above Target,Eligible
2026-02-01,P0075,Clinic B,Pediatrics,1.0,197000,315,265.36,25135.11,265.36,94.72079439252336,88.4,68.8,84.8,87.9,300.0,270.0,-34.639999999999986,0.0,0.0,1.0,0.8845333333333334,0.0,16416.666666666668,Below Threshold,Below Threshold
2026-02-01,P0076,Clinic B,Dermatology,0.5,306000,160,99.8,19724.51,199.6,197.64038076152303,90.9,83.4,81.1,82.3,162.5,146.25,-62.7,0.0,0.0,1.1,0.6141538461538462,0.0,25500.0,Below Threshold,Below Threshold
2026-02-01,P0077,Clinic B,Cardiology,0.75,297000,220,183.7,49192.95,244.9333333333333,267.7896026129559,86.8,96.1,86.1,78.5,337.5,303.75,-153.8,0.0,0.0,1.0,0.5442962962962963,0.0,24750.0,Below Threshold,Below Threshold
2026-02-01,P0078,Clinic B,OBGYN,1.0,306000,292,1985.6000000000001,379648.8,1985.6000000000001,191.20104754230456,92.8,80.7,81.7,84.8,375.0,337.5,1610.6000000000001,1648.1000000000001,82405.0,1.1,5.294933333333334,90645.50000000001,116145.50000000001,Above Target,Eligible
2026-02-01,P0079,Clinic B,Cardiology,1.0,336000,309,246.71,65798.87,246.71,266.7053220380203,79.8,86.6,72.5,65.8,450.0,405.0,-203.29,0.0,0.0,0.9,0.5482444444444444,0.0,28000.0,Below Threshold,Below Threshold
2026-02-01,P0080,Clinic B,General Surgery,0.5,316000,139,723.42,110765.48,1446.84,153.1136545851649,90.5,87.0,83.3,70.8,212.5,191.25,510.91999999999996,532.17,26608.499999999996,1.1,3.4043294117647056,29269.35,55602.683333333334,Above Target,Eligible
2026-03-01,P0001,Clinic D,Primary Care,1.0,242000,351,600.03,56735.87,600.03,94.55505558055431,87.0,83.8,79.6,96.6,350.0,315.0,250.02999999999997,285.03,14251.499999999998,1.0,1.7143714285714284,14251.499999999998,34418.166666666664,Above Target,Eligible
2026-03-01,P0002,Clinic C,Primary Care,0.5,249000,144,226.85,22002.16,453.7,96.98990522371611,86.6,86.6,60.7,82.2,175.0,157.5,51.849999999999994,69.35,3467.4999999999995,1.0,1.2962857142857143,3467.4999999999995,24217.5,Above Target,Eligible
2026-03-01,P0003,Clinic C,OBGYN,1.0,254000,316,2041.0,387202.58,2041.0,189.71219010289076,92.5,93.3,82.4,82.0,375.0,337.5,1666.0,1703.5,85175.0,1.1,5.442666666666667,93692.50000000001,114859.16666666669,Above Target,Eligible
2026-03-01,P0004,Clinic B,OBGYN,1.0,342000,314,2063.15,393584.32,2063.15,190.76864018612315,91.3,91.2,74.8,87.8,375.0,337.5,1688.15,1725.65,86282.5,1.1,5.501733333333333,94910.75000000001,123410.75000000001,Above Target,Eligible
2026-03-01,P0005,Clinic B,OBGYN,1.0,289000,330,2223.21,424129.1,2223.21,190.77329626980804,93.2,79.8,88.1,81.6,375.0,337.5,1848.21,1885.71,94285.5,1.1,5.92856,103714.05,127797.38333333333,Above Target,Eligible
2026-03-01,P0006,ClinicA,Pediatrics,1.0,184000,326,253.54,24686.83,253.54,97.36858089453342,84.2,95.8,64.4,80.4,300.0,270.0,-46.46000000000001,0.0,0.0,1.0,0.8451333333333333,0.0,15333.333333333334,Below Threshold,Below Threshold
2026-03-01,P0007,Clinic B,Dermatology,1.0,326000,340,213.2,41874.61,213.2,196.40999061913698,94.8,95.2,82.0,82.7,325.0,292.5,-111.80000000000001,0.0,0.0,1.1,0.6559999999999999,0.0,27166.666666666668,Below Threshold,Below Threshold
2026-03-01,P0008,ClinicA,General Surgery,1.0,434000,330,1676.04,257358.57,1676.04,153.5515679816711,89.0,88.5,68.8,89.6,425.0,382.5,1251.04,1293.54,64677.0,1.0,3.9436235294117647,64677.0,100843.66666666666,Above Target,Eligible
2026-03-01,P0009,Clinic B,General Surgery,0.75,370000,235,1145.24,175603.47,1526.9866666666667,153.3333362439314,76.6,87.0,97.8,85.2,318.75,286.875,826.49,858.365,42918.25,0.9,3.5929098039215686,38626.425,69459.75833333333,Above Target,Eligible
2026-03-01,P0010,ClinicA,Pediatrics,0.75,221000,254,212.44,20282.46,283.25333333333333,95.47382790434946,75.7,75.5,70.1,91.2,225.0,202.5,-12.560000000000002,9.939999999999998,496.9999999999999,0.9,0.9441777777777778,447.2999999999999,18863.966666666667,At / Near Target,Eligible
2026-03-01,P0011,Clinic B,Dermatology,1.0,283000,317,199.89999999999998,39522.17,199.89999999999998,197.70970485242623,86.3,90.2,88.0,78.5,325.0,292.5,-125.10000000000002,0.0,0.0,1.0,0.615076923076923,0.0,23583.333333333332,Below Threshold,Below Threshold
2026-03-01,P0012,ClinicA,Dermatology,1.0,269000,327,205.5,40415.11,205.5,196.66720194647203,92.1,86.5,76.7,88.6,325.0,292.5,-119.5,0.0,0.0,1.1,0.6323076923076923,0.0,22416.666666666668,Below Threshold,Below Threshold
2026-03-01,P0013,ClinicA,Pediatrics,1.0,194000,318,282.21999999999997,26276.67,282.21999999999997,93.10704414995394,94.2,92.8,72.8,79.9,300.0,270.0,-17.78000000000003,12.21999999999997,610.9999999999985,1.1,0.9407333333333332,672.0999999999984,16838.766666666663,At / Near Target,Eligible
2026-03-01,P0014,Clinic B,Pediatrics,1.0,230000,301,248.42,23743.15,248.42,95.576644392561,85.7,80.1,68.7,60.8,300.0,270.0,-51.58000000000001,0.0,0.0,1.0,0.8280666666666666,0.0,19166.666666666668,Below Threshold,Below Threshold
2026-03-01,P0015,Clinic B,General Surgery,1.0,425000,324,1567.19,237693.97,1567.19,151.66889145540745,83.4,96.5,59.8,82.8,425.0,382.5,1142.19,1184.69,59234.5,1.0,3.687505882352941,59234.5,94651.16666666666,Above Target,Eligible
2026-03-01,P0016,Clinic B,Pediatrics,1.0,197000,355,303.39,28842.75,303.39,95.06822901216256,93.3,89.8,72.4,80.2,300.0,270.0,3.3899999999999864,33.389999999999986,1669.4999999999993,1.1,1.0112999999999999,1836.4499999999994,18253.11666666667,Above Target,Eligible
2026-03-01,P0017,Clinic B,Cardiology,0.75,304000,239,205.55,54723.64,274.06666666666666,266.2303089272683,83.3,85.9,76.9,74.6,337.5,303.75,-131.95,0.0,0.0,1.0,0.609037037037037,0.0,25333.333333333332,Below Threshold,Below Threshold
2026-03-01,P0018,ClinicA,OBGYN,1.0,313000,319,2116.18,404366.23,2116.18,191.08309784611896,84.9,90.7,64.0,81.1,375.0,337.5,1741.1799999999998,1778.6799999999998,88933.99999999999,1.0,5.6431466666666665,88933.99999999999,115017.33333333331,Above Target,Eligible
2026-03-01,P0019,Clinic B,Pediatrics,1.0,208000,354,292.53,27934.26,292.53,95.49194954363655,80.0,85.2,85.6,80.3,300.0,270.0,-7.470000000000027,22.529999999999973,1126.4999999999986,1.0,0.9750999999999999,1126.4999999999986,18459.833333333332,At / Near Target,Eligible
2026-03-01,P0020,Clinic B,Pediatrics,0.75,187000,239,201.57999999999998,19240.16,268.7733333333333,95.44677051294772,92.8,77.8,76.3,91.9,225.0,202.5,-23.420000000000016,0.0,0.0,1.1,0.895911111111111,0.0,15583.333333333334,Below Threshold,Below Threshold
2026-03-01,P0021,Clinic B,Pediatrics,1.0,214000,324,297.21999999999997,27550.53,297.21999999999997,92.69406500235516,75.4,83.1,84.9,69.3,300.0,270.0,-2.7800000000000296,27.21999999999997,1360.9999999999986,0.9,0.9907333333333332,1224.8999999999987,19058.23333333333,At / Near Target,Eligible
2026-03-01,P0022,Clinic D,Primary Care,1.0,223000,364,598.05,56944.47,598.05,95.21690494105844,77.4,88.2,71.9,80.9,350.0,315.0,248.04999999999995,283.04999999999995,14152.499999999998,0.9,1.7087142857142856,12737.249999999998,31320.58333333333,Above Target,Eligible
2026-03-01,P0023,Clinic C,Primary Care,1.0,192000,295,490.63,46612.13,490.63,95.00464708639912,91.8,83.7,70.2,78.6,350.0,315.0,140.63,175.63,8781.5,1.1,1.4018,9659.650000000001,25659.65,Above Target,Eligible
2026-03-01,P0024,ClinicA,Orthopedics,0.75,361000,254,1758.4,318834.95,2344.5333333333333,181.32105891719746,81.1,71.9,81.5,70.8,356.25,320.625,1402.15,1437.775,71888.75,1.0,4.935859649122807,71888.75,101972.08333333333,Above Target,Eligible
2026-03-01,P0025,Clinic B,Dermatology,0.75,256000,224,141.0,27714.03,188.0,196.55340425531915,80.5,79.1,72.3,95.5,243.75,219.375,-102.75,0.0,0.0,1.0,0.5784615384615385,0.0,21333.333333333332,Below Threshold,Below Threshold
2026-03-01,P0026,ClinicA,OBGYN,0.75,313000,265,1710.48,326112.52,2280.64,190.6555586735887,75.7,94.8,82.8,75.9,281.25,253.125,1429.23,1457.355,72867.75,0.9,6.081706666666666,65580.975,91664.30833333333,Above Target,Eligible
2026-03-01,P0027,Clinic C,Primary Care,1.0,230000,353,592.81,56227.36,592.81,94.84887231996763,89.0,90.7,87.7,69.6,350.0,315.0,242.80999999999995,277.80999999999995,13890.499999999996,1.0,1.693742857142857,13890.499999999996,33057.166666666664,Above Target,Eligible
2026-03-01,P0028,ClinicA,Orthopedics,1.0,325000,284,1801.6000000000001,326675.25,1801.6000000000001,181.3250721580817,91.5,72.4,94.2,81.9,475.0,427.5,1326.6000000000001,1374.1000000000001,68705.0,1.1,3.792842105263158,75575.5,102658.83333333333,Above Target,Eligible
2026-03-01,P0029,ClinicA,Orthopedics,0.5,408000,157,1047.2,188803.75,2094.4,180.29387891520244,71.3,90.3,73.6,86.6,237.5,213.75,809.7,833.45,41672.5,0.9,4.409263157894737,37505.25,71505.25,Above Target,Eligible
2026-03-01,P0030,ClinicA,General Surgery,0.75,375000,251,1244.1100000000001,191346.54,1658.8133333333335,153.80194677319528,79.1,90.9,84.8,67.3,318.75,286.875,925.3600000000001,957.2350000000001,47861.75000000001,0.9,3.903090196078432,43075.575000000004,74325.57500000001,Above Target,Eligible
2026-03-01,P0031,ClinicA,Dermatology,1.0,295000,289,181.1,35606.22,181.1,196.61082274986197,97.0,94.2,78.1,86.3,325.0,292.5,-143.9,0.0,0.0,1.1,0.5572307692307692,0.0,24583.333333333332,Below Threshold,Below Threshold
2026-03-01,P0032,ClinicA,Cardiology,1.0,356000,330,278.21,74115.33,278.21,266.4006685597211,84.2,90.3,85.5,87.8,450.0,405.0,-171.79000000000002,0.0,0.0,1.0,0.6182444444444444,0.0,29666.666666666668,Below Threshold,Below Threshold
2026-03-01,P0033,ClinicA,General Surgery,0.5,318000,183,924.61,142513.12,1849.22,154.13322373757583,90.5,95.0,94.4,93.0,212.5,191.25,712.11,733.36,36668.0,1.1,4.351105882352941,40334.8,66834.8,Above Target,Eligible
2026-03-01,P0034,Clinic B,Orthopedics,1.0,405000,316,2153.6,387837.31,2153.6,180.08790397474,73.4,86.2,77.1,91.4,475.0,427.5,1678.6,1726.1,86305.0,0.9,4.533894736842105,77674.5,111424.5,Above Target,Eligible
2026-03-01,P0035,ClinicA,Pediatrics,1.0,227000,301,269.69,25171.94,269.69,93.33657161926656,72.3,84.9,77.1,77.7,300.0,270.0,-30.310000000000002,0.0,0.0,0.9,0.8989666666666667,0.0,18916.666666666668,Below Threshold,Below Threshold
2026-03-01,P0036,Clinic B,Cardiology,1.0,313000,333,257.44,68954.81,257.44,267.84808110627716,79.6,88.6,79.9,66.0,450.0,405.0,-192.56,0.0,0.0,0.9,0.5720888888888889,0.0,26083.333333333332,Below Threshold,Below Threshold
2026-03-01,P0037,ClinicA,Primary Care,1.0,217000,302,505.49,48003.97,505.49,94.965221863934,83.7,87.3,68.5,85.5,350.0,315.0,155.49,190.49,9524.5,1.0,1.444257142857143,9524.5,27607.833333333332,Above Target,Eligible
2026-03-01,P0038,ClinicA,General Surgery,1.0,387000,359,1763.65,269534.99,1763.65,152.8279363819352,87.7,77.5,75.0,96.8,425.0,382.5,1338.65,1381.15,69057.5,1.0,4.149764705882353,69057.5,101307.5,Above Target,Eligible
2026-03-01,P0039,ClinicA,Pediatrics,1.0,226000,339,293.77,27503.15,293.77,93.6213704598836,79.2,93.0,89.9,71.5,300.0,270.0,-6.230000000000018,23.769999999999982,1188.499999999999,0.9,0.9792333333333333,1069.6499999999992,19902.98333333333,At / Near Target,Eligible
2026-03-01,P0040,Clinic B,Pediatrics,1.0,218000,322,263.51,25262.41,263.51,95.86888543129294,85.6,98.1,75.3,72.0,300.0,270.0,-36.49000000000001,0.0,0.0,1.0,0.8783666666666666,0.0,18166.666666666668,Below Threshold,Below Threshold
2026-03-01,P0041,Clinic C,Primary Care,1.0,195000,325,553.7,52168.82,553.7,94.21856601047497,90.6,84.7,76.0,72.2,350.0,315.0,203.70000000000005,238.70000000000005,11935.000000000002,1.1,1.582,13128.500000000004,29378.500000000004,Above Target,Eligible
2026-03-01,P0042,Clinic B,OBGYN,0.5,294000,162,1040.44,197642.99,2080.88,189.96096843643073,89.5,89.0,77.2,80.5,187.5,168.75,852.94,871.69,43584.5,1.0,5.549013333333334,43584.5,68084.5,Above Target,Eligible
2026-03-01,P0043,ClinicA,Cardiology,0.75,292000,261,205.3,54672.03,273.73333333333335,266.3031173891865,93.0,89.1,83.2,83.2,337.5,303.75,-132.2,0.0,0.0,1.1,0.6082962962962963,0.0,24333.333333333332,Below Threshold,Below Threshold
2026-03-01,P0044,Clinic B,Cardiology,0.75,391000,284,207.88,55995.15,277.17333333333335,269.36285356936696,75.4,96.2,58.8,65.1,337.5,303.75,-129.62,0.0,0.0,0.9,0.6159407407407407,0.0,32583.333333333332,Below Threshold,Below Threshold
2026-03-01,P0045,Clinic B,Dermatology,1.0,309000,316,198.0,39102.96,198.0,197.48969696969698,95.9,87.9,75.8,73.4,325.0,292.5,-127.0,0.0,0.0,1.1,0.6092307692307692,0.0,25750.0,Below Threshold,Below Threshold
2026-03-01,P0046,ClinicA,Orthopedics,1.0,372000,335,2303.2,417366.36,2303.2,181.21151441472733,79.7,86.0,91.3,99.0,475.0,427.5,1828.1999999999998,1875.6999999999998,93784.99999999999,0.9,4.848842105263158,84406.49999999999,115406.49999999999,Above Target,Eligible
2026-03-01,P0047,Clinic B,Pediatrics,0.5,209000,179,154.21,14666.380000000001,308.42,95.10654302574412,99.0,86.1,78.5,79.2,150.0,135.0,4.210000000000008,19.210000000000008,960.5000000000005,1.1,1.0280666666666667,1056.5500000000006,18473.216666666667,Above Target,Eligible
2026-03-01,P0048,ClinicA,General Surgery,1.0,386000,307,1568.73,244269.96,1568.73,155.7119198332409,71.3,89.8,73.1,80.2,425.0,382.5,1143.73,1186.23,59311.5,0.9,3.691129411764706,53380.35,85547.01666666666,Above Target,Eligible
2026-03-01,P0049,ClinicA,Pediatrics,0.75,200000,284,233.96,22445.51,311.94666666666666,95.93738245853991,78.0,87.3,88.2,86.7,225.0,202.5,8.960000000000008,31.460000000000008,1573.0000000000005,0.9,1.0398222222222222,1415.7000000000005,18082.36666666667,Above Target,Eligible
2026-03-01,P0050,Clinic B,Pediatrics,1.0,181000,329,282.39,26632.72,282.39,94.31183823789794,74.7,89.6,60.1,88.8,300.0,270.0,-17.610000000000014,12.389999999999986,619.4999999999993,0.9,0.9412999999999999,557.5499999999994,15640.883333333333,At / Near Target,Eligible
2026-03-01,P0051,Clinic B,Orthopedics,1.0,321000,344,2060.8,376203.34,2060.8,182.55208656832298,84.3,92.8,84.4,95.4,475.0,427.5,1585.8000000000002,1633.3000000000002,81665.00000000001,1.0,4.3385263157894745,81665.00000000001,108415.00000000001,Above Target,Eligible
2026-03-01,P0052,Clinic B,Orthopedics,0.75,401000,236,1705.6,307333.32,2274.133333333333,180.1907363977486,96.0,86.6,82.7,66.4,356.25,320.625,1349.35,1384.975,69248.75,1.1,4.787649122807017,76173.625,109590.29166666666,Above Target,Eligible
2026-03-01,P0053,Clinic B,Primary Care,1.0,234000,317,530.67,50228.2,530.67,94.6505361147229,87.0,87.7,91.5,78.2,350.0,315.0,180.66999999999996,215.66999999999996,10783.499999999998,1.0,1.5162,10783.499999999998,30283.5,Above Target,Eligible
2026-03-01,P0054,Clinic B,Dermatology,0.75,342000,259,162.7,32079.44,216.9333333333333,197.16926859250154,82.7,92.7,82.9,65.2,243.75,219.375,-81.05000000000001,0.0,0.0,1.0,0.6674871794871794,0.0,28500.0,Below Threshold,Below Threshold
2026-03-01,P0055,ClinicA,Dermatology,0.5,305000,154,98.8,19552.86,197.6,197.90344129554657,90.1,86.3,82.5,64.8,162.5,146.25,-63.7,0.0,0.0,1.1,0.608,0.0,25416.666666666668,Below Threshold,Below Threshold
2026-03-01,P0056,ClinicA,Pediatrics,1.0,228000,340,285.21,27004.52,285.21,94.68293538094738,68.3,88.9,69.2,82.5,300.0,270.0,-14.79000000000002,15.20999999999998,760.499999999999,0.75,0.9506999999999999,570.3749999999992,19570.375,At / Near Target,Eligible
2026-03-01,P0057,ClinicA,Dermatology,1.0,279000,333,208.89999999999998,41218.75,208.89999999999998,197.31330780277648,88.5,99.0,89.2,76.8,325.0,292.5,-116.10000000000002,0.0,0.0,1.0,0.6427692307692306,0.0,23250.0,Below Threshold,Below Threshold
2026-03-01,P0058,Clinic B,General Surgery,0.75,440000,235,1179.52,183186.15,1572.6933333333334,155.30567518990776,86.8,82.2,72.3,87.5,318.75,286.875,860.77,892.645,44632.25,1.0,3.7004549019607844,44632.25,81298.91666666666,Above Target,Eligible
2026-03-01,P0059,ClinicA,Cardiology,0.5,332000,164,127.63,34022.74,255.26,266.5732194625088,66.5,84.6,75.8,77.4,225.0,202.5,-97.37,0.0,0.0,0.75,0.5672444444444444,0.0,27666.666666666668,Below Threshold,Below Threshold
2026-03-01,P0060,Clinic B,Dermatology,1.0,325000,294,184.4,36212.98,184.4,196.38275488069416,86.9,93.1,72.9,74.1,325.0,292.5,-140.6,0.0,0.0,1.0,0.5673846153846154,0.0,27083.333333333332,Below Threshold,Below Threshold
2026-03-01,P0061,Clinic C,OBGYN,1.0,297000,298,2015.51,384884.08,2015.51,190.96113638731637,97.2,85.6,66.5,99.0,375.0,337.5,1640.51,1678.01,83900.5,1.1,5.374693333333333,92290.55,117040.55,Above Target,Eligible
2026-03-01,P0062,ClinicA,Pediatrics,1.0,220000,335,290.86,27224.19,290.86,93.59894794746613,79.3,95.4,77.5,90.1,300.0,270.0,-9.139999999999986,20.860000000000014,1043.0000000000007,0.9,0.9695333333333334,938.7000000000006,19272.033333333333,At / Near Target,Eligible
2026-03-01,P0063,ClinicA,Orthopedics,0.5,412000,165,861.6,157492.73,1723.2,182.7910051067781,71.9,83.3,63.5,91.2,237.5,213.75,624.1,647.85,32392.5,0.9,3.6277894736842105,29153.25,63486.583333333336,Above Target,Eligible
2026-03-01,P0064,ClinicA,Orthopedics,1.0,336000,342,2270.4,408474.6,2270.4,179.9130549682875,84.2,90.2,69.6,79.3,475.0,427.5,1795.4,1842.9,92145.0,1.0,4.779789473684211,92145.0,120145.0,Above Target,Eligible
2026-03-01,P0065,ClinicA,Primary Care,1.0,199000,341,579.4,54624.05,579.4,94.27692440455645,84.1,83.0,71.8,94.9,350.0,315.0,229.39999999999998,264.4,13219.999999999998,1.0,1.6554285714285715,13219.999999999998,29803.33333333333,Above Target,Eligible
2026-03-01,P0066,ClinicA,OBGYN,1.0,336000,337,2302.27,441364.81,2302.27,191.70853548888707,99.0,82.2,66.2,86.8,375.0,337.5,1927.27,1964.77,98238.5,1.1,6.139386666666667,108062.35,136062.35,Above Target,Eligible
2026-03-01,P0067,ClinicA,Primary Care,1.0,237000,330,546.24,51950.67,546.24,95.10594244288224,88.1,95.0,80.3,87.8,350.0,315.0,196.24,231.24,11562.0,1.0,1.5606857142857142,11562.0,31312.0,Above Target,Eligible
2026-03-01,P0068,Clinic B,Orthopedics,1.0,322000,361,2708.0,487768.32,2708.0,180.12124076809454,84.1,87.7,86.0,79.5,475.0,427.5,2233.0,2280.5,114025.0,1.0,5.701052631578947,114025.0,140858.33333333334,Above Target,Eligible
2026-03-01,P0069,ClinicA,Dermatology,0.75,263000,269,167.9,33207.13,223.86666666666667,197.77921381774863,86.9,82.7,83.8,86.8,243.75,219.375,-75.85,0.0,0.0,1.0,0.6888205128205128,0.0,21916.666666666668,Below Threshold,Below Threshold
2026-03-01,P0070,Clinic C,Primary Care,0.75,220000,236,389.12,36985.48,518.8266666666667,95.04903371710527,91.3,87.7,75.5,80.0,262.5,236.25,126.62,152.87,7643.5,1.1,1.4823619047619048,8407.85,26741.183333333334,Above Target,Eligible
2026-03-01,P0071,Clinic B,Dermatology,1.0,270000,321,200.7,39549.44,200.7,197.05749875435976,92.9,89.8,75.9,87.6,325.0,292.5,-124.30000000000001,0.0,0.0,1.1,0.6175384615384615,0.0,22500.0,Below Threshold,Below Threshold
2026-03-01,P0072,Clinic B,Dermatology,1.0,324000,345,217.7,42793.13,217.7,196.5692696371153,75.5,83.5,69.8,65.9,325.0,292.5,-107.30000000000001,0.0,0.0,0.9,0.6698461538461538,0.0,27000.0,Below Threshold,Below Threshold
2026-03-01,P0073,ClinicA,OBGYN,0.75,342000,271,1748.42,333165.25,2331.226666666667,190.55218425778702,80.5,93.0,73.2,81.6,281.25,253.125,1467.17,1495.295,74764.75,1.0,6.216604444444445,74764.75,103264.75,Above Target,Eligible
2026-03-01,P0074,Clinic B,Primary Care,1.0,219000,308,514.57,48680.49,514.57,94.60421322657751,61.2,91.1,83.5,98.2,350.0,315.0,164.57000000000005,199.57000000000005,9978.500000000002,0.75,1.4702000000000002,7483.875000000002,25733.875,Above Target,Eligible
2026-03-01,P0075,Clinic B,Pediatrics,1.0,197000,316,256.45,24580.79,256.45,95.85022421524664,93.8,89.7,89.7,68.3,300.0,270.0,-43.55000000000001,0.0,0.0,1.1,0.8548333333333333,0.0,16416.666666666668,Below Threshold,Below Threshold
2026-03-01,P0076,Clinic B,Dermatology,0.5,306000,166,104.8,20603.66,209.6,196.59980916030534,84.7,99.0,70.5,87.8,162.5,146.25,-57.7,0.0,0.0,1.0,0.6449230769230769,0.0,25500.0,Below Threshold,Below Threshold
2026-03-01,P0077,Clinic B,Cardiology,0.75,297000,223,153.62,41316.48,204.82666666666668,268.9524801458144,84.3,95.0,82.2,81.1,337.5,303.75,-183.88,0.0,0.0,1.0,0.4551703703703704,0.0,24750.0,Below Threshold,Below Threshold
2026-03-01,P0078,Clinic B,OBGYN,1.0,306000,342,2250.91,427820.71,2250.91,190.0656667747711,79.6,95.7,80.6,92.7,375.0,337.5,1875.9099999999999,1913.4099999999999,95670.5,0.9,6.002426666666667,86103.45,111603.45,Above Target,Eligible
2026-03-01,P0079,Clinic B,Cardiology,1.0,336000,324,251.92,67373.87,251.92,267.4415290568434,78.0,91.7,82.0,78.9,450.0,405.0,-198.08,0.0,0.0,0.9,0.5598222222222222,0.0,28000.0,Below Threshold,Below Threshold
2026-03-01,P0080,Clinic B,General Surgery,0.5,316000,186,914.76,139967.52,1829.52,153.010101010101,78.3,83.5,89.1,63.5,212.5,191.25,702.26,723.51,36175.5,0.9,4.304752941176471,32557.95,58891.28333333333,Above Target,Eligible
2026-04-01,P0001,Clinic D,Primary Care,1.0,242000,298,490.89,46598.29,490.89,94.92613416447678,89.9,92.4,92.6,93.4,350.0,315.0,140.89,175.89,8794.5,1.0,1.402542857142857,8794.5,28961.166666666668,Above Target,Eligible
2026-04-01,P0002,Clinic C,Primary Care,0.5,249000,172,297.98,27861.04,595.96,93.49969796630646,76.9,76.5,72.8,62.9,175.0,157.5,122.98000000000002,140.48000000000002,7024.000000000001,0.9,1.7027428571428573,6321.600000000001,27071.600000000002,Above Target,Eligible
2026-04-01,P0003,Clinic C,OBGYN,1.0,254000,309,2074.36,395018.7,2074.36,190.42919261844617,98.0,95.2,86.5,78.7,375.0,337.5,1699.3600000000001,1736.8600000000001,86843.0,1.1,5.531626666666667,95527.3,116693.96666666667,Above Target,Eligible
2026-04-01,P0004,Clinic B,OBGYN,1.0,342000,276,1801.45,347053.25,1801.45,192.65216908601403,83.1,86.0,88.5,79.6,375.0,337.5,1426.45,1463.95,73197.5,1.0,4.803866666666667,73197.5,101697.5,Above Target,Eligible
2026-04-01,P0005,Clinic B,OBGYN,1.0,289000,341,2177.67,416148.3,2177.67,191.09796250120542,75.4,84.7,98.5,82.8,375.0,337.5,1802.67,1840.17,92008.5,0.9,5.80712,82807.65000000001,106890.98333333334,Above Target,Eligible
2026-04-01,P0006,ClinicA,Pediatrics,1.0,184000,317,279.57,26256.76,279.57,93.91837464677897,82.1,84.5,90.7,71.9,300.0,270.0,-20.430000000000007,9.569999999999993,478.49999999999966,1.0,0.9319,478.49999999999966,15811.833333333334,At / Near Target,Eligible
2026-04-01,P0007,Clinic B,Dermatology,1.0,326000,321,203.29999999999998,40160.82,203.29999999999998,197.54461387112642,73.3,83.1,87.5,86.5,325.0,292.5,-121.70000000000002,0.0,0.0,0.9,0.6255384615384615,0.0,27166.666666666668,Below Threshold,Below Threshold
2026-04-01,P0008,ClinicA,General Surgery,1.0,434000,285,1523.84,238502.1,1523.84,156.51387284754307,89.5,92.6,78.8,82.8,425.0,382.5,1098.84,1141.34,57066.99999999999,1.0,3.585505882352941,57066.99999999999,93233.66666666666,Above Target,Eligible
2026-04-01,P0009,Clinic B,General Surgery,0.75,370000,233,1106.1,166736.01,1474.8,150.74225657716303,76.2,85.8,80.7,57.9,318.75,286.875,787.3499999999999,819.2249999999999,40961.24999999999,0.9,3.470117647058823,36865.12499999999,67698.45833333333,Above Target,Eligible
2026-04-01,P0010,ClinicA,Pediatrics,0.75,221000,269,228.4,21697.98,304.53333333333336,94.99991243432574,93.5,89.8,88.6,80.7,225.0,202.5,3.4000000000000057,25.900000000000006,1295.0000000000002,1.1,1.015111111111111,1424.5000000000005,19841.166666666668,Above Target,Eligible
2026-04-01,P0011,Clinic B,Dermatology,1.0,283000,304,192.79999999999998,38009.94,192.79999999999998,197.14699170124484,86.9,89.5,67.8,71.0,325.0,292.5,-132.20000000000002,0.0,0.0,1.0,0.5932307692307692,0.0,23583.333333333332,Below Threshold,Below Threshold
2026-04-01,P0012,ClinicA,Dermatology,1.0,269000,341,213.7,42103.66,213.7,197.02227421619094,83.6,88.0,57.2,86.6,325.0,292.5,-111.30000000000001,0.0,0.0,1.0,0.6575384615384615,0.0,22416.666666666668,Below Threshold,Below Threshold
2026-04-01,P0013,ClinicA,Pediatrics,1.0,194000,322,273.57,25966.16,273.57,94.91596300763973,79.1,92.2,83.4,80.9,300.0,270.0,-26.430000000000007,3.569999999999993,178.49999999999966,0.9,0.9118999999999999,160.6499999999997,16327.316666666666,At / Near Target,Eligible
2026-04-01,P0014,Clinic B,Pediatrics,1.0,230000,336,285.74,27069.05,285.74,94.7331490165885,97.6,84.0,87.9,97.8,300.0,270.0,-14.259999999999991,15.740000000000009,787.0000000000005,1.1,0.9524666666666667,865.7000000000006,20032.36666666667,At / Near Target,Eligible
2026-04-01,P0015,Clinic B,General Surgery,1.0,425000,368,1896.93,293488.41,1896.93,154.717575239993,75.8,88.1,97.4,75.1,425.0,382.5,1471.93,1514.43,75721.5,0.9,4.463364705882353,68149.35,103566.01666666666,Above Target,Eligible
2026-04-01,P0016,Clinic B,Pediatrics,1.0,197000,329,275.51,26266.76,275.51,95.33868099161555,76.7,86.7,84.4,77.9,300.0,270.0,-24.49000000000001,5.509999999999991,275.49999999999955,0.9,0.9183666666666667,247.9499999999996,16664.61666666667,At / Near Target,Eligible
2026-04-01,P0017,Clinic B,Cardiology,0.75,304000,239,197.57,52780.64,263.4266666666667,267.1490610922711,70.6,69.8,75.6,87.4,337.5,303.75,-139.93,0.0,0.0,0.9,0.5853925925925926,0.0,25333.333333333332,Below Threshold,Below Threshold
2026-04-01,P0018,ClinicA,OBGYN,1.0,313000,315,2088.21,400436.01,2088.21,191.76041202752597,77.1,84.6,79.6,99.0,375.0,337.5,1713.21,1750.71,87535.5,0.9,5.56856,78781.95,104865.28333333333,Above Target,Eligible
2026-04-01,P0019,Clinic B,Pediatrics,1.0,208000,313,271.96999999999997,25450.51,271.96999999999997,93.57837261462662,93.6,76.1,71.1,90.0,300.0,270.0,-28.03000000000003,1.9699999999999704,98.49999999999852,1.1,0.9065666666666665,108.34999999999839,17441.68333333333,At / Near Target,Eligible
2026-04-01,P0020,Clinic B,Pediatrics,0.75,187000,238,211.12,19775.19,281.49333333333334,93.6680087154225,84.1,83.5,82.3,78.6,225.0,202.5,-13.879999999999995,8.620000000000005,431.0000000000002,1.0,0.9383111111111111,431.0000000000002,16014.333333333334,At / Near Target,Eligible
2026-04-01,P0021,Clinic B,Pediatrics,1.0,214000,338,269.07,25945.38,269.07,96.42613446315086,75.1,80.1,81.0,91.6,300.0,270.0,-30.930000000000007,0.0,0.0,0.9,0.8969,0.0,17833.333333333332,Below Threshold,Below Threshold
2026-04-01,P0022,Clinic D,Primary Care,1.0,223000,328,561.67,52794.85,561.67,93.99620773763954,93.0,95.0,73.5,93.1,350.0,315.0,211.66999999999996,246.66999999999996,12333.499999999998,1.1,1.6047714285714285,13566.849999999999,32150.18333333333,Above Target,Eligible
2026-04-01,P0023,Clinic C,Primary Care,1.0,192000,335,579.47,54259.51,579.47,93.63644364678068,74.0,79.7,84.2,79.0,350.0,315.0,229.47000000000003,264.47,13223.500000000002,0.9,1.6556285714285714,11901.150000000001,27901.15,Above Target,Eligible
2026-04-01,P0024,ClinicA,Orthopedics,0.75,361000,250,2004.8,358837.88,2673.0666666666666,178.98936552274543,79.7,85.1,71.2,91.9,356.25,320.625,1648.55,1684.175,84208.75,0.9,5.627508771929825,75787.875,105871.20833333333,Above Target,Eligible
2026-04-01,P0025,Clinic B,Dermatology,0.75,256000,239,152.1,29894.16,202.79999999999998,196.54280078895465,78.6,86.0,73.6,71.7,243.75,219.375,-91.65,0.0,0.0,0.9,0.624,0.0,21333.333333333332,Below Threshold,Below Threshold
2026-04-01,P0026,ClinicA,OBGYN,0.75,313000,248,1677.93,321000.05,2237.2400000000002,191.3071761038899,89.5,83.5,76.0,83.2,281.25,253.125,1396.68,1424.805,71240.25,1.0,5.965973333333333,71240.25,97323.58333333333,Above Target,Eligible
2026-04-01,P0027,Clinic C,Primary Care,1.0,230000,345,577.16,54444.45,577.16,94.3316411393721,81.1,73.8,80.5,87.2,350.0,315.0,227.15999999999997,262.15999999999997,13107.999999999998,1.0,1.6490285714285713,13107.999999999998,32274.666666666664,Above Target,Eligible
2026-04-01,P0028,ClinicA,Orthopedics,1.0,325000,326,2123.2,384541.41,2123.2,181.11407780708365,82.5,96.4,84.0,96.3,475.0,427.5,1648.1999999999998,1695.6999999999998,84784.99999999999,1.0,4.469894736842105,84784.99999999999,111868.33333333331,Above Target,Eligible
2026-04-01,P0029,ClinicA,Orthopedics,0.5,408000,179,1276.0,229733.47,2552.0,180.04190438871473,70.1,90.6,72.4,80.1,237.5,213.75,1038.5,1062.25,53112.5,0.9,5.372631578947368,47801.25,81801.25,Above Target,Eligible
2026-04-01,P0030,ClinicA,General Surgery,0.75,375000,241,1254.09,195482.83000000002,1672.12,155.87623695269082,90.2,79.4,91.8,70.8,318.75,286.875,935.3399999999999,967.2149999999999,48360.74999999999,1.1,3.9343999999999997,53196.825,84446.825,Above Target,Eligible
2026-04-01,P0031,ClinicA,Dermatology,1.0,295000,331,207.7,40853.5,207.7,196.69475204622051,75.2,82.8,73.6,75.9,325.0,292.5,-117.30000000000001,0.0,0.0,0.9,0.639076923076923,0.0,24583.333333333332,Below Threshold,Below Threshold
2026-04-01,P0032,ClinicA,Cardiology,1.0,356000,328,241.96,65145.19,241.96,269.2395023970904,88.8,87.2,69.8,87.1,450.0,405.0,-208.04,0.0,0.0,1.0,0.5376888888888889,0.0,29666.666666666668,Below Threshold,Below Threshold
2026-04-01,P0033,ClinicA,General Surgery,0.5,318000,164,852.73,133221.75,1705.46,156.2296975596027,83.3,82.8,81.1,75.5,212.5,191.25,640.23,661.48,33074.0,1.0,4.01284705882353,33074.0,59574.0,Above Target,Eligible
2026-04-01,P0034,Clinic B,Orthopedics,1.0,405000,329,2336.8,416576.93,2336.8,178.26811451557683,86.8,84.1,89.8,76.2,475.0,427.5,1861.8000000000002,1909.3000000000002,95465.00000000001,1.0,4.9195789473684215,95465.00000000001,129215.00000000001,Above Target,Eligible
2026-04-01,P0035,ClinicA,Pediatrics,1.0,227000,348,297.3,28149.08,297.3,94.68240834174235,98.9,99.0,75.5,87.0,300.0,270.0,-2.6999999999999886,27.30000000000001,1365.0000000000005,1.1,0.991,1501.5000000000007,20418.166666666668,At / Near Target,Eligible
2026-04-01,P0036,Clinic B,Cardiology,1.0,313000,322,252.91,67778.97,252.91,267.99640188209247,79.3,96.6,84.2,90.8,450.0,405.0,-197.09,0.0,0.0,0.9,0.5620222222222222,0.0,26083.333333333332,Below Threshold,Below Threshold
2026-04-01,P0037,ClinicA,Primary Care,1.0,217000,321,527.96,50081.02,527.96,94.85760284870065,89.0,90.5,71.1,63.1,350.0,315.0,177.96000000000004,212.96000000000004,10648.000000000002,1.0,1.508457142857143,10648.000000000002,28731.333333333336,Above Target,Eligible
2026-04-01,P0038,ClinicA,General Surgery,1.0,387000,321,1602.75,245077.82,1602.75,152.91082202464514,86.3,84.9,72.5,68.9,425.0,382.5,1177.75,1220.25,61012.5,1.0,3.771176470588235,61012.5,93262.5,Above Target,Eligible
2026-04-01,P0039,ClinicA,Pediatrics,1.0,226000,319,253.81,24593.2,253.81,96.89610338442142,91.1,86.1,62.7,87.6,300.0,270.0,-46.19,0.0,0.0,1.1,0.8460333333333333,0.0,18833.333333333332,Below Threshold,Below Threshold
2026-04-01,P0040,Clinic B,Pediatrics,1.0,218000,318,253.01,24417.86,253.01,96.50946602901071,75.2,77.7,89.6,74.8,300.0,270.0,-46.99000000000001,0.0,0.0,0.9,0.8433666666666666,0.0,18166.666666666668,Below Threshold,Below Threshold
2026-04-01,P0041,Clinic C,Primary Care,1.0,195000,339,577.14,54335.3,577.14,94.14578785043491,81.8,83.7,70.5,75.0,350.0,315.0,227.14,262.14,13107.0,1.0,1.6489714285714285,13107.0,29357.0,Above Target,Eligible
2026-04-01,P0042,Clinic B,OBGYN,0.5,294000,176,1182.5,227745.34,2365.0,192.5964820295983,86.3,95.8,77.6,92.6,187.5,168.75,995.0,1013.75,50687.5,1.0,6.306666666666667,50687.5,75187.5,Above Target,Eligible
2026-04-01,P0043,ClinicA,Cardiology,0.75,292000,257,178.02,48191.15,237.36,270.70638130547127,76.7,95.0,68.6,70.0,337.5,303.75,-159.48,0.0,0.0,0.9,0.5274666666666668,0.0,24333.333333333332,Below Threshold,Below Threshold
2026-04-01,P0044,Clinic B,Cardiology,0.75,391000,239,177.62,47537.8,236.82666666666668,267.63765341740793,76.6,92.0,74.4,70.7,337.5,303.75,-159.88,0.0,0.0,0.9,0.5262814814814815,0.0,32583.333333333332,Below Threshold,Below Threshold
2026-04-01,P0045,Clinic B,Dermatology,1.0,309000,335,213.5,42279.63,213.5,198.0310538641686,90.2,78.3,84.8,82.4,325.0,292.5,-111.5,0.0,0.0,1.1,0.6569230769230769,0.0,25750.0,Below Threshold,Below Threshold
2026-04-01,P0046,ClinicA,Orthopedics,1.0,372000,339,2287.2,414547.24,2287.2,181.24660720531656,84.4,90.1,68.9,80.5,475.0,427.5,1812.1999999999998,1859.6999999999998,92984.99999999999,1.0,4.815157894736842,92984.99999999999,123984.99999999999,Above Target,Eligible
2026-04-01,P0047,Clinic B,Pediatrics,0.5,209000,179,151.56,14365.94,303.12,94.78714700448667,86.2,92.9,71.7,72.6,150.0,135.0,1.5600000000000023,16.560000000000002,828.0000000000001,1.0,1.0104,828.0000000000001,18244.666666666668,Above Target,Eligible
2026-04-01,P0048,ClinicA,General Surgery,1.0,386000,340,1657.49,251027.1,1657.49,151.45014449559272,80.1,76.5,69.4,82.4,425.0,382.5,1232.49,1274.99,63749.5,1.0,3.899976470588235,63749.5,95916.16666666667,Above Target,Eligible
2026-04-01,P0049,ClinicA,Pediatrics,0.75,200000,272,222.22,21303.12,296.29333333333335,95.86499864998649,92.4,90.8,75.7,90.5,225.0,202.5,-2.780000000000001,19.72,986.0,1.1,0.9876444444444444,1084.6000000000001,17751.266666666666,At / Near Target,Eligible
2026-04-01,P0050,Clinic B,Pediatrics,1.0,181000,342,297.74,27971.2,297.74,93.9450527305703,84.5,75.2,91.8,99.0,300.0,270.0,-2.259999999999991,27.74000000000001,1387.0000000000005,1.0,0.9924666666666667,1387.0000000000005,16470.333333333336,At / Near Target,Eligible
2026-04-01,P0051,Clinic B,Orthopedics,1.0,321000,363,2594.4,468261.22000000003,2594.4,180.48921523280913,81.6,92.0,99.0,70.1,475.0,427.5,2119.4,2166.9,108345.0,1.0,5.461894736842106,108345.0,135095.0,Above Target,Eligible
2026-04-01,P0052,Clinic B,Orthopedics,0.75,401000,248,1523.2,278282.94,2030.9333333333334,182.69625787815124,88.6,76.2,73.0,84.8,356.25,320.625,1166.95,1202.575,60128.75,1.0,4.2756491228070175,60128.75,93545.41666666666,Above Target,Eligible
2026-04-01,P0053,Clinic B,Primary Care,1.0,234000,312,522.71,49442.28,522.71,94.58835683266055,84.0,83.3,83.8,82.0,350.0,315.0,172.71000000000004,207.71000000000004,10385.500000000002,1.0,1.493457142857143,10385.500000000002,29885.5,Above Target,Eligible
2026-04-01,P0054,Clinic B,Dermatology,0.75,342000,230,145.2,28654.48,193.6,197.34490358126723,82.8,92.2,71.0,96.3,243.75,219.375,-98.55000000000001,0.0,0.0,1.0,0.5956923076923076,0.0,28500.0,Below Threshold,Below Threshold
2026-04-01,P0055,ClinicA,Dermatology,0.5,305000,165,103.89999999999999,20577.55,207.79999999999998,198.0514918190568,89.4,86.2,88.9,82.4,162.5,146.25,-58.60000000000001,0.0,0.0,1.0,0.6393846153846153,0.0,25416.666666666668,Below Threshold,Below Threshold
2026-04-01,P0056,ClinicA,Pediatrics,1.0,228000,329,285.39,26991.55,285.39,94.57777076982376,82.7,95.0,81.8,84.8,300.0,270.0,-14.610000000000014,15.389999999999986,769.4999999999993,1.0,0.9512999999999999,769.4999999999993,19769.5,At / Near Target,Eligible
2026-04-01,P0057,ClinicA,Dermatology,1.0,279000,348,218.2,43085.28,218.2,197.45774518790103,78.7,87.1,81.8,75.9,325.0,292.5,-106.80000000000001,0.0,0.0,0.9,0.6713846153846154,0.0,23250.0,Below Threshold,Below Threshold
2026-04-01,P0058,Clinic B,General Surgery,0.75,440000,224,1127.08,174023.04,1502.7733333333333,154.40167512510206,85.9,85.9,76.9,78.1,318.75,286.875,808.3299999999999,840.2049999999999,42010.25,1.0,3.5359372549019605,42010.25,78676.91666666666,Above Target,Eligible
2026-04-01,P0059,ClinicA,Cardiology,0.5,332000,167,113.51,30820.01,227.02,271.5180160338296,99.0,86.6,77.9,83.6,225.0,202.5,-111.49,0.0,0.0,1.1,0.5044888888888889,0.0,27666.666666666668,Below Threshold,Below Threshold
2026-04-01,P0060,Clinic B,Dermatology,1.0,325000,319,202.89999999999998,40101.74,202.89999999999998,197.64287826515528,75.6,89.0,70.8,88.4,325.0,292.5,-122.10000000000002,0.0,0.0,0.9,0.6243076923076922,0.0,27083.333333333332,Below Threshold,Below Threshold
2026-04-01,P0061,Clinic C,OBGYN,1.0,297000,335,2163.82,412989.38,2163.82,190.86124539009714,83.3,82.3,83.8,66.6,375.0,337.5,1788.8200000000002,1826.3200000000002,91316.00000000001,1.0,5.7701866666666675,91316.00000000001,116066.00000000001,Above Target,Eligible
2026-04-01,P0062,ClinicA,Pediatrics,1.0,220000,332,284.34,26912.59,284.34,94.64932826897378,85.1,82.9,79.7,64.6,300.0,270.0,-15.660000000000025,14.339999999999975,716.9999999999987,1.0,0.9477999999999999,716.9999999999987,19050.333333333332,At / Near Target,Eligible
2026-04-01,P0063,ClinicA,Orthopedics,0.5,412000,181,1181.6,214661.69,2363.2,181.6703537576168,87.4,84.1,63.8,80.2,237.5,213.75,944.0999999999999,967.8499999999999,48392.49999999999,1.0,4.975157894736841,48392.49999999999,82725.83333333333,Above Target,Eligible
2026-04-01,P0064,ClinicA,Orthopedics,1.0,336000,344,2348.8,425841.78,2348.8,181.30184775204359,72.1,89.7,84.0,95.6,475.0,427.5,1873.8000000000002,1921.3000000000002,96065.00000000001,0.9,4.944842105263159,86458.50000000001,114458.50000000001,Above Target,Eligible
2026-04-01,P0065,ClinicA,Primary Care,1.0,199000,329,551.68,52251.46,551.68,94.71334831786544,73.5,90.9,99.0,83.8,350.0,315.0,201.67999999999995,236.67999999999995,11833.999999999998,0.9,1.5762285714285713,10650.599999999999,27233.93333333333,Above Target,Eligible
2026-04-01,P0066,ClinicA,OBGYN,1.0,336000,328,2020.52,383397.44,2020.52,189.75186585631423,99.0,83.1,81.7,87.7,375.0,337.5,1645.52,1683.02,84151.0,1.1,5.388053333333334,92566.1,120566.1,Above Target,Eligible
2026-04-01,P0067,ClinicA,Primary Care,1.0,237000,347,593.5,56312.33,593.5,94.88176916596461,64.0,97.6,73.8,78.5,350.0,315.0,243.5,278.5,13925.0,0.75,1.6957142857142857,10443.75,30193.75,Above Target,Eligible
2026-04-01,P0068,Clinic B,Orthopedics,1.0,322000,320,2329.6,419160.73,2329.6,179.9281979739011,88.4,87.6,74.3,92.0,475.0,427.5,1854.6,1902.1,95105.0,1.0,4.904421052631578,95105.0,121938.33333333333,Above Target,Eligible
2026-04-01,P0069,ClinicA,Dermatology,0.75,263000,233,147.5,28992.6,196.66666666666666,196.56,79.7,81.6,84.1,90.2,243.75,219.375,-96.25,0.0,0.0,0.9,0.6051282051282051,0.0,21916.666666666668,Below Threshold,Below Threshold
2026-04-01,P0070,Clinic C,Primary Care,0.75,220000,238,401.85,37767.21,535.8000000000001,93.9833519970138,99.0,89.5,80.1,85.5,262.5,236.25,139.35000000000002,165.60000000000002,8280.000000000002,1.1,1.530857142857143,9108.000000000004,27441.333333333336,Above Target,Eligible
2026-04-01,P0071,Clinic B,Dermatology,1.0,270000,328,206.2,40602.3,206.2,196.90737148399614,78.5,97.5,77.1,75.2,325.0,292.5,-118.80000000000001,0.0,0.0,0.9,0.6344615384615384,0.0,22500.0,Below Threshold,Below Threshold
2026-04-01,P0072,Clinic B,Dermatology,1.0,324000,312,195.79999999999998,38735.23,195.79999999999998,197.83059244126665,71.9,97.6,79.9,76.8,325.0,292.5,-129.20000000000002,0.0,0.0,0.9,0.6024615384615384,0.0,27000.0,Below Threshold,Below Threshold
2026-04-01,P0073,ClinicA,OBGYN,0.75,342000,263,1804.9,344047.83,2406.5333333333333,190.61877666352706,86.0,91.8,69.1,78.4,281.25,253.125,1523.65,1551.775,77588.75,1.0,6.417422222222222,77588.75,106088.75,Above Target,Eligible
2026-04-01,P0074,Clinic B,Primary Care,1.0,219000,357,586.04,55901.08,586.04,95.38782335676747,89.5,87.9,82.0,75.5,350.0,315.0,236.03999999999996,271.03999999999996,13551.999999999998,1.0,1.6743999999999999,13551.999999999998,31802.0,Above Target,Eligible
2026-04-01,P0075,Clinic B,Pediatrics,1.0,197000,326,268.98,25623.6,268.98,95.26210127146999,82.9,97.6,73.9,91.4,300.0,270.0,-31.019999999999982,0.0,0.0,1.0,0.8966000000000001,0.0,16416.666666666668,Below Threshold,Below Threshold
2026-04-01,P0076,Clinic B,Dermatology,0.5,306000,152,95.39999999999999,18865.26,190.79999999999998,197.7490566037736,88.1,85.1,85.7,65.3,162.5,146.25,-67.10000000000001,0.0,0.0,1.0,0.587076923076923,0.0,25500.0,Below Threshold,Below Threshold
2026-04-01,P0077,Clinic B,Cardiology,0.75,297000,231,181.58,48439.35,242.10666666666668,266.76588831369094,93.4,99.0,58.6,99.0,337.5,303.75,-155.92,0.0,0.0,1.1,0.5380148148148148,0.0,24750.0,Below Threshold,Below Threshold
2026-04-01,P0078,Clinic B,OBGYN,1.0,306000,316,2032.97,387653.67,2032.97,190.68341884041573,86.0,82.1,77.2,58.6,375.0,337.5,1657.97,1695.47,84773.5,1.0,5.4212533333333335,84773.5,110273.5,Above Target,Eligible
2026-04-01,P0079,Clinic B,Cardiology,1.0,336000,320,227.3,61200.0,227.3,269.2476902771667,85.1,88.6,69.2,86.7,450.0,405.0,-222.7,0.0,0.0,1.0,0.5051111111111112,0.0,28000.0,Below Threshold,Below Threshold
2026-04-01,P0080,Clinic B,General Surgery,0.5,316000,161,828.3000000000001,129324.13,1656.6000000000001,156.13199323916456,93.6,74.0,71.9,84.4,212.5,191.25,615.8000000000001,637.0500000000001,31852.500000000004,1.1,3.897882352941177,35037.75000000001,61371.08333333334,Above Target,Eligible
2026-05-01,P0001,Clinic D,Primary Care,1.0,242000,342,580.1,54203.78,580.1,93.43868298569211,88.9,88.5,83.0,72.8,350.0,315.0,230.10000000000002,265.1,13255.000000000002,1.0,1.6574285714285715,13255.000000000002,33421.66666666667,Above Target,Eligible
2026-05-01,P0002,Clinic C,Primary Care,0.5,249000,120,212.78,19908.34,425.56,93.56302284049252,82.0,89.6,63.8,94.8,175.0,157.5,37.78,55.28,2764.0,1.0,1.2158857142857142,2764.0,23514.0,Above Target,Eligible
2026-05-01,P0003,Clinic C,OBGYN,1.0,254000,304,1973.15,375264.33,1973.15,190.1854040493627,91.4,80.0,76.4,82.5,375.0,337.5,1598.15,1635.65,81782.5,1.1,5.261733333333334,89960.75,111127.41666666667,Above Target,Eligible
2026-05-01,P0004,Clinic B,OBGYN,1.0,342000,321,2061.91,393099.84,2061.91,190.64839881469126,81.0,87.9,97.3,76.7,375.0,337.5,1686.9099999999999,1724.4099999999999,86220.5,1.0,5.498426666666666,86220.5,114720.5,Above Target,Eligible
2026-05-01,P0005,Clinic B,OBGYN,1.0,289000,322,2167.27,412498.17,2167.27,190.33077096992992,73.9,95.6,65.3,80.9,375.0,337.5,1792.27,1829.77,91488.5,0.9,5.7793866666666664,82339.65000000001,106422.98333333334,Above Target,Eligible
2026-05-01,P0006,ClinicA,Pediatrics,1.0,184000,347,289.79,27623.98,289.79,95.32413126746954,83.7,91.1,78.1,97.1,300.0,270.0,-10.20999999999998,19.79000000000002,989.500000000001,1.0,0.9659666666666668,989.500000000001,16322.833333333336,At / Near Target,Eligible
2026-05-01,P0007,Clinic B,Dermatology,1.0,326000,316,199.6,39240.0,199.6,196.5931863727455,89.6,92.5,95.5,86.7,325.0,292.5,-125.4,0.0,0.0,1.0,0.6141538461538462,0.0,27166.666666666668,Below Threshold,Below Threshold
2026-05-01,P0008,ClinicA,General Surgery,1.0,434000,312,1503.75,228108.65,1503.75,151.69320033250207,87.0,92.8,70.0,76.0,425.0,382.5,1078.75,1121.25,56062.5,1.0,3.538235294117647,56062.5,92229.16666666666,Above Target,Eligible
2026-05-01,P0009,Clinic B,General Surgery,0.75,370000,213,1091.78,168944.43,1455.7066666666667,154.74219165033247,80.6,87.6,81.1,76.5,318.75,286.875,773.03,804.905,40245.25,1.0,3.425192156862745,40245.25,71078.58333333333,Above Target,Eligible
2026-05-01,P0010,ClinicA,Pediatrics,0.75,221000,244,202.55,19284.45,270.06666666666666,95.20834361885954,79.5,88.3,80.0,68.6,225.0,202.5,-22.44999999999999,0.05000000000001137,2.5000000000005684,0.9,0.9002222222222223,2.2500000000005116,18418.916666666668,At / Near Target,Eligible
2026-05-01,P0011,Clinic B,Dermatology,1.0,283000,321,204.29999999999998,40183.8,204.29999999999998,196.69016152716597,87.9,83.0,63.2,70.2,325.0,292.5,-120.70000000000002,0.0,0.0,1.0,0.6286153846153846,0.0,23583.333333333332,Below Threshold,Below Threshold
2026-05-01,P0012,ClinicA,Dermatology,1.0,269000,314,198.6,39272.03,198.6,197.74436052366565,76.8,81.2,79.7,71.4,325.0,292.5,-126.4,0.0,0.0,0.9,0.6110769230769231,0.0,22416.666666666668,Below Threshold,Below Threshold
2026-05-01,P0013,ClinicA,Pediatrics,1.0,194000,312,254.32999999999998,24342.45,254.32999999999998,95.7120669995675,86.8,94.6,71.9,81.7,300.0,270.0,-45.670000000000016,0.0,0.0,1.0,0.8477666666666667,0.0,16166.666666666666,Below Threshold,Below Threshold
2026-05-01,P0014,Clinic B,Pediatrics,1.0,230000,338,297.74,27868.32,297.74,93.5995163565527,93.5,87.8,91.0,88.2,300.0,270.0,-2.259999999999991,27.74000000000001,1387.0000000000005,1.1,0.9924666666666667,1525.7000000000007,20692.36666666667,At / Near Target,Eligible
2026-05-01,P0015,Clinic B,General Surgery,1.0,425000,295,1488.15,228915.53,1488.15,153.82557537882604,87.1,92.9,78.8,82.9,425.0,382.5,1063.15,1105.65,55282.50000000001,1.0,3.501529411764706,55282.50000000001,90699.16666666667,Above Target,Eligible
2026-05-01,P0016,Clinic B,Pediatrics,1.0,197000,277,232.73,22259.64,232.73,95.64576977613544,84.4,76.4,70.1,88.3,300.0,270.0,-67.27000000000001,0.0,0.0,1.0,0.7757666666666666,0.0,16416.666666666668,Below Threshold,Below Threshold
2026-05-01,P0017,Clinic B,Cardiology,0.75,304000,251,175.67,47159.51,234.22666666666666,268.4551147037058,77.8,99.0,72.0,75.6,337.5,303.75,-161.83,0.0,0.0,0.9,0.5205037037037037,0.0,25333.333333333332,Below Threshold,Below Threshold
2026-05-01,P0018,ClinicA,OBGYN,1.0,313000,331,2095.7,396856.32,2095.7,189.36695137662835,87.6,92.4,88.0,83.8,375.0,337.5,1720.6999999999998,1758.1999999999998,87909.99999999999,1.0,5.5885333333333325,87909.99999999999,113993.33333333331,Above Target,Eligible
2026-05-01,P0019,Clinic B,Pediatrics,1.0,208000,328,285.04,26733.91,285.04,93.79002946954813,92.9,96.2,70.5,84.9,300.0,270.0,-14.95999999999998,15.04000000000002,752.000000000001,1.1,0.9501333333333334,827.2000000000012,18160.533333333333,At / Near Target,Eligible
2026-05-01,P0020,Clinic B,Pediatrics,0.75,187000,244,201.41,19226.57,268.5466666666667,95.4598580010923,87.0,90.2,83.8,89.8,225.0,202.5,-23.590000000000003,0.0,0.0,1.0,0.8951555555555556,0.0,15583.333333333334,Below Threshold,Below Threshold
2026-05-01,P0021,Clinic B,Pediatrics,1.0,214000,308,258.31,24635.17,258.31,95.37056250241956,77.8,95.6,94.0,81.8,300.0,270.0,-41.69,0.0,0.0,0.9,0.8610333333333333,0.0,17833.333333333332,Below Threshold,Below Threshold
2026-05-01,P0022,Clinic D,Primary Care,1.0,223000,317,551.81,51674.79,551.81,93.64598321886157,79.7,83.7,82.6,90.1,350.0,315.0,201.80999999999995,236.80999999999995,11840.499999999996,0.9,1.5765999999999998,10656.449999999997,29239.78333333333,Above Target,Eligible
2026-05-01,P0023,Clinic C,Primary Care,1.0,192000,323,540.81,50957.65,540.81,94.22468149627412,88.0,91.2,84.1,65.4,350.0,315.0,190.80999999999995,225.80999999999995,11290.499999999996,1.0,1.5451714285714284,11290.499999999996,27290.499999999996,Above Target,Eligible
2026-05-01,P0024,ClinicA,Orthopedics,0.75,361000,221,1444.0,261118.43,1925.3333333333333,180.8299376731302,70.9,90.1,84.0,82.5,356.25,320.625,1087.75,1123.375,56168.75,0.9,4.053333333333334,50551.875,80635.20833333333,Above Target,Eligible
2026-05-01,P0025,Clinic B,Dermatology,0.75,256000,248,154.6,30449.24,206.13333333333333,196.9549805950841,94.8,84.4,71.4,83.3,243.75,219.375,-89.15,0.0,0.0,1.1,0.6342564102564102,0.0,21333.333333333332,Below Threshold,Below Threshold
2026-05-01,P0026,ClinicA,OBGYN,0.75,313000,264,1789.81,342562.2,2386.4133333333334,191.39584648649858,84.7,92.7,76.9,89.4,281.25,253.125,1508.56,1536.685,76834.25,1.0,6.363768888888889,76834.25,102917.58333333333,Above Target,Eligible
2026-05-01,P0027,Clinic C,Primary Care,1.0,230000,304,497.17,47188.66,497.17,94.91453627531831,81.4,85.9,86.1,84.7,350.0,315.0,147.17000000000002,182.17000000000002,9108.5,1.0,1.4204857142857144,9108.5,28275.166666666668,Above Target,Eligible
2026-05-01,P0028,ClinicA,Orthopedics,1.0,325000,311,2111.2,382554.34,2111.2,181.20232095490718,87.2,81.6,73.6,80.4,475.0,427.5,1636.1999999999998,1683.6999999999998,84184.99999999999,1.0,4.444631578947368,84184.99999999999,111268.33333333331,Above Target,Eligible
2026-05-01,P0029,ClinicA,Orthopedics,0.5,408000,150,1003.2,180419.88,2006.4,179.84437799043062,85.7,83.0,90.8,72.8,237.5,213.75,765.7,789.45,39472.5,1.0,4.224,39472.5,73472.5,Above Target,Eligible
2026-05-01,P0030,ClinicA,General Surgery,0.75,375000,235,1230.94,192445.82,1641.2533333333333,156.34053650056055,83.3,84.5,95.1,67.1,318.75,286.875,912.19,944.065,47203.25,1.0,3.861772549019608,47203.25,78453.25,Above Target,Eligible
2026-05-01,P0031,ClinicA,Dermatology,1.0,295000,312,196.0,38440.04,196.0,196.1226530612245,77.8,90.8,77.0,98.6,325.0,292.5,-129.0,0.0,0.0,0.9,0.6030769230769231,0.0,24583.333333333332,Below Threshold,Below Threshold
2026-05-01,P0032,ClinicA,Cardiology,1.0,356000,307,234.4,62854.97,234.4,268.1526023890785,99.0,91.3,75.5,61.5,450.0,405.0,-215.6,0.0,0.0,1.1,0.520888888888889,0.0,29666.666666666668,Below Threshold,Below Threshold
2026-05-01,P0033,ClinicA,General Surgery,0.5,318000,166,780.46,118100.88,1560.92,151.32214335135689,79.7,80.2,87.7,97.5,212.5,191.25,567.96,589.21,29460.5,0.9,3.6727529411764706,26514.45,53014.45,Above Target,Eligible
2026-05-01,P0034,Clinic B,Orthopedics,1.0,405000,320,2022.4,365617.9,2022.4,180.78416732594937,94.4,80.5,90.0,89.0,475.0,427.5,1547.4,1594.9,79745.0,1.1,4.257684210526316,87719.5,121469.5,Above Target,Eligible
2026-05-01,P0035,ClinicA,Pediatrics,1.0,227000,307,271.54,25444.84,271.54,93.70567872136701,81.9,88.7,61.3,83.2,300.0,270.0,-28.45999999999998,1.5400000000000205,77.00000000000102,1.0,0.9051333333333335,77.00000000000102,18993.666666666668,At / Near Target,Eligible
2026-05-01,P0036,Clinic B,Cardiology,1.0,313000,304,231.23,62014.81,231.23,268.19534662457295,86.2,91.8,94.2,70.5,450.0,405.0,-218.77,0.0,0.0,1.0,0.5138444444444444,0.0,26083.333333333332,Below Threshold,Below Threshold
2026-05-01,P0037,ClinicA,Primary Care,1.0,217000,272,475.25,44247.84,475.25,93.10434508153602,80.6,85.1,76.8,99.0,350.0,315.0,125.25,160.25,8012.5,1.0,1.3578571428571429,8012.5,26095.833333333332,Above Target,Eligible
2026-05-01,P0038,ClinicA,General Surgery,1.0,387000,327,1617.33,248711.2,1617.33,153.77888247914774,73.2,85.4,80.9,79.9,425.0,382.5,1192.33,1234.83,61741.5,0.9,3.8054823529411763,55567.35,87817.35,Above Target,Eligible
2026-05-01,P0039,ClinicA,Pediatrics,1.0,226000,305,251.07,24029.85,251.07,95.7097622177082,76.4,80.4,90.9,81.2,300.0,270.0,-48.93000000000001,0.0,0.0,0.9,0.8369,0.0,18833.333333333332,Below Threshold,Below Threshold
2026-05-01,P0040,Clinic B,Pediatrics,1.0,218000,322,273.21,25985.5,273.21,95.11181874748362,84.4,85.5,61.0,84.7,300.0,270.0,-26.79000000000002,3.2099999999999795,160.49999999999898,1.0,0.9107,160.49999999999898,18327.166666666668,At / Near Target,Eligible
2026-05-01,P0041,Clinic C,Primary Care,1.0,195000,344,572.97,54238.73,572.97,94.66242560692532,86.9,81.6,89.9,91.2,350.0,315.0,222.97000000000003,257.97,12898.500000000002,1.0,1.637057142857143,12898.500000000002,29148.5,Above Target,Eligible
2026-05-01,P0042,Clinic B,OBGYN,0.5,294000,148,922.47,176049.59,1844.94,190.84587032640627,99.0,87.0,80.6,76.6,187.5,168.75,734.97,753.72,37686.0,1.1,4.91984,41454.600000000006,65954.6,Above Target,Eligible
2026-05-01,P0043,ClinicA,Cardiology,0.75,292000,232,169.78,45319.37,226.37333333333333,266.9299681941336,89.0,89.5,83.6,89.2,337.5,303.75,-167.72,0.0,0.0,1.0,0.5030518518518519,0.0,24333.333333333332,Below Threshold,Below Threshold
2026-05-01,P0044,Clinic B,Cardiology,0.75,391000,217,173.88,46374.3,231.84,266.7028985507247,85.9,85.4,79.6,88.7,337.5,303.75,-163.62,0.0,0.0,1.0,0.5152,0.0,32583.333333333332,Below Threshold,Below Threshold
2026-05-01,P0045,Clinic B,Dermatology,1.0,309000,313,199.1,39098.36,199.1,196.37548970366652,85.0,86.3,92.4,84.1,325.0,292.5,-125.9,0.0,0.0,1.0,0.6126153846153846,0.0,25750.0,Below Threshold,Below Threshold
2026-05-01,P0046,ClinicA,Orthopedics,1.0,372000,297,1984.8,360963.62,1984.8,181.86397621926642,82.8,85.7,84.4,94.3,475.0,427.5,1509.8,1557.3,77865.0,1.0,4.178526315789473,77865.0,108865.0,Above Target,Eligible
2026-05-01,P0047,Clinic B,Pediatrics,0.5,209000,159,145.91,13432.82,291.82,92.06236721266534,89.2,93.9,71.4,99.0,150.0,135.0,-4.090000000000003,10.909999999999997,545.4999999999998,1.0,0.9727333333333333,545.4999999999998,17962.166666666668,At / Near Target,Eligible
2026-05-01,P0048,ClinicA,General Surgery,1.0,386000,309,1565.02,241488.94,1565.02,154.30406001201263,72.0,90.4,78.4,74.9,425.0,382.5,1140.02,1182.52,59126.0,0.9,3.6824,53213.4,85380.06666666667,Above Target,Eligible
2026-05-01,P0049,ClinicA,Pediatrics,0.75,200000,249,197.07999999999998,18982.22,262.7733333333333,96.31733306271566,75.6,96.7,92.1,76.8,225.0,202.5,-27.920000000000016,0.0,0.0,0.9,0.8759111111111111,0.0,16666.666666666668,Below Threshold,Below Threshold
2026-05-01,P0050,Clinic B,Pediatrics,1.0,181000,360,300.74,28668.53,300.74,95.32662765179224,72.3,87.3,75.9,80.2,300.0,270.0,0.7400000000000091,30.74000000000001,1537.0000000000005,0.9,1.0024666666666666,1383.3000000000004,16466.633333333335,Above Target,Eligible
2026-05-01,P0051,Clinic B,Orthopedics,1.0,321000,303,1970.4,358157.93,1970.4,181.7691483962647,89.2,91.8,85.4,68.6,475.0,427.5,1495.4,1542.9,77145.0,1.0,4.14821052631579,77145.0,103895.0,Above Target,Eligible
2026-05-01,P0052,Clinic B,Orthopedics,0.75,401000,245,1828.0,328294.42,2437.3333333333335,179.59213347921224,93.0,79.1,84.7,93.7,356.25,320.625,1471.75,1507.375,75368.75,1.1,5.131228070175439,82905.625,116322.29166666666,Above Target,Eligible
2026-05-01,P0053,Clinic B,Primary Care,1.0,234000,290,474.63,45244.21,474.63,95.32522175168026,74.2,83.2,74.3,80.8,350.0,315.0,124.63,159.63,7981.5,0.9,1.3560857142857143,7183.35,26683.35,Above Target,Eligible
2026-05-01,P0054,Clinic B,Dermatology,0.75,342000,253,159.9,31573.38,213.20000000000002,197.45703564727955,87.8,92.1,83.2,89.1,243.75,219.375,-83.85,0.0,0.0,1.0,0.656,0.0,28500.0,Below Threshold,Below Threshold
2026-05-01,P0055,ClinicA,Dermatology,0.5,305000,150,96.0,18974.35,192.0,197.64947916666665,79.6,86.2,85.0,70.6,162.5,146.25,-66.5,0.0,0.0,0.9,0.5907692307692308,0.0,25416.666666666668,Below Threshold,Below Threshold
2026-05-01,P0056,ClinicA,Pediatrics,1.0,228000,314,271.89,25479.86,271.89,93.71385486777741,81.2,81.2,85.1,71.1,300.0,270.0,-28.110000000000014,1.8899999999999864,94.49999999999932,1.0,0.9063,94.49999999999932,19094.5,At / Near Target,Eligible
2026-05-01,P0057,ClinicA,Dermatology,1.0,279000,325,203.7,40342.1,203.7,198.04663721158568,87.5,73.9,78.1,81.0,325.0,292.5,-121.30000000000001,0.0,0.0,1.0,0.6267692307692307,0.0,23250.0,Below Threshold,Below Threshold
2026-05-01,P0058,Clinic B,General Surgery,0.75,440000,270,1375.98,212988.94,1834.64,154.79072370237938,89.9,85.7,91.6,88.0,318.75,286.875,1057.23,1089.105,54455.25,1.0,4.3168,54455.25,91121.91666666666,Above Target,Eligible
2026-05-01,P0059,ClinicA,Cardiology,0.5,332000,141,103.77,28089.7,207.54,270.6919148116026,99.0,93.3,75.4,81.1,225.0,202.5,-121.23,0.0,0.0,1.1,0.4612,0.0,27666.666666666668,Below Threshold,Below Threshold
2026-05-01,P0060,Clinic B,Dermatology,1.0,325000,335,210.5,41567.76,210.5,197.4715439429929,79.0,82.4,81.2,72.0,325.0,292.5,-114.5,0.0,0.0,0.9,0.6476923076923077,0.0,27083.333333333332,Below Threshold,Below Threshold
2026-05-01,P0061,Clinic C,OBGYN,1.0,297000,282,1895.6,362320.95,1895.6,191.1378719139059,93.9,84.3,74.3,64.4,375.0,337.5,1520.6,1558.1,77905.0,1.1,5.0549333333333335,85695.5,110445.5,Above Target,Eligible
2026-05-01,P0062,ClinicA,Pediatrics,1.0,220000,324,271.81,25946.33,271.81,95.45759905816564,71.5,83.3,79.9,90.3,300.0,270.0,-28.189999999999998,1.8100000000000023,90.50000000000011,0.9,0.9060333333333334,81.4500000000001,18414.783333333333,At / Near Target,Eligible
2026-05-01,P0063,ClinicA,Orthopedics,0.5,412000,157,1085.6,195824.68,2171.2,180.38382461311718,85.9,86.5,85.3,91.8,237.5,213.75,848.0999999999999,871.8499999999999,43592.49999999999,1.0,4.570947368421052,43592.49999999999,77925.83333333333,Above Target,Eligible
2026-05-01,P0064,ClinicA,Orthopedics,1.0,336000,322,2369.6,426091.4,2369.6,179.81574949358543,99.0,93.6,73.4,83.7,475.0,427.5,1894.6,1942.1,97105.0,1.1,4.988631578947368,106815.50000000001,134815.5,Above Target,Eligible
2026-05-01,P0065,ClinicA,Primary Care,1.0,199000,321,522.63,49965.21,522.63,95.60340967797485,76.6,88.2,79.2,79.3,350.0,315.0,172.63,207.63,10381.5,0.9,1.4932285714285713,9343.35,25926.683333333334,Above Target,Eligible
2026-05-01,P0066,ClinicA,OBGYN,1.0,336000,301,2010.39,382952.72,2010.39,190.48678117181242,81.7,76.5,78.8,79.1,375.0,337.5,1635.39,1672.89,83644.5,1.0,5.36104,83644.5,111644.5,Above Target,Eligible
2026-05-01,P0067,ClinicA,Primary Care,1.0,237000,301,490.6,46788.1,490.6,95.36913982878107,88.7,88.4,68.3,90.9,350.0,315.0,140.60000000000002,175.60000000000002,8780.000000000002,1.0,1.4017142857142857,8780.000000000002,28530.0,Above Target,Eligible
2026-05-01,P0068,Clinic B,Orthopedics,1.0,322000,287,1996.0,358960.5,1996.0,179.83992985971943,76.7,77.7,89.3,88.1,475.0,427.5,1521.0,1568.5,78425.0,0.9,4.202105263157895,70582.5,97415.83333333333,Above Target,Eligible
2026-05-01,P0069,ClinicA,Dermatology,0.75,263000,203,128.1,25268.9,170.79999999999998,197.25917252146763,78.8,86.0,71.4,68.1,243.75,219.375,-115.65,0.0,0.0,0.9,0.5255384615384615,0.0,21916.666666666668,Below Threshold,Below Threshold
2026-05-01,P0070,Clinic C,Primary Care,0.75,220000,226,393.2,36513.47,524.2666666666667,92.86233468972533,81.7,94.5,87.7,92.7,262.5,236.25,130.7,156.95,7847.499999999999,1.0,1.4979047619047619,7847.499999999999,26180.833333333332,Above Target,Eligible
2026-05-01,P0071,Clinic B,Dermatology,1.0,270000,323,205.89999999999998,40635.6,205.89999999999998,197.3559980573094,72.0,85.6,74.2,89.2,325.0,292.5,-119.10000000000002,0.0,0.0,0.9,0.6335384615384615,0.0,22500.0,Below Threshold,Below Threshold
2026-05-01,P0072,Clinic B,Dermatology,1.0,324000,317,199.5,39242.05,199.5,196.70200501253134,84.6,96.3,80.5,82.9,325.0,292.5,-125.5,0.0,0.0,1.0,0.6138461538461538,0.0,27000.0,Below Threshold,Below Threshold
2026-05-01,P0073,ClinicA,OBGYN,0.75,342000,243,1600.81,305083.76,2134.4133333333334,190.5808684353546,88.5,88.1,80.3,79.1,281.25,253.125,1319.56,1347.685,67384.25,1.0,5.691768888888888,67384.25,95884.25,Above Target,Eligible
2026-05-01,P0074,Clinic B,Primary Care,1.0,219000,314,529.34,49710.33,529.34,93.91002002493671,86.7,84.1,92.1,71.3,350.0,315.0,179.34000000000003,214.34000000000003,10717.000000000002,1.0,1.5124000000000002,10717.000000000002,28967.0,Above Target,Eligible
2026-05-01,P0075,Clinic B,Pediatrics,1.0,197000,337,290.95,27357.57,290.95,94.02842412785702,83.8,92.5,78.8,74.4,300.0,270.0,-9.050000000000011,20.94999999999999,1047.4999999999995,1.0,0.9698333333333333,1047.4999999999995,17464.166666666668,At / Near Target,Eligible
2026-05-01,P0076,Clinic B,Dermatology,0.5,306000,162,102.39999999999999,20214.9,204.79999999999998,197.41113281250003,82.6,83.8,85.3,92.1,162.5,146.25,-60.10000000000001,0.0,0.0,1.0,0.6301538461538461,0.0,25500.0,Below Threshold,Below Threshold
2026-05-01,P0077,Clinic B,Cardiology,0.75,297000,209,151.24,40711.39,201.65333333333334,269.1840121660936,85.3,94.9,79.5,80.2,337.5,303.75,-186.26,0.0,0.0,1.0,0.4481185185185185,0.0,24750.0,Below Threshold,Below Threshold
2026-05-01,P0078,Clinic B,OBGYN,1.0,306000,329,2198.15,421878.15,2198.15,191.92418624752634,86.6,84.1,72.5,69.7,375.0,337.5,1823.15,1860.65,93032.5,1.0,5.8617333333333335,93032.5,118532.5,Above Target,Eligible
2026-05-01,P0079,Clinic B,Cardiology,1.0,336000,291,222.37,59376.51,222.37,267.01672887529793,78.4,72.7,67.7,97.0,450.0,405.0,-227.63,0.0,0.0,0.9,0.49415555555555557,0.0,28000.0,Below Threshold,Below Threshold
2026-05-01,P0080,Clinic B,General Surgery,0.5,316000,152,806.4300000000001,126613.41,1612.8600000000001,157.00483612960826,94.8,89.0,74.9,79.6,212.5,191.25,593.9300000000001,615.1800000000001,30759.000000000004,1.1,3.7949647058823532,33834.90000000001,60168.23333333334,Above Target,Eligible
2026-06-01,P0001,Clinic D,Primary Care,1.0,242000,308,532.85,50017.36,532.85,93.8676175283851,91.4,86.6,71.8,78.6,350.0,315.0,182.85000000000002,217.85000000000002,10892.500000000002,1.1,1.5224285714285715,11981.750000000004,32148.41666666667,Above Target,Eligible
2026-06-01,P0002,Clinic C,Primary Care,0.5,249000,168,281.41,26546.12,562.82,94.33253971074232,81.1,85.2,73.3,89.0,175.0,157.5,106.41000000000003,123.91000000000003,6195.500000000001,1.0,1.608057142857143,6195.500000000001,26945.5,Above Target,Eligible
2026-06-01,P0003,Clinic C,OBGYN,1.0,254000,305,1982.15,377693.19,1982.15,190.54722901899453,87.7,72.1,79.3,98.7,375.0,337.5,1607.15,1644.65,82232.5,1.0,5.285733333333334,82232.5,103399.16666666667,Above Target,Eligible
2026-06-01,P0004,Clinic B,OBGYN,1.0,342000,328,2084.76,394343.77,2084.76,189.15547593008307,84.3,90.5,73.3,87.4,375.0,337.5,1709.7600000000002,1747.2600000000002,87363.00000000001,1.0,5.559360000000001,87363.00000000001,115863.00000000001,Above Target,Eligible
2026-06-01,P0005,Clinic B,OBGYN,1.0,289000,340,2281.09,435131.65,2281.09,190.75602014826245,81.5,90.0,80.7,88.7,375.0,337.5,1906.0900000000001,1943.5900000000001,97179.5,1.0,6.082906666666667,97179.5,121262.83333333333,Above Target,Eligible
2026-06-01,P0006,ClinicA,Pediatrics,1.0,184000,301,258.57,24438.5,258.57,94.51405808871873,81.1,86.6,72.6,83.8,300.0,270.0,-41.43000000000001,0.0,0.0,1.0,0.8619,0.0,15333.333333333334,Below Threshold,Below Threshold
2026-06-01,P0007,Clinic B,Dermatology,1.0,326000,370,234.39999999999998,46386.07,234.39999999999998,197.89279010238909,96.2,89.7,77.4,75.3,325.0,292.5,-90.60000000000002,0.0,0.0,1.1,0.7212307692307691,0.0,27166.666666666668,Below Threshold,Below Threshold
2026-06-01,P0008,ClinicA,General Surgery,1.0,434000,326,1674.89,262175.19,1674.89,156.53278125727658,70.4,83.2,68.5,93.9,425.0,382.5,1249.89,1292.39,64619.50000000001,0.9,3.9409176470588236,58157.55000000001,94324.21666666667,Above Target,Eligible
2026-06-01,P0009,Clinic B,General Surgery,0.75,370000,264,1309.98,199753.38999999998,1746.64,152.48583184476098,84.0,91.1,85.9,81.2,318.75,286.875,991.23,1023.105,51155.25,1.0,4.109741176470588,51155.25,81988.58333333333,Above Target,Eligible
2026-06-01,P0010,ClinicA,Pediatrics,0.75,221000,259,204.05,19734.46,272.06666666666666,96.7138446459201,67.0,80.3,84.8,78.9,225.0,202.5,-20.94999999999999,1.5500000000000114,77.50000000000057,0.75,0.906888888888889,58.125000000000426,18474.791666666668,At / Near Target,Eligible
2026-06-01,P0011,Clinic B,Dermatology,1.0,283000,310,194.39999999999998,38477.52,194.39999999999998,197.92962962962963,88.6,89.4,62.2,92.2,325.0,292.5,-130.60000000000002,0.0,0.0,1.0,0.598153846153846,0.0,23583.333333333332,Below Threshold,Below Threshold
2026-06-01,P0012,ClinicA,Dermatology,1.0,269000,329,205.5,40414.13,205.5,196.6624330900243,82.0,82.9,83.8,79.3,325.0,292.5,-119.5,0.0,0.0,1.0,0.6323076923076923,0.0,22416.666666666668,Below Threshold,Below Threshold
2026-06-01,P0013,ClinicA,Pediatrics,1.0,194000,347,284.77,27229.67,284.77,95.61986866594094,80.8,87.7,80.3,93.7,300.0,270.0,-15.230000000000018,14.769999999999982,738.4999999999991,1.0,0.9492333333333333,738.4999999999991,16905.166666666664,At / Near Target,Eligible
2026-06-01,P0014,Clinic B,Pediatrics,1.0,230000,353,297.39,28170.23,297.39,94.72487306230876,86.5,81.0,82.6,85.6,300.0,270.0,-2.6100000000000136,27.389999999999986,1369.4999999999993,1.0,0.9913,1369.4999999999993,20536.166666666668,At / Near Target,Eligible
2026-06-01,P0015,Clinic B,General Surgery,1.0,425000,348,1719.78,264690.04,1719.78,153.9092442056542,83.0,76.8,78.1,80.5,425.0,382.5,1294.78,1337.28,66864.0,1.0,4.046541176470588,66864.0,102280.66666666666,Above Target,Eligible
2026-06-01,P0016,Clinic B,Pediatrics,1.0,197000,304,251.69,23937.74,251.69,95.1080297190989,79.2,93.3,68.5,77.7,300.0,270.0,-48.31,0.0,0.0,0.9,0.8389666666666666,0.0,16416.666666666668,Below Threshold,Below Threshold
2026-06-01,P0017,Clinic B,Cardiology,0.75,304000,244,193.1,51816.01,257.46666666666664,268.3377006732263,99.0,81.5,68.8,68.0,337.5,303.75,-144.4,0.0,0.0,1.1,0.5721481481481482,0.0,25333.333333333332,Below Threshold,Below Threshold
2026-06-01,P0018,ClinicA,OBGYN,1.0,313000,339,2231.94,426920.57,2231.94,191.27779868634462,89.2,87.1,59.3,71.3,375.0,337.5,1856.94,1894.44,94722.0,1.0,5.95184,94722.0,120805.33333333333,Above Target,Eligible
2026-06-01,P0019,Clinic B,Pediatrics,1.0,208000,350,277.8,26693.93,277.8,96.09046076313895,91.3,82.3,88.1,87.7,300.0,270.0,-22.19999999999999,7.800000000000011,390.00000000000057,1.1,0.926,429.0000000000007,17762.333333333332,At / Near Target,Eligible
2026-06-01,P0020,Clinic B,Pediatrics,0.75,187000,243,205.64,19514.84,274.18666666666667,94.89807430461,80.3,90.1,76.4,94.7,225.0,202.5,-19.360000000000014,3.1399999999999864,156.99999999999932,1.0,0.9139555555555555,156.99999999999932,15740.333333333334,At / Near Target,Eligible
2026-06-01,P0021,Clinic B,Pediatrics,1.0,214000,319,283.63,26585.1,283.63,93.73162218383105,78.2,78.4,83.5,83.8,300.0,270.0,-16.370000000000005,13.629999999999995,681.4999999999998,0.9,0.9454333333333333,613.3499999999998,18446.68333333333,At / Near Target,Eligible
2026-06-01,P0022,Clinic D,Primary Care,1.0,223000,329,546.91,51807.09,546.91,94.72690204969739,76.4,97.3,86.3,87.9,350.0,315.0,196.90999999999997,231.90999999999997,11595.499999999998,0.9,1.5626,10435.949999999999,29019.283333333333,Above Target,Eligible
2026-06-01,P0023,Clinic C,Primary Care,1.0,192000,335,551.08,52575.37,551.08,95.40424257821006,80.0,93.1,77.9,99.0,350.0,315.0,201.08000000000004,236.08000000000004,11804.000000000002,1.0,1.5745142857142858,11804.000000000002,27804.0,Above Target,Eligible
2026-06-01,P0024,ClinicA,Orthopedics,0.75,361000,262,1515.2,277470.13,2020.2666666666667,183.12442581837382,87.4,88.3,79.3,71.6,356.25,320.625,1158.95,1194.575,59728.75,1.0,4.253192982456141,59728.75,89812.08333333333,Above Target,Eligible
2026-06-01,P0025,Clinic B,Dermatology,0.75,256000,245,156.5,30960.36,208.66666666666666,197.82977635782748,93.6,79.4,78.6,80.2,243.75,219.375,-87.25,0.0,0.0,1.1,0.642051282051282,0.0,21333.333333333332,Below Threshold,Below Threshold
2026-06-01,P0026,ClinicA,OBGYN,0.75,313000,249,1735.1100000000001,334375.17,2313.48,192.71122291958432,75.2,89.3,89.1,79.8,281.25,253.125,1453.8600000000001,1481.9850000000001,74099.25,0.9,6.1692800000000005,66689.325,92772.65833333333,Above Target,Eligible
2026-06-01,P0027,Clinic C,Primary Care,1.0,230000,337,534.97,51356.04,534.97,95.9979811952072,78.6,83.3,81.9,81.0,350.0,315.0,184.97000000000003,219.97000000000003,10998.500000000002,0.9,1.5284857142857144,9898.650000000001,29065.31666666667,Above Target,Eligible
2026-06-01,P0028,ClinicA,Orthopedics,1.0,325000,333,2378.4,428012.47000000003,2378.4,179.9581525395224,82.6,78.5,76.4,99.0,475.0,427.5,1903.4,1950.9,97545.0,1.0,5.007157894736842,97545.0,124628.33333333333,Above Target,Eligible
2026-06-01,P0029,ClinicA,Orthopedics,0.5,408000,190,1323.2,236982.48,2646.4,179.09800483675937,82.1,79.9,65.9,88.5,237.5,213.75,1085.7,1109.45,55472.5,1.0,5.5713684210526315,55472.5,89472.5,Above Target,Eligible
2026-06-01,P0030,ClinicA,General Surgery,0.75,375000,226,1251.92,197950.55,1669.2266666666667,158.11757141031373,94.1,92.7,82.0,92.5,318.75,286.875,933.1700000000001,965.0450000000001,48252.25,1.1,3.927592156862745,53077.475000000006,84327.475,Above Target,Eligible
2026-06-01,P0031,ClinicA,Dermatology,1.0,295000,342,216.2,42790.42,216.2,197.92053654024053,75.1,82.7,84.4,94.9,325.0,292.5,-108.80000000000001,0.0,0.0,0.9,0.6652307692307692,0.0,24583.333333333332,Below Threshold,Below Threshold
2026-06-01,P0032,ClinicA,Cardiology,1.0,356000,339,250.48,67312.29,250.48,268.73319227084,77.4,87.7,99.0,84.4,450.0,405.0,-199.52,0.0,0.0,0.9,0.5566222222222222,0.0,29666.666666666668,Below Threshold,Below Threshold
2026-06-01,P0033,ClinicA,General Surgery,0.5,318000,148,685.3,101902.23,1370.6,148.69725667590836,92.7,82.0,73.0,75.9,212.5,191.25,472.79999999999995,494.04999999999995,24702.499999999996,1.1,3.224941176470588,27172.75,53672.75,Above Target,Eligible
2026-06-01,P0034,Clinic B,Orthopedics,1.0,405000,335,1976.8,360080.66,1976.8,182.15330837717522,75.1,85.1,74.8,88.3,475.0,427.5,1501.8,1549.3,77465.0,0.9,4.161684210526316,69718.5,103468.5,Above Target,Eligible
2026-06-01,P0035,ClinicA,Pediatrics,1.0,227000,317,256.01,24730.49,256.01,96.59970313659623,89.3,96.0,88.4,91.6,300.0,270.0,-43.99000000000001,0.0,0.0,1.0,0.8533666666666666,0.0,18916.666666666668,Below Threshold,Below Threshold
2026-06-01,P0036,Clinic B,Cardiology,1.0,313000,338,274.25,73021.38,274.25,266.258450319052,82.3,99.0,71.8,99.0,450.0,405.0,-175.75,0.0,0.0,1.0,0.6094444444444445,0.0,26083.333333333332,Below Threshold,Below Threshold
2026-06-01,P0037,ClinicA,Primary Care,1.0,217000,314,544.78,50989.16,544.78,93.59587356364038,76.7,90.6,79.5,87.8,350.0,315.0,194.77999999999997,229.77999999999997,11488.999999999998,0.9,1.5565142857142857,10340.099999999999,28423.43333333333,Above Target,Eligible
2026-06-01,P0038,ClinicA,General Surgery,1.0,387000,327,1608.76,244348.92,1608.76,151.88649643203462,85.0,84.1,73.0,70.4,425.0,382.5,1183.76,1226.26,61313.0,1.0,3.7853176470588235,61313.0,93563.0,Above Target,Eligible
2026-06-01,P0039,ClinicA,Pediatrics,1.0,226000,301,250.28,23721.6,250.28,94.78024612434074,84.9,86.9,90.0,84.2,300.0,270.0,-49.72,0.0,0.0,1.0,0.8342666666666667,0.0,18833.333333333332,Below Threshold,Below Threshold
2026-06-01,P0040,Clinic B,Pediatrics,1.0,218000,316,265.01,24996.33,265.01,94.32221425606582,83.3,79.0,84.7,67.9,300.0,270.0,-34.99000000000001,0.0,0.0,1.0,0.8833666666666666,0.0,18166.666666666668,Below Threshold,Below Threshold
2026-06-01,P0041,Clinic C,Primary Care,1.0,195000,303,503.85,47565.4,503.85,94.40389004664087,72.4,87.0,81.4,71.3,350.0,315.0,153.85000000000002,188.85000000000002,9442.500000000002,0.9,1.4395714285714287,8498.250000000002,24748.25,Above Target,Eligible
2026-06-01,P0042,Clinic B,OBGYN,0.5,294000,164,1106.6200000000001,211050.14,2213.2400000000002,190.7160000722922,79.1,91.1,85.7,79.5,187.5,168.75,919.1200000000001,937.8700000000001,46893.50000000001,0.9,5.901973333333334,42204.15000000001,66704.15000000001,Above Target,Eligible
2026-06-01,P0043,ClinicA,Cardiology,0.75,292000,250,195.45,52497.99,260.59999999999997,268.6006139677667,91.4,82.6,99.0,76.2,337.5,303.75,-142.05,0.0,0.0,1.1,0.5791111111111111,0.0,24333.333333333332,Below Threshold,Below Threshold
2026-06-01,P0044,Clinic B,Cardiology,0.75,391000,252,198.45,53122.03,264.59999999999997,267.6847064751827,88.4,93.3,80.1,92.3,337.5,303.75,-139.05,0.0,0.0,1.0,0.588,0.0,32583.333333333332,Below Threshold,Below Threshold
2026-06-01,P0045,Clinic B,Dermatology,1.0,309000,333,209.5,41340.86,209.5,197.3310739856802,88.1,85.5,56.8,90.4,325.0,292.5,-115.5,0.0,0.0,1.0,0.6446153846153846,0.0,25750.0,Below Threshold,Below Threshold
2026-06-01,P0046,ClinicA,Orthopedics,1.0,372000,349,2295.2,416078.89,2295.2,181.28219327291743,76.2,82.7,85.4,92.1,475.0,427.5,1820.1999999999998,1867.6999999999998,93384.99999999999,0.9,4.832,84046.49999999999,115046.49999999999,Above Target,Eligible
2026-06-01,P0047,Clinic B,Pediatrics,0.5,209000,153,130.65,12374.42,261.3,94.71427477994642,77.5,80.2,82.5,82.1,150.0,135.0,-19.349999999999994,0.0,0.0,0.9,0.871,0.0,17416.666666666668,Below Threshold,Below Threshold
2026-06-01,P0048,ClinicA,General Surgery,1.0,386000,344,1778.6200000000001,275715.6,1778.6200000000001,155.01658589243343,85.5,93.1,73.7,83.4,425.0,382.5,1353.6200000000001,1396.1200000000001,69806.0,1.0,4.184988235294118,69806.0,101972.66666666667,Above Target,Eligible
2026-06-01,P0049,ClinicA,Pediatrics,0.75,200000,277,254.43,23648.47,339.24,92.94686161223126,84.7,88.1,69.5,69.6,225.0,202.5,29.430000000000007,51.93000000000001,2596.5000000000005,1.0,1.1308,2596.5000000000005,19263.166666666668,Above Target,Eligible
2026-06-01,P0050,Clinic B,Pediatrics,1.0,181000,307,252.22,24008.8,252.22,95.18991356752042,87.3,89.3,54.0,74.1,300.0,270.0,-47.78,0.0,0.0,1.0,0.8407333333333333,0.0,15083.333333333334,Below Threshold,Below Threshold
2026-06-01,P0051,Clinic B,Orthopedics,1.0,321000,341,2116.0,380395.92,2116.0,179.77122873345934,80.6,89.9,79.4,72.6,475.0,427.5,1641.0,1688.5,84425.0,1.0,4.454736842105263,84425.0,111175.0,Above Target,Eligible
2026-06-01,P0052,Clinic B,Orthopedics,0.75,401000,247,1560.8,286083.46,2081.0666666666666,183.29283700666326,73.5,84.4,79.8,88.5,356.25,320.625,1204.55,1240.175,62008.75,0.9,4.38119298245614,55807.875,89224.54166666666,Above Target,Eligible
2026-06-01,P0053,Clinic B,Primary Care,1.0,234000,342,578.68,54788.86,578.68,94.67902813299234,87.5,96.8,55.9,88.4,350.0,315.0,228.67999999999995,263.67999999999995,13183.999999999998,1.0,1.6533714285714285,13183.999999999998,32684.0,Above Target,Eligible
2026-06-01,P0054,Clinic B,Dermatology,0.75,342000,226,141.79999999999998,28014.8,189.06666666666663,197.56558533145278,81.2,80.9,77.6,86.2,243.75,219.375,-101.95000000000002,0.0,0.0,1.0,0.5817435897435896,0.0,28500.0,Below Threshold,Below Threshold
2026-06-01,P0055,ClinicA,Dermatology,0.5,305000,165,102.69999999999999,20321.25,205.39999999999998,197.87000973709837,89.9,89.3,68.1,78.1,162.5,146.25,-59.80000000000001,0.0,0.0,1.0,0.6319999999999999,0.0,25416.666666666668,Below Threshold,Below Threshold
2026-06-01,P0056,ClinicA,Pediatrics,1.0,228000,349,292.63,27889.53,292.63,95.30646208522708,74.1,84.3,65.4,75.9,300.0,270.0,-7.3700000000000045,22.629999999999995,1131.4999999999998,0.9,0.9754333333333333,1018.3499999999998,20018.35,At / Near Target,Eligible
2026-06-01,P0057,ClinicA,Dermatology,1.0,279000,300,188.0,37067.95,188.0,197.16994680851062,78.5,87.4,79.1,85.2,325.0,292.5,-137.0,0.0,0.0,0.9,0.5784615384615385,0.0,23250.0,Below Threshold,Below Threshold
2026-06-01,P0058,Clinic B,General Surgery,0.75,440000,266,1434.82,226903.88,1913.0933333333332,158.14100723435692,73.3,88.6,76.3,72.9,318.75,286.875,1116.07,1147.945,57397.25,0.9,4.501396078431372,51657.525,88324.19166666667,Above Target,Eligible
2026-06-01,P0059,ClinicA,Cardiology,0.5,332000,152,113.62,30601.24,227.24,269.3296954761486,61.3,82.9,69.9,91.4,225.0,202.5,-111.38,0.0,0.0,0.75,0.5049777777777777,0.0,27666.666666666668,Below Threshold,Below Threshold
2026-06-01,P0060,Clinic B,Dermatology,1.0,325000,348,216.39999999999998,42561.44,216.39999999999998,196.6794824399261,81.2,90.9,63.8,67.3,325.0,292.5,-108.60000000000002,0.0,0.0,1.0,0.6658461538461538,0.0,27083.333333333332,Below Threshold,Below Threshold
2026-06-01,P0061,Clinic C,OBGYN,1.0,297000,336,2293.27,441242.14,2293.27,192.4074095069486,77.2,86.3,70.9,69.3,375.0,337.5,1918.27,1955.77,97788.5,0.9,6.115386666666667,88009.65000000001,112759.65000000001,Above Target,Eligible
2026-06-01,P0062,ClinicA,Pediatrics,1.0,220000,369,316.98,29944.38,316.98,94.4677266704524,87.0,85.1,75.7,85.6,300.0,270.0,16.980000000000018,46.98000000000002,2349.000000000001,1.0,1.0566,2349.000000000001,20682.333333333332,Above Target,Eligible
2026-06-01,P0063,ClinicA,Orthopedics,0.5,412000,155,1103.2,200436.7,2206.4,181.68663886874546,80.2,87.4,97.2,80.9,237.5,213.75,865.7,889.45,44472.5,1.0,4.645052631578948,44472.5,78805.83333333334,Above Target,Eligible
2026-06-01,P0064,ClinicA,Orthopedics,1.0,336000,321,2349.6,420558.45,2349.6,178.99150919305416,82.3,86.0,84.4,97.5,475.0,427.5,1874.6,1922.1,96105.0,1.0,4.946526315789473,96105.0,124105.0,Above Target,Eligible
2026-06-01,P0065,ClinicA,Primary Care,1.0,199000,307,504.40999999999997,47956.12,504.40999999999997,95.07369005372615,77.2,81.9,74.4,78.2,350.0,315.0,154.40999999999997,189.40999999999997,9470.499999999998,0.9,1.4411714285714285,8523.449999999999,25106.783333333333,Above Target,Eligible
2026-06-01,P0066,ClinicA,OBGYN,1.0,336000,363,2375.67,454497.12,2375.67,191.31323794971524,84.7,90.4,69.6,85.7,375.0,337.5,2000.67,2038.17,101908.5,1.0,6.33512,101908.5,129908.5,Above Target,Eligible
2026-06-01,P0067,ClinicA,Primary Care,1.0,237000,335,584.67,54529.28,584.67,93.26505550139396,83.6,84.1,75.7,79.2,350.0,315.0,234.66999999999996,269.66999999999996,13483.499999999998,1.0,1.6704857142857141,13483.499999999998,33233.5,Above Target,Eligible
2026-06-01,P0068,Clinic B,Orthopedics,1.0,322000,346,2100.8,381678.13,2100.8,181.68227817974105,73.0,83.1,76.7,72.9,475.0,427.5,1625.8000000000002,1673.3000000000002,83665.00000000001,0.9,4.422736842105263,75298.50000000001,102131.83333333334,Above Target,Eligible
2026-06-01,P0069,ClinicA,Dermatology,0.75,263000,242,153.6,30162.95,204.79999999999998,196.37337239583334,70.9,85.9,64.4,73.0,243.75,219.375,-90.15,0.0,0.0,0.9,0.6301538461538462,0.0,21916.666666666668,Below Threshold,Below Threshold
2026-06-01,P0070,Clinic C,Primary Care,0.75,220000,227,376.58,35613.26,502.1066666666666,94.57023739975571,82.4,92.5,65.8,81.2,262.5,236.25,114.07999999999998,140.32999999999998,7016.499999999999,1.0,1.4345904761904762,7016.499999999999,25349.833333333332,Above Target,Eligible
2026-06-01,P0071,Clinic B,Dermatology,1.0,270000,342,216.2,42626.24,216.2,197.16114708603146,84.8,92.4,73.1,83.9,325.0,292.5,-108.80000000000001,0.0,0.0,1.0,0.6652307692307692,0.0,22500.0,Below Threshold,Below Threshold
2026-06-01,P0072,Clinic B,Dermatology,1.0,324000,351,221.29999999999998,43448.08,221.29999999999998,196.3311342069589,80.5,79.5,77.7,87.9,325.0,292.5,-103.70000000000002,0.0,0.0,1.0,0.6809230769230769,0.0,27000.0,Below Threshold,Below Threshold
2026-06-01,P0073,ClinicA,OBGYN,0.75,342000,246,1571.6,299200.47000000003,2095.4666666666667,190.37953041486386,95.3,85.1,72.6,80.3,281.25,253.125,1290.35,1318.475,65923.75,1.1,5.587911111111111,72516.125,101016.125,Above Target,Eligible
2026-06-01,P0074,Clinic B,Primary Care,1.0,219000,341,570.13,54059.57,570.13,94.81972532580289,81.7,77.8,61.6,69.9,350.0,315.0,220.13,255.13,12756.5,1.0,1.628942857142857,12756.5,31006.5,Above Target,Eligible
2026-06-01,P0075,Clinic B,Pediatrics,1.0,197000,339,295.45,27753.54,295.45,93.93650363851752,82.7,80.4,62.8,71.8,300.0,270.0,-4.550000000000011,25.44999999999999,1272.4999999999995,1.0,0.9848333333333333,1272.4999999999995,17689.166666666668,At / Near Target,Eligible
2026-06-01,P0076,Clinic B,Dermatology,0.5,306000,177,110.89999999999999,21903.18,221.79999999999998,197.5038773669973,83.9,87.8,71.6,78.1,162.5,146.25,-51.60000000000001,0.0,0.0,1.0,0.6824615384615385,0.0,25500.0,Below Threshold,Below Threshold
2026-06-01,P0077,Clinic B,Cardiology,0.75,297000,254,176.18,47398.32,234.90666666666667,269.03348847769325,94.0,79.1,69.2,71.6,337.5,303.75,-161.32,0.0,0.0,1.1,0.5220148148148148,0.0,24750.0,Below Threshold,Below Threshold
2026-06-01,P0078,Clinic B,OBGYN,1.0,306000,312,2029.09,388076.36,2029.09,191.25635629765068,70.0,99.0,89.9,86.4,375.0,337.5,1654.09,1691.59,84579.5,0.9,5.4109066666666665,76121.55,101621.55,Above Target,Eligible
2026-06-01,P0079,Clinic B,Cardiology,1.0,336000,329,248.78,66362.42,248.78,266.7514269635823,86.1,84.2,79.8,71.5,450.0,405.0,-201.22,0.0,0.0,1.0,0.5528444444444445,0.0,28000.0,Below Threshold,Below Threshold
2026-06-01,P0080,Clinic B,General Surgery,0.5,316000,161,819.73,126613.70999999999,1639.46,154.45782147780366,85.6,91.6,93.2,83.3,212.5,191.25,607.23,628.48,31424.0,1.0,3.8575529411764706,31424.0,57757.33333333333,Above Target,Eligible
2026-07-01,P0001,Clinic D,Primary Care,1.0,242000,337,565.28,53359.24,565.28,94.39435324087178,73.1,94.8,63.3,81.9,350.0,315.0,215.27999999999997,250.27999999999997,12513.999999999998,0.9,1.6150857142857142,11262.599999999999,31429.266666666666,Above Target,Eligible
2026-07-01,P0002,Clinic C,Primary Care,0.5,249000,195,332.97,31381.16,665.94,94.24620836712015,84.9,81.0,68.5,99.0,175.0,157.5,157.97000000000003,175.47000000000003,8773.500000000002,1.0,1.9026857142857145,8773.500000000002,29523.5,Above Target,Eligible
2026-07-01,P0003,Clinic C,OBGYN,1.0,254000,335,2163.82,410690.67,2163.82,189.7989065633925,80.6,93.7,81.6,78.6,375.0,337.5,1788.8200000000002,1826.3200000000002,91316.00000000001,1.0,5.7701866666666675,91316.00000000001,112482.66666666669,Above Target,Eligible
2026-07-01,P0004,Clinic B,OBGYN,1.0,342000,349,2338.0,446660.8,2338.0,191.04396920444825,85.6,83.2,82.3,84.4,375.0,337.5,1963.0,2000.5,100025.0,1.0,6.234666666666667,100025.0,128525.0,Above Target,Eligible
2026-07-01,P0005,Clinic B,OBGYN,1.0,289000,352,2180.31,416268.81,2180.31,190.92184597603094,77.9,91.3,52.1,80.1,375.0,337.5,1805.31,1842.81,92140.5,0.9,5.81416,82926.45,107009.78333333333,Above Target,Eligible
2026-07-01,P0006,ClinicA,Pediatrics,1.0,184000,348,300.4,28399.96,300.4,94.5404793608522,88.4,80.0,70.2,79.1,300.0,270.0,0.39999999999997726,30.399999999999977,1519.9999999999989,1.0,1.0013333333333332,1519.9999999999989,16853.333333333332,Above Target,Eligible
2026-07-01,P0007,Clinic B,Dermatology,1.0,326000,368,235.0,46493.92,235.0,197.84646808510638,80.8,80.5,85.3,60.1,325.0,292.5,-90.0,0.0,0.0,1.0,0.7230769230769231,0.0,27166.666666666668,Below Threshold,Below Threshold
2026-07-01,P0008,ClinicA,General Surgery,1.0,434000,319,1469.34,219673.6,1469.34,149.5049477996924,85.0,80.5,60.5,82.7,425.0,382.5,1044.34,1086.84,54341.99999999999,1.0,3.457270588235294,54341.99999999999,90508.66666666666,Above Target,Eligible
2026-07-01,P0009,Clinic B,General Surgery,0.75,370000,268,1345.41,206070.83000000002,1793.88,153.1658230576553,93.2,88.2,78.8,87.5,318.75,286.875,1026.66,1058.535,52926.75000000001,1.1,4.220894117647059,58219.42500000001,89052.75833333335,Above Target,Eligible
2026-07-01,P0010,ClinicA,Pediatrics,0.75,221000,229,192.76,18257.07,257.0133333333333,94.71399667980909,81.3,89.6,69.0,86.4,225.0,202.5,-32.24000000000001,0.0,0.0,1.0,0.8567111111111111,0.0,18416.666666666668,Below Threshold,Below Threshold
2026-07-01,P0011,Clinic B,Dermatology,1.0,283000,361,228.1,45194.28,228.1,198.13362560280578,77.9,84.5,99.0,75.7,325.0,292.5,-96.9,0.0,0.0,0.9,0.7018461538461538,0.0,23583.333333333332,Below Threshold,Below Threshold
2026-07-01,P0012,ClinicA,Dermatology,1.0,269000,366,229.2,45033.24,229.2,196.48010471204188,86.4,92.9,78.4,79.2,325.0,292.5,-95.80000000000001,0.0,0.0,1.0,0.7052307692307692,0.0,22416.666666666668,Below Threshold,Below Threshold
2026-07-01,P0013,ClinicA,Pediatrics,1.0,194000,375,319.26,30095.0,319.26,94.26486249451858,94.4,79.1,81.3,85.4,300.0,270.0,19.25999999999999,49.25999999999999,2462.9999999999995,1.1,1.0642,2709.2999999999997,18875.966666666667,Above Target,Eligible
2026-07-01,P0014,Clinic B,Pediatrics,1.0,230000,356,301.09,28535.64,301.09,94.77445282141554,86.5,93.2,88.0,80.3,300.0,270.0,1.089999999999975,31.089999999999975,1554.4999999999986,1.0,1.0036333333333332,1554.4999999999986,20721.166666666668,Above Target,Eligible
2026-07-01,P0015,Clinic B,General Surgery,1.0,425000,347,1708.78,260140.87,1708.78,152.2377778297967,86.3,85.1,97.6,55.9,425.0,382.5,1283.78,1326.28,66314.0,1.0,4.020658823529412,66314.0,101730.66666666666,Above Target,Eligible
2026-07-01,P0016,Clinic B,Pediatrics,1.0,197000,345,296.06,27888.28,296.06,94.19806795919746,83.5,87.7,73.3,92.2,300.0,270.0,-3.9399999999999977,26.060000000000002,1303.0,1.0,0.9868666666666667,1303.0,17719.666666666668,At / Near Target,Eligible
2026-07-01,P0017,Clinic B,Cardiology,0.75,304000,254,205.44,54524.49,273.92,265.4034754672897,83.1,85.9,87.0,86.1,337.5,303.75,-132.06,0.0,0.0,1.0,0.6087111111111111,0.0,25333.333333333332,Below Threshold,Below Threshold
2026-07-01,P0018,ClinicA,OBGYN,1.0,313000,387,2527.43,484615.0,2527.43,191.74220453187627,89.3,89.7,63.3,93.8,375.0,337.5,2152.43,2189.93,109496.49999999999,1.0,6.739813333333333,109496.49999999999,135579.8333333333,Above Target,Eligible
2026-07-01,P0019,Clinic B,Pediatrics,1.0,208000,372,303.13,29106.21,303.13,96.01890278098506,82.4,87.7,66.1,86.6,300.0,270.0,3.1299999999999955,33.129999999999995,1656.4999999999998,1.0,1.0104333333333333,1656.4999999999998,18989.833333333332,Above Target,Eligible
2026-07-01,P0020,Clinic B,Pediatrics,0.75,187000,256,215.26,20489.45,287.0133333333333,95.18466041066618,78.2,93.0,74.7,86.6,225.0,202.5,-9.740000000000009,12.759999999999991,637.9999999999995,0.9,0.9567111111111111,574.1999999999996,16157.533333333333,At / Near Target,Eligible
2026-07-01,P0021,Clinic B,Pediatrics,1.0,214000,333,257.33,25096.03,257.33,97.5246959157502,99.0,78.8,91.9,89.7,300.0,270.0,-42.670000000000016,0.0,0.0,1.1,0.8577666666666666,0.0,17833.333333333332,Below Threshold,Below Threshold
2026-07-01,P0022,Clinic D,Primary Care,1.0,223000,359,619.83,58191.96,619.83,93.8837423164416,70.3,82.3,87.3,71.4,350.0,315.0,269.83000000000004,304.83000000000004,15241.500000000002,0.9,1.7709428571428572,13717.350000000002,32300.683333333334,Above Target,Eligible
2026-07-01,P0023,Clinic C,Primary Care,1.0,192000,348,573.07,54553.38,573.07,95.19496745598268,79.7,96.5,83.0,73.3,350.0,315.0,223.07000000000005,258.07000000000005,12903.500000000002,0.9,1.6373428571428572,11613.150000000001,27613.15,Above Target,Eligible
2026-07-01,P0024,ClinicA,Orthopedics,0.75,361000,241,1652.0,298354.31,2202.6666666666665,180.60188256658594,88.0,87.6,83.7,98.3,356.25,320.625,1295.75,1331.375,66568.75,1.0,4.63719298245614,66568.75,96652.08333333333,Above Target,Eligible
2026-07-01,P0025,Clinic B,Dermatology,0.75,256000,250,160.6,31720.29,214.13333333333333,197.51114570361148,74.0,86.8,55.9,74.0,243.75,219.375,-83.15,0.0,0.0,0.9,0.6588717948717948,0.0,21333.333333333332,Below Threshold,Below Threshold
2026-07-01,P0026,ClinicA,OBGYN,0.75,313000,262,1763.78,335090.95,2351.7066666666665,189.98455022735263,75.0,86.9,71.8,91.4,281.25,253.125,1482.53,1510.655,75532.75,0.9,6.271217777777777,67979.475,94062.80833333333,Above Target,Eligible
2026-07-01,P0027,Clinic C,Primary Care,1.0,230000,319,533.29,50320.02,533.29,94.35770406345516,87.3,93.4,91.1,71.9,350.0,315.0,183.28999999999996,218.28999999999996,10914.499999999998,1.0,1.523685714285714,10914.499999999998,30081.166666666664,Above Target,Eligible
2026-07-01,P0028,ClinicA,Orthopedics,1.0,325000,317,2231.2,402232.77,2231.2,180.2764297239154,81.9,82.5,64.7,80.6,475.0,427.5,1756.1999999999998,1803.6999999999998,90184.99999999999,1.0,4.697263157894737,90184.99999999999,117268.33333333331,Above Target,Eligible
2026-07-01,P0029,ClinicA,Orthopedics,0.5,408000,153,1063.2,190158.09,2126.4,178.85448645598194,88.0,91.0,79.7,92.9,237.5,213.75,825.7,849.45,42472.5,1.0,4.4766315789473685,42472.5,76472.5,Above Target,Eligible
2026-07-01,P0030,ClinicA,General Surgery,0.75,375000,284,1427.14,218535.59,1902.8533333333335,153.1283476042995,73.4,78.4,75.5,84.1,318.75,286.875,1108.39,1140.265,57013.25000000001,0.9,4.477301960784314,51311.92500000001,82561.92500000002,Above Target,Eligible
2026-07-01,P0031,ClinicA,Dermatology,1.0,295000,342,217.6,42734.6,217.6,196.390625,75.2,90.5,75.6,67.4,325.0,292.5,-107.4,0.0,0.0,0.9,0.6695384615384615,0.0,24583.333333333332,Below Threshold,Below Threshold
2026-07-01,P0032,ClinicA,Cardiology,1.0,356000,377,294.18,78793.85,294.18,267.8423074308247,83.6,90.1,86.6,71.0,450.0,405.0,-155.82,0.0,0.0,1.0,0.6537333333333334,0.0,29666.666666666668,Below Threshold,Below Threshold
2026-07-01,P0033,ClinicA,General Surgery,0.5,318000,167,894.3000000000001,141186.91,1788.6000000000001,157.8742144694174,75.5,86.9,99.0,89.3,212.5,191.25,681.8000000000001,703.0500000000001,35152.5,0.9,4.208470588235294,31637.25,58137.25,Above Target,Eligible
2026-07-01,P0034,Clinic B,Orthopedics,1.0,405000,303,1778.4,324091.22,1778.4,182.23752811515968,63.6,88.3,73.4,68.1,475.0,427.5,1303.4,1350.9,67545.0,0.75,3.744,50658.75,84408.75,Above Target,Eligible
2026-07-01,P0035,ClinicA,Pediatrics,1.0,227000,400,349.09,33016.94,349.09,94.5800223438082,85.1,97.8,95.5,74.2,300.0,270.0,49.089999999999975,79.08999999999997,3954.4999999999986,1.0,1.1636333333333333,3954.4999999999986,22871.166666666668,Above Target,Eligible
2026-07-01,P0036,Clinic B,Cardiology,1.0,313000,355,281.13,75537.39,281.13,268.69202859886883,72.2,87.1,89.7,77.7,450.0,405.0,-168.87,0.0,0.0,0.9,0.6247333333333334,0.0,26083.333333333332,Below Threshold,Below Threshold
2026-07-01,P0037,ClinicA,Primary Care,1.0,217000,335,553.47,52487.66,553.47,94.83379406291218,83.4,97.7,95.0,71.7,350.0,315.0,203.47000000000003,238.47000000000003,11923.500000000002,1.0,1.5813428571428572,11923.500000000002,30006.833333333336,Above Target,Eligible
2026-07-01,P0038,ClinicA,General Surgery,1.0,387000,377,1893.0900000000001,291523.64,1893.0900000000001,153.99354494503694,84.8,85.5,73.3,81.9,425.0,382.5,1468.0900000000001,1510.5900000000001,75529.5,1.0,4.454329411764706,75529.5,107779.5,Above Target,Eligible
2026-07-01,P0039,ClinicA,Pediatrics,1.0,226000,333,287.51,27127.89,287.51,94.35459636186567,60.8,91.3,75.5,85.9,300.0,270.0,-12.490000000000009,17.50999999999999,875.4999999999995,0.75,0.9583666666666666,656.6249999999997,19489.958333333332,At / Near Target,Eligible
2026-07-01,P0040,Clinic B,Pediatrics,1.0,218000,359,324.31,30360.9,324.31,93.61690974684716,82.8,86.1,62.5,67.4,300.0,270.0,24.310000000000002,54.31,2715.5,1.0,1.0810333333333333,2715.5,20882.166666666668,Above Target,Eligible
2026-07-01,P0041,Clinic C,Primary Care,1.0,195000,387,676.91,63419.69,676.91,93.68998832932,73.0,86.6,75.8,88.4,350.0,315.0,326.90999999999997,361.90999999999997,18095.5,0.9,1.9340285714285714,16285.95,32535.95,Above Target,Eligible
2026-07-01,P0042,Clinic B,OBGYN,0.5,294000,167,1069.38,202414.18,2138.76,189.2818081505171,78.4,91.8,79.5,71.7,187.5,168.75,881.8800000000001,900.6300000000001,45031.50000000001,0.9,5.703360000000001,40528.350000000006,65028.350000000006,Above Target,Eligible
2026-07-01,P0043,ClinicA,Cardiology,0.75,292000,263,213.62,57070.26,284.82666666666665,267.1578503885404,96.7,81.0,83.6,69.2,337.5,303.75,-123.88,0.0,0.0,1.1,0.6329481481481481,0.0,24333.333333333332,Below Threshold,Below Threshold
2026-07-01,P0044,Clinic B,Cardiology,0.75,391000,275,216.99,58569.06,289.32,269.9159408267662,93.6,89.8,80.5,87.3,337.5,303.75,-120.50999999999999,0.0,0.0,1.1,0.6429333333333334,0.0,32583.333333333332,Below Threshold,Below Threshold
2026-07-01,P0045,Clinic B,Dermatology,1.0,309000,360,226.2,44697.409999999996,226.2,197.60128205128206,81.1,75.9,82.0,90.6,325.0,292.5,-98.80000000000001,0.0,0.0,1.0,0.696,0.0,25750.0,Below Threshold,Below Threshold
2026-07-01,P0046,ClinicA,Orthopedics,1.0,372000,360,2092.8,380390.52999999997,2092.8,181.76153000764523,81.8,81.8,93.0,84.3,475.0,427.5,1617.8000000000002,1665.3000000000002,83265.00000000001,1.0,4.4058947368421055,83265.00000000001,114265.00000000001,Above Target,Eligible
2026-07-01,P0047,Clinic B,Pediatrics,0.5,209000,157,149.71,13810.789999999999,299.42,92.25028388217218,76.6,95.7,66.5,87.2,150.0,135.0,-0.28999999999999204,14.710000000000008,735.5000000000005,0.9,0.9980666666666668,661.9500000000004,18078.61666666667,At / Near Target,Eligible
2026-07-01,P0048,ClinicA,General Surgery,1.0,386000,327,1685.89,261147.72,1685.89,154.90199241943424,90.5,81.0,74.5,78.0,425.0,382.5,1260.89,1303.39,65169.50000000001,1.1,3.9668,71686.45000000001,103853.11666666668,Above Target,Eligible
2026-07-01,P0049,ClinicA,Pediatrics,0.75,200000,263,228.05,21587.5,304.06666666666666,94.66125849594387,99.0,89.5,80.1,83.1,225.0,202.5,3.0500000000000114,25.55000000000001,1277.5000000000005,1.1,1.0135555555555555,1405.2500000000007,18071.916666666668,Above Target,Eligible
2026-07-01,P0050,Clinic B,Pediatrics,1.0,181000,335,293.51,27605.16,293.51,94.05185513270418,99.0,88.5,83.6,88.9,300.0,270.0,-6.490000000000009,23.50999999999999,1175.4999999999995,1.1,0.9783666666666666,1293.0499999999995,16376.383333333333,At / Near Target,Eligible
2026-07-01,P0051,Clinic B,Orthopedics,1.0,321000,348,2217.6,403466.84,2217.6,181.9385101010101,89.8,91.4,77.6,79.4,475.0,427.5,1742.6,1790.1,89505.0,1.0,4.668631578947368,89505.0,116255.0,Above Target,Eligible
2026-07-01,P0052,Clinic B,Orthopedics,0.75,401000,240,1632.0,294033.98,2176.0,180.16787990196076,85.2,78.8,71.6,85.3,356.25,320.625,1275.75,1311.375,65568.75,1.0,4.581052631578947,65568.75,98985.41666666666,Above Target,Eligible
2026-07-01,P0053,Clinic B,Primary Care,1.0,234000,313,525.05,49707.56,525.05,94.67205028092563,71.0,93.0,78.1,68.0,350.0,315.0,175.04999999999995,210.04999999999995,10502.499999999998,0.9,1.500142857142857,9452.249999999998,28952.25,Above Target,Eligible
2026-07-01,P0054,Clinic B,Dermatology,0.75,342000,243,149.9,29483.03,199.86666666666667,196.68465643762508,78.3,86.5,99.0,92.5,243.75,219.375,-93.85,0.0,0.0,0.9,0.614974358974359,0.0,28500.0,Below Threshold,Below Threshold
2026-07-01,P0055,ClinicA,Dermatology,0.5,305000,179,112.1,21963.69,224.2,195.92943800178412,85.8,86.0,62.7,88.9,162.5,146.25,-50.400000000000006,0.0,0.0,1.0,0.6898461538461538,0.0,25416.666666666668,Below Threshold,Below Threshold
2026-07-01,P0056,ClinicA,Pediatrics,1.0,228000,323,293.25,27311.61,293.25,93.13421994884911,99.0,95.5,99.0,80.2,300.0,270.0,-6.75,23.25,1162.5,1.1,0.9775,1278.75,20278.75,At / Near Target,Eligible
2026-07-01,P0057,ClinicA,Dermatology,1.0,279000,326,207.6,40909.13,207.6,197.0574662813102,84.1,99.0,99.0,88.3,325.0,292.5,-117.4,0.0,0.0,1.0,0.6387692307692308,0.0,23250.0,Below Threshold,Below Threshold
2026-07-01,P0058,Clinic B,General Surgery,0.75,440000,271,1404.1200000000001,217573.27,1872.16,154.95347263766627,88.6,84.2,80.4,84.8,318.75,286.875,1085.3700000000001,1117.2450000000001,55862.25000000001,1.0,4.405082352941177,55862.25000000001,92528.91666666667,Above Target,Eligible
2026-07-01,P0059,ClinicA,Cardiology,0.5,332000,174,139.97,37261.26,279.94,266.20890190755165,71.6,83.3,86.1,77.7,225.0,202.5,-85.03,0.0,0.0,0.9,0.6220888888888889,0.0,27666.666666666668,Below Threshold,Below Threshold
2026-07-01,P0060,Clinic B,Dermatology,1.0,325000,357,225.7,44598.06,225.7,197.59884802835623,87.1,87.6,75.8,83.3,325.0,292.5,-99.30000000000001,0.0,0.0,1.0,0.6944615384615385,0.0,27083.333333333332,Below Threshold,Below Threshold
2026-07-01,P0061,Clinic C,OBGYN,1.0,297000,318,2139.3,409353.15,2139.3,191.34910952180618,59.2,97.5,80.9,74.6,375.0,337.5,1764.3000000000002,1801.8000000000002,90090.00000000001,0.75,5.7048000000000005,67567.50000000001,92317.50000000001,Above Target,Eligible
2026-07-01,P0062,ClinicA,Pediatrics,1.0,220000,341,282.3,26832.19,282.3,95.04849450938717,82.1,89.2,82.0,70.8,300.0,270.0,-17.69999999999999,12.300000000000011,615.0000000000006,1.0,0.9410000000000001,615.0000000000006,18948.333333333332,At / Near Target,Eligible
2026-07-01,P0063,ClinicA,Orthopedics,0.5,412000,169,1210.4,217987.96,2420.8,180.09580304031724,79.2,85.0,74.6,69.1,237.5,213.75,972.9000000000001,996.6500000000001,49832.50000000001,0.9,5.096421052631579,44849.25000000001,79182.58333333334,Above Target,Eligible
2026-07-01,P0064,ClinicA,Orthopedics,1.0,336000,335,2207.2,400600.62,2207.2,181.49720007249005,99.0,88.1,70.7,90.9,475.0,427.5,1732.1999999999998,1779.6999999999998,88984.99999999999,1.1,4.646736842105263,97883.49999999999,125883.49999999999,Above Target,Eligible
2026-07-01,P0065,ClinicA,Primary Care,1.0,199000,342,564.73,53700.62,564.73,95.09078674764932,81.1,99.0,64.9,60.4,350.0,315.0,214.73000000000002,249.73000000000002,12486.5,1.0,1.6135142857142857,12486.5,29069.833333333332,Above Target,Eligible
2026-07-01,P0066,ClinicA,OBGYN,1.0,336000,381,2433.28,462187.72000000003,2433.28,189.944322067333,93.1,94.0,77.2,73.3,375.0,337.5,2058.28,2095.78,104789.00000000001,1.1,6.4887466666666676,115267.90000000002,143267.90000000002,Above Target,Eligible
2026-07-01,P0067,ClinicA,Primary Care,1.0,237000,351,585.82,55157.73,585.82,94.15474036393431,80.1,92.0,64.3,72.6,350.0,315.0,235.82000000000005,270.82000000000005,13541.000000000002,1.0,1.6737714285714287,13541.000000000002,33291.0,Above Target,Eligible
2026-07-01,P0068,Clinic B,Orthopedics,1.0,322000,339,2076.0,378813.67,2076.0,182.47286608863197,83.0,86.7,85.9,85.8,475.0,427.5,1601.0,1648.5,82425.0,1.0,4.370526315789474,82425.0,109258.33333333333,Above Target,Eligible
2026-07-01,P0069,ClinicA,Dermatology,0.75,263000,270,172.6,34309.18,230.13333333333333,198.77856315179608,68.1,81.8,68.6,91.1,243.75,219.375,-71.15,0.0,0.0,0.75,0.7081025641025641,0.0,21916.666666666668,Below Threshold,Below Threshold
2026-07-01,P0070,Clinic C,Primary Care,0.75,220000,263,450.59,42536.82,600.7866666666666,94.40249450720168,85.7,77.4,73.8,89.3,262.5,236.25,188.08999999999997,214.33999999999997,10716.999999999998,1.0,1.7165333333333332,10716.999999999998,29050.33333333333,Above Target,Eligible
2026-07-01,P0071,Clinic B,Dermatology,1.0,270000,323,202.1,39826.56,202.1,197.06363186541316,91.2,87.6,89.3,95.8,325.0,292.5,-122.9,0.0,0.0,1.1,0.6218461538461538,0.0,22500.0,Below Threshold,Below Threshold
2026-07-01,P0072,Clinic B,Dermatology,1.0,324000,338,210.2,41212.28,210.2,196.06222645099905,73.9,94.4,81.0,88.3,325.0,292.5,-114.80000000000001,0.0,0.0,0.9,0.6467692307692308,0.0,27000.0,Below Threshold,Below Threshold
2026-07-01,P0073,ClinicA,OBGYN,0.75,342000,235,1593.05,304109.25,2124.0666666666666,190.89749223188224,92.3,86.1,68.7,80.8,281.25,253.125,1311.8,1339.925,66996.25,1.1,5.664177777777778,73695.875,102195.875,Above Target,Eligible
2026-07-01,P0074,Clinic B,Primary Care,1.0,219000,347,583.28,55099.8,583.28,94.46543683993966,85.5,87.4,74.7,98.9,350.0,315.0,233.27999999999997,268.28,13413.999999999998,1.0,1.6665142857142856,13413.999999999998,31664.0,Above Target,Eligible
2026-07-01,P0075,Clinic B,Pediatrics,1.0,197000,351,290.07,27758.65,290.07,95.69638363153722,81.1,78.4,73.9,73.8,300.0,270.0,-9.930000000000007,20.069999999999993,1003.4999999999997,1.0,0.9669,1003.4999999999997,17420.166666666668,At / Near Target,Eligible
2026-07-01,P0076,Clinic B,Dermatology,0.5,306000,159,102.5,20325.99,205.0,198.30234146341465,91.8,85.6,74.8,76.1,162.5,146.25,-60.0,0.0,0.0,1.1,0.6307692307692307,0.0,25500.0,Below Threshold,Below Threshold
2026-07-01,P0077,Clinic B,Cardiology,0.75,297000,261,211.95,56441.27,282.59999999999997,266.29521113470156,95.7,89.7,73.7,73.1,337.5,303.75,-125.55000000000001,0.0,0.0,1.1,0.628,0.0,24750.0,Below Threshold,Below Threshold
2026-07-01,P0078,Clinic B,OBGYN,1.0,306000,316,2057.06,392425.37,2057.06,190.77001643121739,61.0,83.6,82.5,59.8,375.0,337.5,1682.06,1719.56,85978.0,0.75,5.485493333333333,64483.5,89983.5,Above Target,Eligible
2026-07-01,P0079,Clinic B,Cardiology,1.0,336000,352,271.31,72323.56,271.31,266.5716707824997,77.0,82.2,67.4,93.3,450.0,405.0,-178.69,0.0,0.0,0.9,0.6029111111111111,0.0,28000.0,Below Threshold,Below Threshold
2026-07-01,P0080,Clinic B,General Surgery,0.5,316000,158,761.02,114819.86,1522.04,150.87627132007043,94.3,88.9,86.5,63.7,212.5,191.25,548.52,569.77,28488.5,1.1,3.581270588235294,31337.350000000002,57670.683333333334,Above Target,Eligible
2026-08-01,P0001,Clinic D,Primary Care,1.0,242000,325,534.0,50820.37,534.0,95.16923220973783,76.2,87.0,83.6,76.2,350.0,315.0,184.0,219.0,10950.0,0.9,1.5257142857142858,9855.0,30021.666666666668,Above Target,Eligible
2026-08-01,P0002,Clinic C,Primary Care,0.5,249000,167,273.13,26107.36,546.26,95.58583824552412,83.2,95.1,87.4,82.0,175.0,157.5,98.13,115.63,5781.5,1.0,1.5607428571428572,5781.5,26531.5,Above Target,Eligible
2026-08-01,P0003,Clinic C,OBGYN,1.0,254000,353,2325.82,443458.31,2325.82,190.66751081339052,78.8,97.0,69.0,73.2,375.0,337.5,1950.8200000000002,1988.3200000000002,99416.00000000001,0.9,6.202186666666667,89474.40000000001,110641.06666666668,Above Target,Eligible
2026-08-01,P0004,Clinic B,OBGYN,1.0,342000,375,2499.73,478372.91,2499.73,191.3698319418497,94.5,92.7,78.1,82.8,375.0,337.5,2124.73,2162.23,108111.5,1.1,6.665946666666667,118922.65000000001,147422.65000000002,Above Target,Eligible
2026-08-01,P0005,Clinic B,OBGYN,1.0,289000,314,2031.03,384929.95,2031.03,189.52450234610026,79.7,69.9,81.4,77.2,375.0,337.5,1656.03,1693.53,84676.5,0.9,5.41608,76208.85,100292.18333333333,Above Target,Eligible
2026-08-01,P0006,ClinicA,Pediatrics,1.0,184000,308,265.55,25153.48,265.55,94.72219920918847,89.2,82.4,63.9,89.9,300.0,270.0,-34.44999999999999,0.0,0.0,1.0,0.8851666666666667,0.0,15333.333333333334,Below Threshold,Below Threshold
2026-08-01,P0007,Clinic B,Dermatology,1.0,326000,316,199.2,39272.0,199.2,197.14859437751005,78.8,88.3,89.4,92.1,325.0,292.5,-125.80000000000001,0.0,0.0,0.9,0.6129230769230769,0.0,27166.666666666668,Below Threshold,Below Threshold
2026-08-01,P0008,ClinicA,General Surgery,1.0,434000,319,1675.02,261498.72,1675.02,156.1167747250779,84.7,87.8,77.4,91.4,425.0,382.5,1250.02,1292.52,64626.0,1.0,3.9412235294117646,64626.0,100792.66666666666,Above Target,Eligible
2026-08-01,P0009,Clinic B,General Surgery,0.75,370000,252,1340.81,208182.5,1787.7466666666667,155.26621967318263,86.3,91.3,73.4,76.6,318.75,286.875,1022.06,1053.935,52696.75,1.0,4.206462745098039,52696.75,83530.08333333333,Above Target,Eligible
2026-08-01,P0010,ClinicA,Pediatrics,0.75,221000,223,187.29,17733.3,249.72,94.68364568316514,81.2,86.7,63.4,77.7,225.0,202.5,-37.71000000000001,0.0,0.0,1.0,0.8323999999999999,0.0,18416.666666666668,Below Threshold,Below Threshold
2026-08-01,P0011,Clinic B,Dermatology,1.0,283000,293,185.29999999999998,36483.26,185.29999999999998,196.887533729088,79.5,87.7,79.5,99.0,325.0,292.5,-139.70000000000002,0.0,0.0,0.9,0.5701538461538461,0.0,23583.333333333332,Below Threshold,Below Threshold
2026-08-01,P0012,ClinicA,Dermatology,1.0,269000,323,207.1,40771.06,207.1,196.866537904394,99.0,86.8,73.5,90.4,325.0,292.5,-117.9,0.0,0.0,1.1,0.6372307692307693,0.0,22416.666666666668,Below Threshold,Below Threshold
2026-08-01,P0013,ClinicA,Pediatrics,1.0,194000,308,263.77,24774.22,263.77,93.92356977669941,64.5,93.8,98.5,70.0,300.0,270.0,-36.23000000000002,0.0,0.0,0.75,0.8792333333333333,0.0,16166.666666666666,Below Threshold,Below Threshold
2026-08-01,P0014,Clinic B,Pediatrics,1.0,230000,297,240.31,23214.47,240.31,96.60218051683243,78.5,78.9,88.0,74.0,300.0,270.0,-59.69,0.0,0.0,0.9,0.8010333333333334,0.0,19166.666666666668,Below Threshold,Below Threshold
2026-08-01,P0015,Clinic B,General Surgery,1.0,425000,309,1633.58,256265.73,1633.58,156.87369458489943,85.0,92.0,71.2,72.9,425.0,382.5,1208.58,1251.08,62554.0,1.0,3.8437176470588232,62554.0,97970.66666666666,Above Target,Eligible
2026-08-01,P0016,Clinic B,Pediatrics,1.0,197000,336,303.12,28071.61,303.12,92.60890076537345,73.6,89.0,76.7,83.2,300.0,270.0,3.1200000000000045,33.120000000000005,1656.0000000000002,0.9,1.0104,1490.4000000000003,17907.06666666667,Above Target,Eligible
2026-08-01,P0017,Clinic B,Cardiology,0.75,304000,212,163.72,43572.15,218.29333333333332,266.13822379672615,90.1,98.7,81.8,90.8,337.5,303.75,-173.78,0.0,0.0,1.1,0.4850962962962963,0.0,25333.333333333332,Below Threshold,Below Threshold
2026-08-01,P0018,ClinicA,OBGYN,1.0,313000,316,2049.03,389552.96,2049.03,190.11579137445523,87.7,86.4,89.8,84.4,375.0,337.5,1674.0300000000002,1711.5300000000002,85576.50000000001,1.0,5.464080000000001,85576.50000000001,111659.83333333334,Above Target,Eligible
2026-08-01,P0019,Clinic B,Pediatrics,1.0,208000,322,272.95,25835.57,272.95,94.6531232826525,99.0,76.4,90.7,80.8,300.0,270.0,-27.05000000000001,2.9499999999999886,147.49999999999943,1.1,0.9098333333333333,162.24999999999937,17495.583333333332,At / Near Target,Eligible
2026-08-01,P0020,Clinic B,Pediatrics,0.75,187000,282,237.05,22542.76,316.06666666666666,95.09706812908668,92.8,77.1,74.8,87.7,225.0,202.5,12.050000000000011,34.55000000000001,1727.5000000000005,1.1,1.0535555555555556,1900.2500000000007,17483.583333333336,Above Target,Eligible
2026-08-01,P0021,Clinic B,Pediatrics,1.0,214000,344,288.48,27415.89,288.48,95.03566971713809,78.7,84.1,93.6,90.0,300.0,270.0,-11.519999999999982,18.480000000000018,924.0000000000009,0.9,0.9616,831.6000000000008,18664.933333333334,At / Near Target,Eligible
2026-08-01,P0022,Clinic D,Primary Care,1.0,223000,320,540.6,50987.24,540.6,94.31601923788382,99.0,90.7,75.9,72.7,350.0,315.0,190.60000000000002,225.60000000000002,11280.000000000002,1.1,1.5445714285714287,12408.000000000004,30991.333333333336,Above Target,Eligible
2026-08-01,P0023,Clinic C,Primary Care,1.0,192000,322,554.95,52151.51,554.95,93.9751509144968,94.9,90.3,64.7,78.1,350.0,315.0,204.95000000000005,239.95000000000005,11997.500000000002,1.1,1.5855714285714286,13197.250000000004,29197.250000000004,Above Target,Eligible
2026-08-01,P0024,ClinicA,Orthopedics,0.75,361000,243,1519.2,273159.36,2025.6000000000001,179.80473933649287,90.7,84.5,77.3,90.3,356.25,320.625,1162.95,1198.575,59928.75,1.1,4.264421052631579,65921.625,96004.95833333333,Above Target,Eligible
2026-08-01,P0025,Clinic B,Dermatology,0.75,256000,274,172.79999999999998,34068.3,230.39999999999998,197.1545138888889,86.9,93.9,66.0,85.4,243.75,219.375,-70.95000000000002,0.0,0.0,1.0,0.7089230769230769,0.0,21333.333333333332,Below Threshold,Below Threshold
2026-08-01,P0026,ClinicA,OBGYN,0.75,313000,241,1582.81,301609.95,2110.4133333333334,190.55347767577916,75.6,95.3,77.6,56.4,281.25,253.125,1301.56,1329.685,66484.25,0.9,5.627768888888888,59835.825000000004,85919.15833333334,Above Target,Eligible
2026-08-01,P0027,Clinic C,Primary Care,1.0,230000,301,529.34,49465.54,529.34,93.44757622699966,76.4,84.4,75.5,99.0,350.0,315.0,179.34000000000003,214.34000000000003,10717.000000000002,0.9,1.5124000000000002,9645.300000000001,28811.966666666667,Above Target,Eligible
2026-08-01,P0028,ClinicA,Orthopedics,1.0,325000,312,1939.2,348435.54,1939.2,179.68004331683167,90.3,91.1,79.6,85.8,475.0,427.5,1464.2,1511.7,75585.0,1.1,4.082526315789473,83143.5,110226.83333333333,Above Target,Eligible
2026-08-01,P0029,ClinicA,Orthopedics,0.5,408000,139,956.0,171586.63,1912.0,179.48392259414226,90.0,78.6,69.0,94.2,237.5,213.75,718.5,742.25,37112.5,1.1,4.025263157894737,40823.75,74823.75,Above Target,Eligible
2026-08-01,P0030,ClinicA,General Surgery,0.75,375000,227,1100.09,168156.6,1466.7866666666666,152.85712987119237,79.1,85.4,65.7,63.6,318.75,286.875,781.3399999999999,813.2149999999999,40660.74999999999,0.9,3.451262745098039,36594.674999999996,67844.67499999999,Above Target,Eligible
2026-08-01,P0031,ClinicA,Dermatology,1.0,295000,314,199.79999999999998,39433.63,199.79999999999998,197.3655155155155,78.6,86.1,71.1,92.4,325.0,292.5,-125.20000000000002,0.0,0.0,0.9,0.6147692307692307,0.0,24583.333333333332,Below Threshold,Below Threshold
2026-08-01,P0032,ClinicA,Cardiology,1.0,356000,314,239.58,64374.92,239.58,268.6990566825277,87.6,76.3,80.4,72.3,450.0,405.0,-210.42,0.0,0.0,1.0,0.5324,0.0,29666.666666666668,Below Threshold,Below Threshold
2026-08-01,P0033,ClinicA,General Surgery,0.5,318000,155,805.15,124643.4,1610.3,154.80767558839966,87.8,88.0,85.2,85.6,212.5,191.25,592.65,613.9,30695.0,1.0,3.7889411764705883,30695.0,57195.0,Above Target,Eligible
2026-08-01,P0034,Clinic B,Orthopedics,1.0,405000,300,1987.2,361260.0,1987.2,181.79347826086956,90.7,82.1,56.3,81.7,475.0,427.5,1512.2,1559.7,77985.0,1.1,4.183578947368421,85783.5,119533.5,Above Target,Eligible
2026-08-01,P0035,ClinicA,Pediatrics,1.0,227000,318,235.02,23255.98,235.02,98.95319547272572,75.7,87.0,95.8,89.0,300.0,270.0,-64.97999999999999,0.0,0.0,0.9,0.7834,0.0,18916.666666666668,Below Threshold,Below Threshold
2026-08-01,P0036,Clinic B,Cardiology,1.0,313000,350,264.32,70915.64,264.32,268.2946428571429,82.3,79.3,73.0,75.7,450.0,405.0,-185.68,0.0,0.0,1.0,0.5873777777777778,0.0,26083.333333333332,Below Threshold,Below Threshold
2026-08-01,P0037,ClinicA,Primary Care,1.0,217000,350,609.43,57070.95,609.43,93.64644011617413,85.7,82.5,72.0,67.3,350.0,315.0,259.42999999999995,294.42999999999995,14721.499999999998,1.0,1.7412285714285713,14721.499999999998,32804.83333333333,Above Target,Eligible
2026-08-01,P0038,ClinicA,General Surgery,1.0,387000,288,1411.15,215817.19,1411.15,152.9371009460369,80.8,83.3,75.6,99.0,425.0,382.5,986.1500000000001,1028.65,51432.50000000001,1.0,3.3203529411764707,51432.50000000001,83682.5,Above Target,Eligible
2026-08-01,P0039,ClinicA,Pediatrics,1.0,226000,317,262.54,25115.05,262.54,95.66180391559381,86.1,96.6,70.5,67.8,300.0,270.0,-37.45999999999998,0.0,0.0,1.0,0.8751333333333334,0.0,18833.333333333332,Below Threshold,Below Threshold
2026-08-01,P0040,Clinic B,Pediatrics,1.0,218000,336,289.01,27281.36,289.01,94.39590325594271,93.1,84.4,92.6,86.1,300.0,270.0,-10.990000000000009,19.00999999999999,950.4999999999995,1.1,0.9633666666666666,1045.5499999999995,19212.216666666667,At / Near Target,Eligible
2026-08-01,P0041,Clinic C,Primary Care,1.0,195000,314,537.34,50441.61,537.34,93.87279934492128,79.6,83.0,72.4,81.3,350.0,315.0,187.34000000000003,222.34000000000003,11117.000000000002,0.9,1.5352571428571429,10005.300000000001,26255.300000000003,Above Target,Eligible
2026-08-01,P0042,Clinic B,OBGYN,0.5,294000,150,1020.77,195233.45,2041.54,191.26095986363237,78.7,87.2,79.8,87.6,187.5,168.75,833.27,852.02,42601.0,0.9,5.444106666666666,38340.9,62840.9,Above Target,Eligible
2026-08-01,P0043,ClinicA,Cardiology,0.75,292000,214,152.09,41130.43,202.78666666666666,270.43480833716876,85.8,98.7,62.1,75.2,337.5,303.75,-185.41,0.0,0.0,1.0,0.45063703703703706,0.0,24333.333333333332,Below Threshold,Below Threshold
2026-08-01,P0044,Clinic B,Cardiology,0.75,391000,242,215.37,57270.22,287.16,265.9154942656823,99.0,73.8,84.0,69.3,337.5,303.75,-122.13,0.0,0.0,1.1,0.6381333333333333,0.0,32583.333333333332,Below Threshold,Below Threshold
2026-08-01,P0045,Clinic B,Dermatology,1.0,309000,313,195.89999999999998,38648.85,195.89999999999998,197.28866768759573,84.0,85.3,92.3,83.2,325.0,292.5,-129.10000000000002,0.0,0.0,1.0,0.6027692307692307,0.0,25750.0,Below Threshold,Below Threshold
2026-08-01,P0046,ClinicA,Orthopedics,1.0,372000,318,2212.8,399088.71,2212.8,180.35462310195228,88.6,83.0,87.9,78.3,475.0,427.5,1737.8000000000002,1785.3000000000002,89265.00000000001,1.0,4.658526315789474,89265.00000000001,120265.00000000001,Above Target,Eligible
2026-08-01,P0047,Clinic B,Pediatrics,0.5,209000,156,118.48,11671.8,236.96,98.51282916948007,89.5,81.1,91.9,84.6,150.0,135.0,-31.519999999999996,0.0,0.0,1.0,0.7898666666666667,0.0,17416.666666666668,Below Threshold,Below Threshold
2026-08-01,P0048,ClinicA,General Surgery,1.0,386000,310,1618.8700000000001,253179.91,1618.8700000000001,156.39298399500885,83.9,78.7,80.6,80.0,425.0,382.5,1193.8700000000001,1236.3700000000001,61818.50000000001,1.0,3.8091058823529416,61818.50000000001,93985.16666666667,Above Target,Eligible
2026-08-01,P0049,ClinicA,Pediatrics,0.75,200000,227,199.55,18600.55,266.06666666666666,93.21247807567025,88.8,86.1,93.2,74.3,225.0,202.5,-25.44999999999999,0.0,0.0,1.0,0.886888888888889,0.0,16666.666666666668,Below Threshold,Below Threshold
2026-08-01,P0050,Clinic B,Pediatrics,1.0,181000,311,250.72,23967.98,250.72,95.59660178685385,78.3,85.8,89.6,77.8,300.0,270.0,-49.28,0.0,0.0,0.9,0.8357333333333333,0.0,15083.333333333334,Below Threshold,Below Threshold
2026-08-01,P0051,Clinic B,Orthopedics,1.0,321000,332,1897.6,343316.93,1897.6,180.9216536677909,75.6,99.0,71.2,76.5,475.0,427.5,1422.6,1470.1,73505.0,0.9,3.9949473684210526,66154.5,92904.5,Above Target,Eligible
2026-08-01,P0052,Clinic B,Orthopedics,0.75,401000,238,1688.0,303923.46,2250.6666666666665,180.0494431279621,85.4,83.9,73.8,65.5,356.25,320.625,1331.75,1367.375,68368.75,1.0,4.738245614035088,68368.75,101785.41666666666,Above Target,Eligible
2026-08-01,P0053,Clinic B,Primary Care,1.0,234000,334,564.25,53327.28,564.25,94.51002215330084,77.7,85.2,83.5,84.4,350.0,315.0,214.25,249.25,12462.5,0.9,1.612142857142857,11216.25,30716.25,Above Target,Eligible
2026-08-01,P0054,Clinic B,Dermatology,0.75,342000,243,153.1,30298.7,204.13333333333333,197.9013716525147,89.5,85.0,88.0,88.0,243.75,219.375,-90.65,0.0,0.0,1.0,0.628102564102564,0.0,28500.0,Below Threshold,Below Threshold
2026-08-01,P0055,ClinicA,Dermatology,0.5,305000,144,89.0,17420.65,178.0,195.73764044943823,99.0,89.2,92.7,80.9,162.5,146.25,-73.5,0.0,0.0,1.1,0.5476923076923077,0.0,25416.666666666668,Below Threshold,Below Threshold
2026-08-01,P0056,ClinicA,Pediatrics,1.0,228000,317,265.19,25331.69,265.19,95.52279497718617,78.0,82.1,85.7,87.8,300.0,270.0,-34.81,0.0,0.0,0.9,0.8839666666666667,0.0,19000.0,Below Threshold,Below Threshold
2026-08-01,P0057,ClinicA,Dermatology,1.0,279000,311,196.1,38730.15,196.1,197.5020397756247,84.0,92.4,78.9,85.0,325.0,292.5,-128.9,0.0,0.0,1.0,0.6033846153846154,0.0,23250.0,Below Threshold,Below Threshold
2026-08-01,P0058,Clinic B,General Surgery,0.75,440000,224,1101.3700000000001,168665.48,1468.4933333333336,153.14152373861646,80.1,83.8,74.9,94.4,318.75,286.875,782.6200000000001,814.4950000000001,40724.75000000001,1.0,3.4552784313725495,40724.75000000001,77391.41666666667,Above Target,Eligible
2026-08-01,P0059,ClinicA,Cardiology,0.5,332000,140,110.25,29704.44,220.5,269.42802721088435,79.0,97.4,73.2,82.9,225.0,202.5,-114.75,0.0,0.0,0.9,0.49,0.0,27666.666666666668,Below Threshold,Below Threshold
2026-08-01,P0060,Clinic B,Dermatology,1.0,325000,336,210.0,41504.34,210.0,197.63971428571426,85.4,82.7,91.3,77.8,325.0,292.5,-115.0,0.0,0.0,1.0,0.6461538461538462,0.0,27083.333333333332,Below Threshold,Below Threshold
2026-08-01,P0061,Clinic C,OBGYN,1.0,297000,308,1969.0,374804.24,1969.0,190.35258506856272,99.0,87.4,72.4,73.5,375.0,337.5,1594.0,1631.5,81575.0,1.1,5.250666666666667,89732.5,114482.5,Above Target,Eligible
2026-08-01,P0062,ClinicA,Pediatrics,1.0,220000,341,276.21,26602.52,276.21,96.31266065674669,83.9,90.0,74.4,83.7,300.0,270.0,-23.79000000000002,6.2099999999999795,310.499999999999,1.0,0.9207,310.499999999999,18643.833333333332,At / Near Target,Eligible
2026-08-01,P0063,ClinicA,Orthopedics,0.5,412000,166,1265.6,226137.77,2531.2,178.68028603034134,67.9,87.0,88.8,65.2,237.5,213.75,1028.1,1051.85,52592.49999999999,0.75,5.328842105263157,39444.37499999999,73777.70833333333,Above Target,Eligible
2026-08-01,P0064,ClinicA,Orthopedics,1.0,336000,308,1859.2,337880.41,1859.2,181.73429969879516,77.7,89.1,63.2,70.7,475.0,427.5,1384.2,1431.7,71585.0,0.9,3.9141052631578948,64426.5,92426.5,Above Target,Eligible
2026-08-01,P0065,ClinicA,Primary Care,1.0,199000,322,536.81,50978.5,536.81,94.9656302974982,86.1,81.8,99.0,63.4,350.0,315.0,186.80999999999995,221.80999999999995,11090.499999999996,1.0,1.533742857142857,11090.499999999996,27673.83333333333,Above Target,Eligible
2026-08-01,P0066,ClinicA,OBGYN,1.0,336000,302,2043.48,389705.09,2043.48,190.70658386673713,99.0,82.6,88.6,88.3,375.0,337.5,1668.48,1705.98,85299.0,1.1,5.44928,93828.90000000001,121828.90000000001,Above Target,Eligible
2026-08-01,P0067,ClinicA,Primary Care,1.0,237000,284,472.26,45138.95,472.26,95.58071824842247,68.3,83.9,83.0,74.6,350.0,315.0,122.25999999999999,157.26,7863.0,0.75,1.3493142857142857,5897.25,25647.25,Above Target,Eligible
2026-08-01,P0068,Clinic B,Orthopedics,1.0,322000,328,2163.2,389431.1,2163.2,180.02547152366864,96.6,87.8,68.2,80.8,475.0,427.5,1688.1999999999998,1735.6999999999998,86784.99999999999,1.1,4.554105263157894,95463.49999999999,122296.83333333331,Above Target,Eligible
2026-08-01,P0069,ClinicA,Dermatology,0.75,263000,226,144.79999999999998,28571.76,193.06666666666663,197.31878453038675,79.9,93.3,73.7,80.9,243.75,219.375,-98.95000000000002,0.0,0.0,0.9,0.594051282051282,0.0,21916.666666666668,Below Threshold,Below Threshold
2026-08-01,P0070,Clinic C,Primary Care,0.75,220000,231,388.24,36701.56,517.6533333333333,94.53317535545023,68.6,76.9,73.3,83.5,262.5,236.25,125.74000000000001,151.99,7599.5,0.75,1.4790095238095238,5699.625,24032.958333333332,Above Target,Eligible
2026-08-01,P0071,Clinic B,Dermatology,1.0,270000,300,188.2,37106.5,188.2,197.1652497343252,69.1,93.0,79.4,83.5,325.0,292.5,-136.8,0.0,0.0,0.75,0.579076923076923,0.0,22500.0,Below Threshold,Below Threshold
2026-08-01,P0072,Clinic B,Dermatology,1.0,324000,339,213.29999999999998,42108.09,213.29999999999998,197.41251758087202,89.0,78.9,62.0,88.0,325.0,292.5,-111.70000000000002,0.0,0.0,1.0,0.6563076923076923,0.0,27000.0,Below Threshold,Below Threshold
2026-08-01,P0073,ClinicA,OBGYN,0.75,342000,216,1325.69,252743.38,1767.5866666666668,190.65043863950095,72.6,79.1,71.1,96.1,281.25,253.125,1044.44,1072.565,53628.25,0.9,4.713564444444445,48265.425,76765.425,Above Target,Eligible
2026-08-01,P0074,Clinic B,Primary Care,1.0,219000,302,507.38,48070.38,507.38,94.74236272616184,99.0,90.2,66.3,75.6,350.0,315.0,157.38,192.38,9619.0,1.1,1.4496571428571428,10580.900000000001,28830.9,Above Target,Eligible
2026-08-01,P0075,Clinic B,Pediatrics,1.0,197000,330,284.15,26789.79,284.15,94.28045046630302,71.5,93.4,76.1,85.7,300.0,270.0,-15.850000000000023,14.149999999999977,707.4999999999989,0.9,0.9471666666666666,636.749999999999,17053.416666666668,At / Near Target,Eligible
2026-08-01,P0076,Clinic B,Dermatology,0.5,306000,182,113.6,22323.23,227.2,196.50730633802817,80.9,90.0,88.7,89.6,162.5,146.25,-48.900000000000006,0.0,0.0,1.0,0.699076923076923,0.0,25500.0,Below Threshold,Below Threshold
2026-08-01,P0077,Clinic B,Cardiology,0.75,297000,262,204.14,54700.09,272.18666666666667,267.9538062114235,81.4,89.4,92.1,82.7,337.5,303.75,-133.36,0.0,0.0,1.0,0.6048592592592592,0.0,24750.0,Below Threshold,Below Threshold
2026-08-01,P0078,Clinic B,OBGYN,1.0,306000,289,1902.39,364163.28,1902.39,191.4240928516235,80.7,85.6,72.6,74.7,375.0,337.5,1527.39,1564.89,78244.5,1.0,5.073040000000001,78244.5,103744.5,Above Target,Eligible
2026-08-01,P0079,Clinic B,Cardiology,1.0,336000,299,230.38,61680.32,230.38,267.73296293080995,75.9,84.4,86.9,91.8,450.0,405.0,-219.62,0.0,0.0,0.9,0.5119555555555555,0.0,28000.0,Below Threshold,Below Threshold
2026-08-01,P0080,Clinic B,General Surgery,0.5,316000,158,778.16,118988.23,1556.32,152.9097229361571,83.2,93.9,80.3,92.1,212.5,191.25,565.66,586.91,29345.5,1.0,3.6619294117647057,29345.5,55678.83333333333,Above Target,Eligible
2026-09-01,P0001,Clinic D,Primary Care,1.0,242000,344,591.33,55506.42,591.33,93.86707929582465,83.7,91.0,75.4,80.3,350.0,315.0,241.33000000000004,276.33000000000004,13816.500000000002,1.0,1.6895142857142857,13816.500000000002,33983.16666666667,Above Target,Eligible
2026-09-01,P0002,Clinic C,Primary Care,0.5,249000,168,292.82,27529.5,585.64,94.01509459736357,78.0,89.0,91.2,81.9,175.0,157.5,117.82,135.32,6766.0,0.9,1.6732571428571428,6089.400000000001,26839.4,Above Target,Eligible
2026-09-01,P0003,Clinic C,OBGYN,1.0,254000,319,2116.18,404139.13,2116.18,190.97578183330342,91.9,93.6,79.4,95.1,375.0,337.5,1741.1799999999998,1778.6799999999998,88933.99999999999,1.1,5.6431466666666665,97827.4,118994.06666666667,Above Target,Eligible
2026-09-01,P0004,Clinic B,OBGYN,1.0,342000,338,2247.03,426428.92,2247.03,189.77446674054192,78.3,86.7,89.5,78.9,375.0,337.5,1872.0300000000002,1909.5300000000002,95476.50000000001,0.9,5.9920800000000005,85928.85000000002,114428.85000000002,Above Target,Eligible
2026-09-01,P0005,Clinic B,OBGYN,1.0,289000,338,2295.21,438703.1,2295.21,191.1385450568793,77.1,85.0,83.0,88.1,375.0,337.5,1920.21,1957.71,97885.5,0.9,6.12056,88096.95,112180.28333333333,Above Target,Eligible
2026-09-01,P0006,ClinicA,Pediatrics,1.0,184000,368,315.56,29819.81,315.56,94.49806692863481,91.6,89.2,60.3,76.0,300.0,270.0,15.560000000000002,45.56,2278.0,1.1,1.0518666666666667,2505.8,17839.133333333335,Above Target,Eligible
2026-09-01,P0007,Clinic B,Dermatology,1.0,326000,327,204.5,40277.15,204.5,196.95427872860637,95.1,83.9,84.3,59.6,325.0,292.5,-120.5,0.0,0.0,1.1,0.6292307692307693,0.0,27166.666666666668,Below Threshold,Below Threshold
2026-09-01,P0008,ClinicA,General Surgery,1.0,434000,339,1620.78,245815.55,1620.78,151.6649699527388,71.7,81.3,77.1,90.8,425.0,382.5,1195.78,1238.28,61914.0,0.9,3.8136,55722.6,91889.26666666666,Above Target,Eligible
2026-09-01,P0009,Clinic B,General Surgery,0.75,370000,223,1201.78,189981.32,1602.3733333333332,158.0832764732314,78.5,78.9,90.3,73.2,318.75,286.875,883.03,914.905,45745.25,0.9,3.7702901960784314,41170.725,72004.05833333333,Above Target,Eligible
2026-09-01,P0010,ClinicA,Pediatrics,0.75,221000,246,203.79,19557.28,271.71999999999997,95.9678100004907,80.5,87.4,75.3,94.2,225.0,202.5,-21.210000000000008,1.289999999999992,64.4999999999996,1.0,0.9057333333333333,64.4999999999996,18481.166666666668,At / Near Target,Eligible
2026-09-01,P0011,Clinic B,Dermatology,1.0,283000,315,198.7,39221.09,198.7,197.38847508807245,91.1,88.5,73.8,87.6,325.0,292.5,-126.30000000000001,0.0,0.0,1.1,0.6113846153846153,0.0,23583.333333333332,Below Threshold,Below Threshold
2026-09-01,P0012,ClinicA,Dermatology,1.0,269000,319,201.5,39971.0,201.5,198.36724565756825,78.2,99.0,76.9,88.5,325.0,292.5,-123.5,0.0,0.0,0.9,0.62,0.0,22416.666666666668,Below Threshold,Below Threshold
2026-09-01,P0013,ClinicA,Pediatrics,1.0,194000,323,273.04,25837.38,273.04,94.62855259302665,80.1,95.7,81.3,70.2,300.0,270.0,-26.95999999999998,3.0400000000000205,152.00000000000102,1.0,0.9101333333333333,152.00000000000102,16318.666666666668,At / Near Target,Eligible
2026-09-01,P0014,Clinic B,Pediatrics,1.0,230000,343,286.8,27282.26,286.8,95.12642956764294,74.6,90.3,67.6,66.1,300.0,270.0,-13.199999999999989,16.80000000000001,840.0000000000006,0.9,0.9560000000000001,756.0000000000006,19922.666666666668,At / Near Target,Eligible
2026-09-01,P0015,Clinic B,General Surgery,1.0,425000,339,1629.3500000000001,245336.35,1629.3500000000001,150.5731426642526,96.9,90.7,81.2,97.2,425.0,382.5,1204.3500000000001,1246.8500000000001,62342.50000000001,1.1,3.8337647058823534,68576.75000000001,103993.41666666669,Above Target,Eligible
2026-09-01,P0016,Clinic B,Pediatrics,1.0,197000,339,322.54,29609.25,322.54,91.80024183047064,73.9,80.8,77.9,81.9,300.0,270.0,22.54000000000002,52.54000000000002,2627.000000000001,0.9,1.0751333333333335,2364.300000000001,18780.966666666667,Above Target,Eligible
2026-09-01,P0017,Clinic B,Cardiology,0.75,304000,266,194.18,52278.52,258.9066666666667,269.22710886806055,83.1,81.0,57.8,89.6,337.5,303.75,-143.32,0.0,0.0,1.0,0.5753481481481482,0.0,25333.333333333332,Below Threshold,Below Threshold
2026-09-01,P0018,ClinicA,OBGYN,1.0,313000,331,2304.48,440273.95,2304.48,191.05132177324168,96.4,94.9,84.9,73.3,375.0,337.5,1929.48,1966.98,98349.0,1.1,6.14528,108183.90000000001,134267.23333333334,Above Target,Eligible
2026-09-01,P0019,Clinic B,Pediatrics,1.0,208000,341,288.65,27228.55,288.65,94.33067729083666,73.1,90.9,75.2,70.3,300.0,270.0,-11.350000000000023,18.649999999999977,932.4999999999989,0.9,0.9621666666666666,839.249999999999,18172.583333333332,At / Near Target,Eligible
2026-09-01,P0020,Clinic B,Pediatrics,0.75,187000,254,237.05,21952.52,316.06666666666666,92.60712929761654,79.1,73.7,82.3,92.3,225.0,202.5,12.050000000000011,34.55000000000001,1727.5000000000005,0.9,1.0535555555555556,1554.7500000000005,17138.083333333336,Above Target,Eligible
2026-09-01,P0021,Clinic B,Pediatrics,1.0,214000,322,287.07,26798.54,287.07,93.35193506810187,88.1,83.2,72.6,97.7,300.0,270.0,-12.930000000000007,17.069999999999993,853.4999999999997,1.0,0.9569,853.4999999999997,18686.833333333332,At / Near Target,Eligible
2026-09-01,P0022,Clinic D,Primary Care,1.0,223000,335,575.84,54276.33,575.84,94.25592178382884,78.6,85.7,69.3,77.1,350.0,315.0,225.84000000000003,260.84000000000003,13042.000000000002,0.9,1.645257142857143,11737.800000000001,30321.13333333333,Above Target,Eligible
2026-09-01,P0023,Clinic C,Primary Care,1.0,192000,314,526.95,49872.93,526.95,94.64452035297465,65.6,87.0,93.0,86.2,350.0,315.0,176.95000000000005,211.95000000000005,10597.500000000002,0.75,1.5055714285714288,7948.125000000002,23948.125,Above Target,Eligible
2026-09-01,P0024,ClinicA,Orthopedics,0.75,361000,243,1519.2,272315.38,2025.6000000000001,179.24919694576093,93.3,88.3,90.8,84.1,356.25,320.625,1162.95,1198.575,59928.75,1.1,4.264421052631579,65921.625,96004.95833333333,Above Target,Eligible
2026-09-01,P0025,Clinic B,Dermatology,0.75,256000,246,155.0,30511.420000000002,206.66666666666666,196.84787096774195,77.2,87.9,63.3,83.8,243.75,219.375,-88.75,0.0,0.0,0.9,0.6358974358974359,0.0,21333.333333333332,Below Threshold,Below Threshold
2026-09-01,P0026,ClinicA,OBGYN,0.75,313000,229,1619.35,312193.19,2159.133333333333,192.78919937011764,83.9,88.6,84.2,92.3,281.25,253.125,1338.1,1366.225,68311.25,1.0,5.757688888888889,68311.25,94394.58333333333,Above Target,Eligible
2026-09-01,P0027,Clinic C,Primary Care,1.0,230000,333,556.99,52713.84,556.99,94.64055009964271,95.4,74.2,94.3,92.4,350.0,315.0,206.99,241.99,12099.5,1.1,1.5914,13309.45,32476.11666666667,Above Target,Eligible
2026-09-01,P0028,ClinicA,Orthopedics,1.0,325000,282,1876.8,340352.71,1876.8,181.34735187553284,83.5,91.8,80.6,83.1,475.0,427.5,1401.8,1449.3,72465.0,1.0,3.951157894736842,72465.0,99548.33333333333,Above Target,Eligible
2026-09-01,P0029,ClinicA,Orthopedics,0.5,408000,159,1221.6,218905.0,2443.2,179.195317616241,84.1,99.0,68.9,90.5,237.5,213.75,984.0999999999999,1007.8499999999999,50392.49999999999,1.0,5.143578947368421,50392.49999999999,84392.5,Above Target,Eligible
2026-09-01,P0030,ClinicA,General Surgery,0.75,375000,244,1287.09,200357.49,1716.12,155.66703960096032,85.6,86.5,75.0,86.9,318.75,286.875,968.3399999999999,1000.2149999999999,50010.74999999999,1.0,4.037929411764706,50010.74999999999,81260.75,Above Target,Eligible
2026-09-01,P0031,ClinicA,Dermatology,1.0,295000,345,217.29999999999998,42828.01,217.29999999999998,197.09162448228258,72.4,99.0,62.4,84.5,325.0,292.5,-107.70000000000002,0.0,0.0,0.9,0.6686153846153846,0.0,24583.333333333332,Below Threshold,Below Threshold
2026-09-01,P0032,ClinicA,Cardiology,1.0,356000,345,270.12,71987.4,270.12,266.5015548645046,99.0,94.5,89.3,86.3,450.0,405.0,-179.88,0.0,0.0,1.1,0.6002666666666667,0.0,29666.666666666668,Below Threshold,Below Threshold
2026-09-01,P0033,ClinicA,General Surgery,0.5,318000,164,852.73,133194.97,1705.46,156.19829254277437,81.5,94.9,87.4,80.7,212.5,191.25,640.23,661.48,33074.0,1.0,4.01284705882353,33074.0,59574.0,Above Target,Eligible
2026-09-01,P0034,Clinic B,Orthopedics,1.0,405000,312,2035.2,369065.43,2035.2,181.34111143867923,87.0,95.9,80.1,94.4,475.0,427.5,1560.2,1607.7,80385.0,1.0,4.284631578947368,80385.0,114135.0,Above Target,Eligible
2026-09-01,P0035,ClinicA,Pediatrics,1.0,227000,327,294.75,27458.65,294.75,93.15911789652249,92.1,79.2,69.4,72.9,300.0,270.0,-5.25,24.75,1237.5,1.1,0.9825,1361.25,20277.916666666668,At / Near Target,Eligible
2026-09-01,P0036,Clinic B,Cardiology,1.0,313000,302,230.89,61856.1,230.89,267.90289748365024,78.5,80.0,64.7,90.4,450.0,405.0,-219.11,0.0,0.0,0.9,0.5130888888888888,0.0,26083.333333333332,Below Threshold,Below Threshold
2026-09-01,P0037,ClinicA,Primary Care,1.0,217000,338,570.23,53919.84,570.23,94.55805552145624,95.1,88.1,74.0,86.1,350.0,315.0,220.23000000000002,255.23000000000002,12761.5,1.1,1.6292285714285715,14037.650000000001,32120.983333333334,Above Target,Eligible
2026-09-01,P0038,ClinicA,General Surgery,1.0,387000,337,1633.06,247892.92,1633.06,151.79657820288296,86.3,87.9,92.5,79.5,425.0,382.5,1208.06,1250.56,62528.0,1.0,3.8424941176470586,62528.0,94778.0,Above Target,Eligible
2026-09-01,P0039,ClinicA,Pediatrics,1.0,226000,313,252.92,24208.7,252.92,95.71682745532185,92.4,84.1,67.7,76.8,300.0,270.0,-47.08000000000001,0.0,0.0,1.1,0.8430666666666666,0.0,18833.333333333332,Below Threshold,Below Threshold
2026-09-01,P0040,Clinic B,Pediatrics,1.0,218000,348,287.5,27334.43,287.5,95.07627826086957,93.4,94.6,82.3,78.1,300.0,270.0,-12.5,17.5,875.0,1.1,0.9583333333333334,962.5000000000001,19129.166666666668,At / Near Target,Eligible
2026-09-01,P0041,Clinic C,Primary Care,1.0,195000,320,529.53,50231.44,529.53,94.86042339433084,80.3,96.6,75.4,90.9,350.0,315.0,179.52999999999997,214.52999999999997,10726.499999999998,1.0,1.5129428571428571,10726.499999999998,26976.5,Above Target,Eligible
2026-09-01,P0042,Clinic B,OBGYN,0.5,294000,175,1189.56,228102.63999999998,2379.12,191.75379131779817,83.6,85.4,77.4,75.0,187.5,168.75,1002.06,1020.81,51040.5,1.0,6.34432,51040.5,75540.5,Above Target,Eligible
2026-09-01,P0043,ClinicA,Cardiology,0.75,292000,251,177.0,47580.43,236.0,268.81598870056496,92.6,93.3,83.8,77.8,337.5,303.75,-160.5,0.0,0.0,1.1,0.5244444444444445,0.0,24333.333333333332,Below Threshold,Below Threshold
2026-09-01,P0044,Clinic B,Cardiology,0.75,391000,251,187.64,50583.57,250.18666666666664,269.57775527606054,93.6,87.8,70.4,75.4,337.5,303.75,-149.86,0.0,0.0,1.1,0.5559703703703703,0.0,32583.333333333332,Below Threshold,Below Threshold
2026-09-01,P0045,Clinic B,Dermatology,1.0,309000,357,225.89999999999998,44686.05,225.89999999999998,197.81341301460827,97.5,82.5,62.2,79.1,325.0,292.5,-99.10000000000002,0.0,0.0,1.1,0.695076923076923,0.0,25750.0,Below Threshold,Below Threshold
2026-09-01,P0046,ClinicA,Orthopedics,1.0,372000,338,2075.2,373639.4,2075.2,180.0498265227448,98.8,99.0,94.7,92.9,475.0,427.5,1600.1999999999998,1647.6999999999998,82384.99999999999,1.1,4.368842105263157,90623.49999999999,121623.49999999999,Above Target,Eligible
2026-09-01,P0047,Clinic B,Pediatrics,0.5,209000,153,126.77,12038.49,253.54,94.96324051431726,65.6,84.0,64.2,72.4,150.0,135.0,-23.230000000000004,0.0,0.0,0.75,0.8451333333333333,0.0,17416.666666666668,Below Threshold,Below Threshold
2026-09-01,P0048,ClinicA,General Surgery,1.0,386000,354,1717.22,262012.45,1717.22,152.57943070777188,84.3,79.5,84.2,70.7,425.0,382.5,1292.22,1334.72,66736.0,1.0,4.040517647058824,66736.0,98902.66666666667,Above Target,Eligible
2026-09-01,P0049,ClinicA,Pediatrics,0.75,200000,235,206.87,19298.29,275.82666666666665,93.28704017015517,81.7,92.6,91.5,85.4,225.0,202.5,-18.129999999999995,4.3700000000000045,218.50000000000023,1.0,0.9194222222222223,218.50000000000023,16885.166666666668,At / Near Target,Eligible
2026-09-01,P0050,Clinic B,Pediatrics,1.0,181000,360,313.8,29341.64,313.8,93.50427023581899,86.7,79.0,82.4,77.7,300.0,270.0,13.800000000000011,43.80000000000001,2190.0000000000005,1.0,1.046,2190.0000000000005,17273.333333333336,Above Target,Eligible
2026-09-01,P0051,Clinic B,Orthopedics,1.0,321000,309,1821.6,331223.5,1821.6,181.83108256477823,88.2,84.0,81.2,90.6,475.0,427.5,1346.6,1394.1,69705.0,1.0,3.8349473684210524,69705.0,96455.0,Above Target,Eligible
2026-09-01,P0052,Clinic B,Orthopedics,0.75,401000,256,1280.0,235578.42,1706.6666666666667,184.045640625,84.4,89.1,88.7,73.6,356.25,320.625,923.75,959.375,47968.75,1.0,3.592982456140351,47968.75,81385.41666666666,Above Target,Eligible
2026-09-01,P0053,Clinic B,Primary Care,1.0,234000,330,532.71,51077.0,532.71,95.88143642882618,89.3,95.1,73.3,71.9,350.0,315.0,182.71000000000004,217.71000000000004,10885.500000000002,1.0,1.5220285714285715,10885.500000000002,30385.5,Above Target,Eligible
2026-09-01,P0054,Clinic B,Dermatology,0.75,342000,276,173.6,34222.0,231.46666666666667,197.13133640552996,92.4,84.0,79.4,83.5,243.75,219.375,-70.15,0.0,0.0,1.1,0.7122051282051282,0.0,28500.0,Below Threshold,Below Threshold
2026-09-01,P0055,ClinicA,Dermatology,0.5,305000,142,89.6,17698.85,179.2,197.53180803571428,79.7,91.8,88.5,65.7,162.5,146.25,-72.9,0.0,0.0,0.9,0.5513846153846154,0.0,25416.666666666668,Below Threshold,Below Threshold
2026-09-01,P0056,ClinicA,Pediatrics,1.0,228000,325,273.13,25881.82,273.13,94.76007761871637,88.5,80.3,95.8,79.0,300.0,270.0,-26.870000000000005,3.1299999999999955,156.49999999999977,1.0,0.9104333333333333,156.49999999999977,19156.5,At / Near Target,Eligible
2026-09-01,P0057,ClinicA,Dermatology,1.0,279000,333,210.5,41471.14,210.5,197.01254156769596,79.5,89.2,76.6,97.0,325.0,292.5,-114.5,0.0,0.0,0.9,0.6476923076923077,0.0,23250.0,Below Threshold,Below Threshold
2026-09-01,P0058,Clinic B,General Surgery,0.75,440000,244,1141.4,171177.68,1521.8666666666668,149.9716838969686,75.2,90.5,81.0,71.9,318.75,286.875,822.6500000000001,854.5250000000001,42726.25000000001,0.9,3.5808627450980395,38453.62500000001,75120.29166666667,Above Target,Eligible
2026-09-01,P0059,ClinicA,Cardiology,0.5,332000,163,128.79,34495.09,257.58,267.8398167559593,84.5,99.0,74.4,82.7,225.0,202.5,-96.21000000000001,0.0,0.0,1.0,0.5724,0.0,27666.666666666668,Below Threshold,Below Threshold
2026-09-01,P0060,Clinic B,Dermatology,1.0,325000,336,210.0,41501.42,210.0,197.62580952380952,85.8,82.2,80.2,94.2,325.0,292.5,-115.0,0.0,0.0,1.0,0.6461538461538462,0.0,27083.333333333332,Below Threshold,Below Threshold
2026-09-01,P0061,Clinic C,OBGYN,1.0,297000,290,1887.3,359627.52,1887.3,190.5513272929582,96.0,93.2,90.6,70.9,375.0,337.5,1512.3,1549.8,77490.0,1.1,5.0328,85239.0,109989.0,Above Target,Eligible
2026-09-01,P0062,ClinicA,Pediatrics,1.0,220000,320,266.16,25295.99,266.16,95.04053952509769,98.1,89.9,72.0,88.7,300.0,270.0,-33.839999999999975,0.0,0.0,1.1,0.8872000000000001,0.0,18333.333333333332,Below Threshold,Below Threshold
2026-09-01,P0063,ClinicA,Orthopedics,0.5,412000,160,1030.4,185709.51,2060.8,180.2305027173913,99.0,95.3,81.8,84.7,237.5,213.75,792.9000000000001,816.6500000000001,40832.50000000001,1.1,4.3385263157894745,44915.750000000015,79249.08333333334,Above Target,Eligible
2026-09-01,P0064,ClinicA,Orthopedics,1.0,336000,314,2228.8,401489.02,2228.8,180.13685391241924,94.6,93.3,74.5,99.0,475.0,427.5,1753.8000000000002,1801.3000000000002,90065.00000000001,1.1,4.69221052631579,99071.50000000003,127071.50000000003,Above Target,Eligible
2026-09-01,P0065,ClinicA,Primary Care,1.0,199000,334,553.59,52841.08,553.59,95.45165194457992,99.0,86.1,85.5,88.7,350.0,315.0,203.59000000000003,238.59000000000003,11929.500000000002,1.1,1.5816857142857144,13122.450000000003,29705.783333333333,Above Target,Eligible
2026-09-01,P0066,ClinicA,OBGYN,1.0,336000,340,2144.58,409477.14,2144.58,190.93581960104078,90.2,87.1,88.4,77.6,375.0,337.5,1769.58,1807.08,90354.0,1.1,5.7188799999999995,99389.40000000001,127389.40000000001,Above Target,Eligible
2026-09-01,P0067,ClinicA,Primary Care,1.0,237000,349,575.15,54407.79,575.15,94.59756585238634,70.3,85.2,78.9,96.6,350.0,315.0,225.14999999999998,260.15,13007.499999999998,0.9,1.6432857142857142,11706.749999999998,31456.75,Above Target,Eligible
2026-09-01,P0068,Clinic B,Orthopedics,1.0,322000,313,1863.2,335313.56,1863.2,179.9664877629884,80.4,88.9,84.8,73.0,475.0,427.5,1388.2,1435.7,71785.0,1.0,3.9225263157894736,71785.0,98618.33333333333,Above Target,Eligible
2026-09-01,P0069,ClinicA,Dermatology,0.75,263000,255,162.1,31923.03,216.13333333333333,196.93417643429981,99.0,79.3,71.3,79.8,243.75,219.375,-81.65,0.0,0.0,1.1,0.665025641025641,0.0,21916.666666666668,Below Threshold,Below Threshold
2026-09-01,P0070,Clinic C,Primary Care,0.75,220000,215,355.65,34027.87,474.2,95.67796991424154,70.8,77.5,56.8,62.1,262.5,236.25,93.14999999999998,119.39999999999998,5969.999999999999,0.9,1.3548571428571428,5372.999999999999,23706.333333333332,Above Target,Eligible
2026-09-01,P0071,Clinic B,Dermatology,1.0,270000,318,198.0,39099.69,198.0,197.47318181818184,83.5,90.1,83.0,91.0,325.0,292.5,-127.0,0.0,0.0,1.0,0.6092307692307692,0.0,22500.0,Below Threshold,Below Threshold
2026-09-01,P0072,Clinic B,Dermatology,1.0,324000,312,197.39999999999998,39028.28,197.39999999999998,197.71165146909829,78.4,92.5,76.0,82.5,325.0,292.5,-127.60000000000002,0.0,0.0,0.9,0.6073846153846153,0.0,27000.0,Below Threshold,Below Threshold
2026-09-01,P0073,ClinicA,OBGYN,0.75,342000,240,1541.69,294018.44,2055.5866666666666,190.71177733526196,76.8,96.8,96.9,76.1,281.25,253.125,1260.44,1288.565,64428.25,0.9,5.4815644444444445,57985.425,86485.425,Above Target,Eligible
2026-09-01,P0074,Clinic B,Primary Care,1.0,219000,324,544.54,51619.49,544.54,94.79467073125942,78.9,82.6,75.1,89.3,350.0,315.0,194.53999999999996,229.53999999999996,11476.999999999998,0.9,1.5558285714285713,10329.3,28579.3,Above Target,Eligible
2026-09-01,P0075,Clinic B,Pediatrics,1.0,197000,328,296.51,27617.85,296.51,93.1430643148629,85.7,76.8,87.6,81.8,300.0,270.0,-3.490000000000009,26.50999999999999,1325.4999999999995,1.0,0.9883666666666666,1325.4999999999995,17742.166666666668,At / Near Target,Eligible
2026-09-01,P0076,Clinic B,Dermatology,0.5,306000,174,110.39999999999999,21659.88,220.79999999999998,196.19456521739133,84.4,98.1,78.3,78.3,162.5,146.25,-52.10000000000001,0.0,0.0,1.0,0.6793846153846154,0.0,25500.0,Below Threshold,Below Threshold
2026-09-01,P0077,Clinic B,Cardiology,0.75,297000,283,244.95,64825.659999999996,326.59999999999997,264.64854051847317,78.6,79.1,74.5,97.7,337.5,303.75,-92.55000000000001,0.0,0.0,0.9,0.7257777777777777,0.0,24750.0,Below Threshold,Below Threshold
2026-09-01,P0078,Clinic B,OBGYN,1.0,306000,353,2406.12,461065.52,2406.12,191.6219972403704,82.9,79.4,76.2,80.5,375.0,337.5,2031.12,2068.62,103431.0,1.0,6.41632,103431.0,128931.0,Above Target,Eligible
2026-09-01,P0079,Clinic B,Cardiology,1.0,336000,321,219.49,59439.79,219.49,270.80864731878444,96.2,82.5,79.9,87.9,450.0,405.0,-230.51,0.0,0.0,1.1,0.48775555555555555,0.0,28000.0,Below Threshold,Below Threshold
2026-09-01,P0080,Clinic B,General Surgery,0.5,316000,160,714.46,106462.39,1428.92,149.01098731909414,86.5,89.7,81.8,82.2,212.5,191.25,501.96000000000004,523.21,26160.5,1.0,3.362164705882353,26160.5,52493.83333333333,Above Target,Eligible
2026-10-01,P0001,Clinic D,Primary Care,1.0,242000,306,526.13,49437.47,526.13,93.96436241993425,80.6,93.5,66.8,84.3,350.0,315.0,176.13,211.13,10556.5,1.0,1.5032285714285714,10556.5,30723.166666666668,Above Target,Eligible
2026-10-01,P0002,Clinic C,Primary Care,0.5,249000,163,277.93,26311.84,555.86,94.67074443205124,92.6,91.1,77.9,88.7,175.0,157.5,102.93,120.43,6021.5,1.1,1.5881714285714286,6623.650000000001,27373.65,Above Target,Eligible
2026-10-01,P0003,Clinic C,OBGYN,1.0,254000,318,1954.6100000000001,369487.25,1954.6100000000001,189.03374586234594,61.5,94.2,85.0,92.5,375.0,337.5,1579.6100000000001,1617.1100000000001,80855.5,0.75,5.212293333333334,60641.625,81808.29166666667,Above Target,Eligible
2026-10-01,P0004,Clinic B,OBGYN,1.0,342000,359,2363.76,450908.48,2363.76,190.75899414492162,79.9,91.0,74.1,75.6,375.0,337.5,1988.7600000000002,2026.2600000000002,101313.00000000001,0.9,6.3033600000000005,91181.70000000001,119681.70000000001,Above Target,Eligible
2026-10-01,P0005,Clinic B,OBGYN,1.0,289000,305,1998.21,379340.45,1998.21,189.84013191806667,85.1,92.7,71.0,81.8,375.0,337.5,1623.21,1660.71,83035.5,1.0,5.32856,83035.5,107118.83333333333,Above Target,Eligible
2026-10-01,P0006,ClinicA,Pediatrics,1.0,184000,331,302.16,28094.63,302.16,92.97931559438707,73.1,82.2,85.4,99.0,300.0,270.0,2.160000000000025,32.160000000000025,1608.0000000000014,0.9,1.0072,1447.2000000000012,16780.533333333336,Above Target,Eligible
2026-10-01,P0007,Clinic B,Dermatology,1.0,326000,322,202.2,39971.59,202.2,197.68343224530167,99.0,85.5,64.0,84.7,325.0,292.5,-122.80000000000001,0.0,0.0,1.1,0.6221538461538462,0.0,27166.666666666668,Below Threshold,Below Threshold
2026-10-01,P0008,ClinicA,General Surgery,1.0,434000,333,1700.47,263734.71,1700.47,155.0951854487289,88.5,86.2,83.0,78.7,425.0,382.5,1275.47,1317.97,65898.5,1.0,4.001105882352941,65898.5,102065.16666666666,Above Target,Eligible
2026-10-01,P0009,Clinic B,General Surgery,0.75,370000,276,1424.84,219238.86000000002,1899.7866666666666,153.86910811038433,70.8,80.6,53.5,71.1,318.75,286.875,1106.09,1137.965,56898.24999999999,0.9,4.470086274509804,51208.424999999996,82041.75833333333,Above Target,Eligible
2026-10-01,P0010,ClinicA,Pediatrics,0.75,221000,258,207.14,19954.5,276.18666666666667,96.33339770203727,87.0,85.1,75.5,84.8,225.0,202.5,-17.860000000000014,4.639999999999986,231.99999999999932,1.0,0.9206222222222221,231.99999999999932,18648.666666666668,At / Near Target,Eligible
2026-10-01,P0011,Clinic B,Dermatology,1.0,283000,312,195.39999999999998,38628.15,195.39999999999998,197.68756397134086,79.8,75.5,88.8,92.3,325.0,292.5,-129.60000000000002,0.0,0.0,0.9,0.6012307692307691,0.0,23583.333333333332,Below Threshold,Below Threshold
2026-10-01,P0012,ClinicA,Dermatology,1.0,269000,352,221.6,43744.59,221.6,197.40338447653428,76.4,86.4,72.0,77.8,325.0,292.5,-103.4,0.0,0.0,0.9,0.6818461538461539,0.0,22416.666666666668,Below Threshold,Below Threshold
2026-10-01,P0013,ClinicA,Pediatrics,1.0,194000,316,253.81,24488.51,253.81,96.48362948662384,86.5,92.6,88.4,91.4,300.0,270.0,-46.19,0.0,0.0,1.0,0.8460333333333333,0.0,16166.666666666666,Below Threshold,Below Threshold
2026-10-01,P0014,Clinic B,Pediatrics,1.0,230000,313,272.96,25747.21,272.96,94.32594519343493,82.5,85.0,72.5,90.6,300.0,270.0,-27.04000000000002,2.9599999999999795,147.99999999999898,1.0,0.9098666666666666,147.99999999999898,19314.666666666668,At / Near Target,Eligible
2026-10-01,P0015,Clinic B,General Surgery,1.0,425000,295,1539.57,238918.48,1539.57,155.18520106263438,90.0,88.6,71.9,68.4,425.0,382.5,1114.57,1157.07,57853.5,1.1,3.622517647058823,63638.850000000006,99055.51666666666,Above Target,Eligible
2026-10-01,P0016,Clinic B,Pediatrics,1.0,197000,321,258.4,24969.12,258.4,96.6297213622291,95.3,82.3,77.7,76.2,300.0,270.0,-41.60000000000002,0.0,0.0,1.1,0.8613333333333333,0.0,16416.666666666668,Below Threshold,Below Threshold
2026-10-01,P0017,Clinic B,Cardiology,0.75,304000,260,198.48,53316.7,264.64,268.6250503829101,82.8,91.3,72.6,78.5,337.5,303.75,-139.02,0.0,0.0,1.0,0.5880888888888889,0.0,25333.333333333332,Below Threshold,Below Threshold
2026-10-01,P0018,ClinicA,OBGYN,1.0,313000,337,2149.7,410571.08,2149.7,190.98994278271388,98.6,80.2,71.9,99.0,375.0,337.5,1774.6999999999998,1812.1999999999998,90609.99999999999,1.1,5.732533333333333,99670.99999999999,125754.33333333331,Above Target,Eligible
2026-10-01,P0019,Clinic B,Pediatrics,1.0,208000,302,256.55,24401.65,256.55,95.11459754433834,91.5,90.6,80.4,85.1,300.0,270.0,-43.44999999999999,0.0,0.0,1.1,0.8551666666666667,0.0,17333.333333333332,Below Threshold,Below Threshold
2026-10-01,P0020,Clinic B,Pediatrics,0.75,187000,248,197.26,19074.2,263.0133333333333,96.69573152184934,84.6,83.7,74.3,92.4,225.0,202.5,-27.74000000000001,0.0,0.0,1.0,0.8767111111111111,0.0,15583.333333333334,Below Threshold,Below Threshold
2026-10-01,P0021,Clinic B,Pediatrics,1.0,214000,309,249.93,24031.05,249.93,96.15112231424798,84.6,78.7,84.3,68.9,300.0,270.0,-50.06999999999999,0.0,0.0,1.0,0.8331000000000001,0.0,17833.333333333332,Below Threshold,Below Threshold
2026-10-01,P0022,Clinic D,Primary Care,1.0,223000,351,592.83,55802.9,592.83,94.1296830457298,84.3,92.8,81.6,87.8,350.0,315.0,242.83000000000004,277.83000000000004,13891.500000000002,1.0,1.6938000000000002,13891.500000000002,32474.833333333336,Above Target,Eligible
2026-10-01,P0023,Clinic C,Primary Care,1.0,192000,333,551.96,52298.44,551.96,94.75041669686209,83.1,75.4,68.1,96.1,350.0,315.0,201.96000000000004,236.96000000000004,11848.000000000002,1.0,1.5770285714285714,11848.000000000002,27848.0,Above Target,Eligible
2026-10-01,P0024,ClinicA,Orthopedics,0.75,361000,276,2006.4,358876.44,2675.2000000000003,178.86584928229664,85.2,82.2,85.5,83.8,356.25,320.625,1650.15,1685.775,84288.75,1.0,5.632000000000001,84288.75,114372.08333333333,Above Target,Eligible
2026-10-01,P0025,Clinic B,Dermatology,0.75,256000,274,170.6,33668.12,227.46666666666667,197.3512309495897,86.6,92.5,85.1,90.5,243.75,219.375,-73.15,0.0,0.0,1.0,0.6998974358974359,0.0,21333.333333333332,Below Threshold,Below Threshold
2026-10-01,P0026,ClinicA,OBGYN,0.75,313000,241,1574.78,300388.91,2099.7066666666665,190.7497618714995,83.4,82.7,70.4,75.8,281.25,253.125,1293.53,1321.655,66082.75,1.0,5.599217777777778,66082.75,92166.08333333333,Above Target,Eligible
2026-10-01,P0027,Clinic C,Primary Care,1.0,230000,309,505.56,48507.26,505.56,95.94758287839228,78.4,91.3,74.1,94.9,350.0,315.0,155.56,190.56,9528.0,0.9,1.4444571428571429,8575.2,27741.86666666667,Above Target,Eligible
2026-10-01,P0028,ClinicA,Orthopedics,1.0,325000,315,1941.6,354641.81,1941.6,182.6544138854553,90.4,90.8,73.0,79.6,475.0,427.5,1466.6,1514.1,75705.0,1.1,4.087578947368421,83275.5,110358.83333333333,Above Target,Eligible
2026-10-01,P0029,ClinicA,Orthopedics,0.5,408000,164,1072.0,193505.66,2144.0,180.50901119402985,83.6,88.3,81.6,76.7,237.5,213.75,834.5,858.25,42912.5,1.0,4.513684210526316,42912.5,76912.5,Above Target,Eligible
2026-10-01,P0030,ClinicA,General Surgery,0.75,375000,223,1133.22,175309.68,1510.96,154.70048181288715,79.8,87.1,82.5,91.0,318.75,286.875,814.47,846.345,42317.25,0.9,3.5552,38085.525,69335.525,Above Target,Eligible
2026-10-01,P0031,ClinicA,Dermatology,1.0,295000,354,224.39999999999998,44449.84,224.39999999999998,198.0830659536542,80.8,85.4,71.8,95.9,325.0,292.5,-100.60000000000002,0.0,0.0,1.0,0.6904615384615383,0.0,24583.333333333332,Below Threshold,Below Threshold
2026-10-01,P0032,ClinicA,Cardiology,1.0,356000,315,239.75,64381.39,239.75,268.53551616266947,69.1,84.5,80.0,83.4,450.0,405.0,-210.25,0.0,0.0,0.75,0.5327777777777778,0.0,29666.666666666668,Below Threshold,Below Threshold
2026-10-01,P0033,ClinicA,General Surgery,0.5,318000,160,808.73,124261.27,1617.46,153.64988315012428,83.7,92.6,75.4,78.9,212.5,191.25,596.23,617.48,30874.0,1.0,3.8057882352941177,30874.0,57374.0,Above Target,Eligible
2026-10-01,P0034,Clinic B,Orthopedics,1.0,405000,327,2220.0,400686.22,2220.0,180.48928828828826,68.9,90.0,89.2,77.6,475.0,427.5,1745.0,1792.5,89625.0,0.75,4.673684210526316,67218.75,100968.75,Above Target,Eligible
2026-10-01,P0035,ClinicA,Pediatrics,1.0,227000,370,329.42,30949.81,329.42,93.95243154635419,90.2,85.8,87.0,83.8,300.0,270.0,29.420000000000016,59.420000000000016,2971.000000000001,1.1,1.0980666666666667,3268.1000000000013,22184.76666666667,Above Target,Eligible
2026-10-01,P0036,Clinic B,Cardiology,1.0,313000,321,243.43,65308.35,243.43,268.2839009160744,93.6,94.8,81.9,90.5,450.0,405.0,-206.57,0.0,0.0,1.1,0.5409555555555555,0.0,26083.333333333332,Below Threshold,Below Threshold
2026-10-01,P0037,ClinicA,Primary Care,1.0,217000,337,564.39,53546.23,564.39,94.87451939261858,86.5,85.9,79.8,93.1,350.0,315.0,214.39,249.39,12469.5,1.0,1.612542857142857,12469.5,30552.833333333332,Above Target,Eligible
2026-10-01,P0038,ClinicA,General Surgery,1.0,387000,336,1827.74,287542.65,1827.74,157.32141880136126,84.3,80.4,73.1,73.2,425.0,382.5,1402.74,1445.24,72262.0,1.0,4.300564705882353,72262.0,104512.0,Above Target,Eligible
2026-10-01,P0039,ClinicA,Pediatrics,1.0,226000,330,306.66,28444.85,306.66,92.7569621078719,78.2,83.1,80.6,74.5,300.0,270.0,6.660000000000025,36.660000000000025,1833.0000000000014,0.9,1.0222,1649.7000000000012,20483.033333333333,Above Target,Eligible
2026-10-01,P0040,Clinic B,Pediatrics,1.0,218000,360,311.24,29301.83,311.24,94.14545045623956,75.4,77.0,91.8,64.7,300.0,270.0,11.240000000000009,41.24000000000001,2062.0000000000005,0.9,1.0374666666666668,1855.8000000000004,20022.466666666667,Above Target,Eligible
2026-10-01,P0041,Clinic C,Primary Care,1.0,195000,318,541.85,51199.53,541.85,94.49022792285687,83.9,80.5,75.9,77.8,350.0,315.0,191.85000000000002,226.85000000000002,11342.500000000002,1.0,1.5481428571428573,11342.500000000002,27592.5,Above Target,Eligible
2026-10-01,P0042,Clinic B,OBGYN,0.5,294000,166,1084.47,206351.87,2168.94,190.27900264645402,85.0,90.7,78.1,87.1,187.5,168.75,896.97,915.72,45786.0,1.0,5.7838400000000005,45786.0,70286.0,Above Target,Eligible
2026-10-01,P0043,ClinicA,Cardiology,0.75,292000,227,168.93,45321.33,225.24,268.28467412537736,77.2,96.1,64.5,80.0,337.5,303.75,-168.57,0.0,0.0,0.9,0.5005333333333334,0.0,24333.333333333332,Below Threshold,Below Threshold
2026-10-01,P0044,Clinic B,Cardiology,0.75,391000,257,223.24,58752.13,297.65333333333336,263.1792241533775,67.8,87.1,62.4,65.7,337.5,303.75,-114.25999999999999,0.0,0.0,0.75,0.6614518518518518,0.0,32583.333333333332,Below Threshold,Below Threshold
2026-10-01,P0045,Clinic B,Dermatology,1.0,309000,341,212.89999999999998,41887.86,212.89999999999998,196.74899013621422,92.0,83.3,81.1,82.8,325.0,292.5,-112.10000000000002,0.0,0.0,1.1,0.655076923076923,0.0,25750.0,Below Threshold,Below Threshold
2026-10-01,P0046,ClinicA,Orthopedics,1.0,372000,372,2601.6,470339.7,2601.6,180.78863007380076,87.7,91.7,75.1,85.8,475.0,427.5,2126.6,2174.1,108705.0,1.0,5.477052631578947,108705.0,139705.0,Above Target,Eligible
2026-10-01,P0047,Clinic B,Pediatrics,0.5,209000,186,147.77,14393.72,295.54,97.4062394261352,76.6,92.8,80.2,83.5,150.0,135.0,-2.2299999999999898,12.77000000000001,638.5000000000005,0.9,0.9851333333333334,574.6500000000004,17991.31666666667,At / Near Target,Eligible
2026-10-01,P0048,ClinicA,General Surgery,1.0,386000,349,1816.48,283753.39,1816.48,156.2105776006342,63.5,83.3,88.5,76.6,425.0,382.5,1391.48,1433.98,71699.0,0.75,4.274070588235294,53774.25,85940.91666666667,Above Target,Eligible
2026-10-01,P0049,ClinicA,Pediatrics,0.75,200000,219,174.76,16679.43,233.01333333333332,95.44192034790571,85.7,84.8,78.7,82.4,225.0,202.5,-50.24000000000001,0.0,0.0,1.0,0.776711111111111,0.0,16666.666666666668,Below Threshold,Below Threshold
2026-10-01,P0050,Clinic B,Pediatrics,1.0,181000,326,270.48,25900.59,270.48,95.75787488908607,85.5,95.6,78.5,84.7,300.0,270.0,-29.519999999999982,0.4800000000000182,24.00000000000091,1.0,0.9016000000000001,24.00000000000091,15107.333333333336,At / Near Target,Eligible
2026-10-01,P0051,Clinic B,Orthopedics,1.0,321000,307,2069.6,375488.86,2069.6,181.43064360262852,88.5,88.6,87.8,74.7,475.0,427.5,1594.6,1642.1,82105.0,1.0,4.357052631578947,82105.0,108855.0,Above Target,Eligible
2026-10-01,P0052,Clinic B,Orthopedics,0.75,401000,246,1579.2,286827.08,2105.6,181.62809017223913,81.3,94.2,70.1,76.9,356.25,320.625,1222.95,1258.575,62928.75,1.0,4.432842105263158,62928.75,96345.41666666666,Above Target,Eligible
2026-10-01,P0053,Clinic B,Primary Care,1.0,234000,301,509.66,47928.75,509.66,94.04063493309265,90.4,92.4,72.5,81.7,350.0,315.0,159.66000000000003,194.66000000000003,9733.000000000002,1.1,1.4561714285714287,10706.300000000003,30206.300000000003,Above Target,Eligible
2026-10-01,P0054,Clinic B,Dermatology,0.75,342000,228,142.4,28071.57,189.86666666666667,197.1318117977528,73.0,85.6,82.3,70.3,243.75,219.375,-101.35,0.0,0.0,0.9,0.5842051282051283,0.0,28500.0,Below Threshold,Below Threshold
2026-10-01,P0055,ClinicA,Dermatology,0.5,305000,181,115.1,22682.05,230.2,197.06385751520418,84.0,89.2,69.8,82.2,162.5,146.25,-47.400000000000006,0.0,0.0,1.0,0.7083076923076923,0.0,25416.666666666668,Below Threshold,Below Threshold
2026-10-01,P0056,ClinicA,Pediatrics,1.0,228000,302,245.07,23528.74,245.07,96.00824254294692,88.3,77.8,69.3,66.6,300.0,270.0,-54.93000000000001,0.0,0.0,1.0,0.8169,0.0,19000.0,Below Threshold,Below Threshold
2026-10-01,P0057,ClinicA,Dermatology,1.0,279000,307,192.89999999999998,37946.91,192.89999999999998,196.71804043545882,96.4,84.7,74.7,66.9,325.0,292.5,-132.10000000000002,0.0,0.0,1.1,0.5935384615384615,0.0,23250.0,Below Threshold,Below Threshold
2026-10-01,P0058,Clinic B,General Surgery,0.75,440000,256,1264.83,192401.35,1686.4399999999998,152.11637137006556,84.5,93.9,77.5,89.9,318.75,286.875,946.0799999999999,977.9549999999999,48897.75,1.0,3.9680941176470585,48897.75,85564.41666666666,Above Target,Eligible
2026-10-01,P0059,ClinicA,Cardiology,0.5,332000,152,110.96,29623.95,221.92,266.97864095169433,88.8,91.5,84.0,87.5,225.0,202.5,-114.04,0.0,0.0,1.0,0.4931555555555555,0.0,27666.666666666668,Below Threshold,Below Threshold
2026-10-01,P0060,Clinic B,Dermatology,1.0,325000,352,221.2,43777.37,221.2,197.9085443037975,74.5,87.1,68.3,92.5,325.0,292.5,-103.80000000000001,0.0,0.0,0.9,0.6806153846153846,0.0,27083.333333333332,Below Threshold,Below Threshold
2026-10-01,P0061,Clinic C,OBGYN,1.0,297000,335,2220.03,424198.34,2220.03,191.07775120156035,80.4,90.8,72.9,93.3,375.0,337.5,1845.0300000000002,1882.5300000000002,94126.50000000001,1.0,5.9200800000000005,94126.50000000001,118876.50000000001,Above Target,Eligible
2026-10-01,P0062,ClinicA,Pediatrics,1.0,220000,326,270.57,25860.71,270.57,95.5786302989984,78.8,84.4,67.7,75.7,300.0,270.0,-29.430000000000007,0.5699999999999932,28.49999999999966,0.9,0.9018999999999999,25.649999999999693,18358.983333333334,At / Near Target,Eligible
2026-10-01,P0063,ClinicA,Orthopedics,0.5,412000,188,1456.0,261266.6,2912.0,179.44134615384615,77.7,83.0,90.1,93.6,237.5,213.75,1218.5,1242.25,62112.5,0.9,6.130526315789473,55901.25,90234.58333333334,Above Target,Eligible
2026-10-01,P0064,ClinicA,Orthopedics,1.0,336000,334,2014.4,367776.67,2014.4,182.57380361397932,94.4,85.5,88.7,93.2,475.0,427.5,1539.4,1586.9,79345.0,1.1,4.240842105263158,87279.5,115279.5,Above Target,Eligible
2026-10-01,P0065,ClinicA,Primary Care,1.0,199000,329,541.49,51391.78,541.49,94.90808694528062,82.4,86.9,85.4,99.0,350.0,315.0,191.49,226.49,11324.5,1.0,1.5471142857142857,11324.5,27907.833333333332,Above Target,Eligible
2026-10-01,P0066,ClinicA,OBGYN,1.0,336000,315,2080.18,397324.32,2080.18,191.00477843263565,92.4,93.1,75.6,72.7,375.0,337.5,1705.1799999999998,1742.6799999999998,87133.99999999999,1.1,5.5471466666666664,95847.4,123847.4,Above Target,Eligible
2026-10-01,P0067,ClinicA,Primary Care,1.0,237000,358,601.13,56949.17,601.13,94.7368622427761,85.6,96.3,90.1,91.9,350.0,315.0,251.13,286.13,14306.5,1.0,1.7175142857142858,14306.5,34056.5,Above Target,Eligible
2026-10-01,P0068,Clinic B,Orthopedics,1.0,322000,385,2458.4,446134.09,2458.4,181.47335258704848,77.4,98.3,64.8,79.3,475.0,427.5,1983.4,2030.9,101545.0,0.9,5.175578947368421,91390.5,118223.83333333333,Above Target,Eligible
2026-10-01,P0069,ClinicA,Dermatology,0.75,263000,261,165.5,32691.47,220.66666666666666,197.5315407854985,88.7,86.3,67.1,78.2,243.75,219.375,-78.25,0.0,0.0,1.0,0.678974358974359,0.0,21916.666666666668,Below Threshold,Below Threshold
2026-10-01,P0070,Clinic C,Primary Care,0.75,220000,241,400.6,38192.97,534.1333333333333,95.33941587618573,75.4,90.2,86.1,99.0,262.5,236.25,138.10000000000002,164.35000000000002,8217.500000000002,0.9,1.5260952380952382,7395.750000000002,25729.083333333336,Above Target,Eligible
2026-10-01,P0071,Clinic B,Dermatology,1.0,270000,351,220.5,43520.52,220.5,197.37197278911563,85.6,84.3,84.3,81.7,325.0,292.5,-104.5,0.0,0.0,1.0,0.6784615384615384,0.0,22500.0,Below Threshold,Below Threshold
2026-10-01,P0072,Clinic B,Dermatology,1.0,324000,349,218.1,42897.27,218.1,196.68624484181566,86.9,82.3,67.9,86.5,325.0,292.5,-106.9,0.0,0.0,1.0,0.671076923076923,0.0,27000.0,Below Threshold,Below Threshold
2026-10-01,P0073,ClinicA,OBGYN,0.75,342000,221,1459.02,277583.87,1945.36,190.25364285616374,94.6,84.4,83.5,79.1,281.25,253.125,1177.77,1205.895,60294.75,1.1,5.187626666666667,66324.225,94824.225,Above Target,Eligible
2026-10-01,P0074,Clinic B,Primary Care,1.0,219000,329,538.9,51145.62,538.9,94.90744108368901,91.8,87.6,83.5,84.5,350.0,315.0,188.89999999999998,223.89999999999998,11194.999999999998,1.1,1.5397142857142856,12314.499999999998,30564.5,Above Target,Eligible
2026-10-01,P0075,Clinic B,Pediatrics,1.0,197000,327,277.36,26413.77,277.36,95.23280213441015,84.8,91.3,77.2,99.0,300.0,270.0,-22.639999999999986,7.360000000000014,368.0000000000007,1.0,0.9245333333333334,368.0000000000007,16784.666666666668,At / Near Target,Eligible
2026-10-01,P0076,Clinic B,Dermatology,0.5,306000,195,124.69999999999999,24633.38,249.39999999999998,197.54113873295913,92.7,86.6,77.7,91.1,162.5,146.25,-37.80000000000001,0.0,0.0,1.1,0.7673846153846153,0.0,25500.0,Below Threshold,Below Threshold
2026-10-01,P0077,Clinic B,Cardiology,0.75,297000,273,207.34,55738.81,276.4533333333333,268.82806019099064,85.5,99.0,84.9,76.4,337.5,303.75,-130.16,0.0,0.0,1.0,0.6143407407407407,0.0,24750.0,Below Threshold,Below Threshold
2026-10-01,P0078,Clinic B,OBGYN,1.0,306000,319,2172.39,415417.44,2172.39,191.22599533232983,71.9,89.5,77.0,57.7,375.0,337.5,1797.3899999999999,1834.8899999999999,91744.5,0.9,5.7930399999999995,82570.05,108070.05,Above Target,Eligible
2026-10-01,P0079,Clinic B,Cardiology,1.0,336000,348,259.99,69667.31,259.99,267.9614985191738,88.6,87.3,80.9,99.0,450.0,405.0,-190.01,0.0,0.0,1.0,0.5777555555555556,0.0,28000.0,Below Threshold,Below Threshold
2026-10-01,P0080,Clinic B,General Surgery,0.5,316000,176,864.75,131350.02,1729.5,151.8936339982654,85.2,91.1,65.7,66.6,212.5,191.25,652.25,673.5,33675.0,1.0,4.069411764705882,33675.0,60008.33333333333,Above Target,Eligible
2026-11-01,P0001,Clinic D,Primary Care,1.0,242000,321,561.8,52535.65,561.8,93.51308294766822,85.8,87.7,78.4,92.8,350.0,315.0,211.79999999999995,246.79999999999995,12339.999999999998,1.0,1.605142857142857,12339.999999999998,32506.666666666664,Above Target,Eligible
2026-11-01,P0002,Clinic C,Primary Care,0.5,249000,182,298.19,28230.26,596.38,94.67205473020557,94.2,93.2,75.1,76.2,175.0,157.5,123.19,140.69,7034.5,1.1,1.7039428571428572,7737.950000000001,28487.95,Above Target,Eligible
2026-11-01,P0003,Clinic C,OBGYN,1.0,254000,328,2229.3,425408.85,2229.3,190.82620104965682,69.8,82.8,80.8,85.4,375.0,337.5,1854.3000000000002,1891.8000000000002,94590.00000000001,0.75,5.944800000000001,70942.50000000001,92109.16666666669,Above Target,Eligible
2026-11-01,P0004,Clinic B,OBGYN,1.0,342000,327,2172.12,415573.91,2172.12,191.32180082131742,77.8,85.9,61.5,94.3,375.0,337.5,1797.12,1834.62,91731.0,0.9,5.79232,82557.90000000001,111057.90000000001,Above Target,Eligible
2026-11-01,P0005,Clinic B,OBGYN,1.0,289000,315,2080.18,396612.61,2080.18,190.66263977155825,75.1,96.0,73.4,85.3,375.0,337.5,1705.1799999999998,1742.6799999999998,87133.99999999999,0.9,5.5471466666666664,78420.59999999999,102503.93333333332,Above Target,Eligible
2026-11-01,P0006,ClinicA,Pediatrics,1.0,184000,340,265.01,25761.98,265.01,97.2113505150749,80.2,78.2,71.8,88.2,300.0,270.0,-34.99000000000001,0.0,0.0,1.0,0.8833666666666666,0.0,15333.333333333334,Below Threshold,Below Threshold
2026-11-01,P0007,Clinic B,Dermatology,1.0,326000,354,223.6,44099.27,223.6,197.2239266547406,86.5,88.4,89.3,85.2,325.0,292.5,-101.4,0.0,0.0,1.0,0.688,0.0,27166.666666666668,Below Threshold,Below Threshold
2026-11-01,P0008,ClinicA,General Surgery,1.0,434000,309,1625.01,253898.81,1625.01,156.2444600340921,87.5,89.9,69.1,70.5,425.0,382.5,1200.01,1242.51,62125.5,1.0,3.8235529411764704,62125.5,98292.16666666666,Above Target,Eligible
2026-11-01,P0009,Clinic B,General Surgery,0.75,370000,255,1210.98,183010.28,1614.64,151.12576590860294,78.6,90.7,67.0,91.1,318.75,286.875,892.23,924.105,46205.25,0.9,3.799152941176471,41584.725,72418.05833333333,Above Target,Eligible
2026-11-01,P0010,ClinicA,Pediatrics,0.75,221000,251,206.88,19895.829999999998,275.84,96.17087200309358,84.1,92.7,70.2,80.3,225.0,202.5,-18.120000000000005,4.3799999999999955,218.99999999999977,1.0,0.9194666666666667,218.99999999999977,18635.666666666668,At / Near Target,Eligible
2026-11-01,P0011,Clinic B,Dermatology,1.0,283000,347,219.7,43488.61,219.7,197.94542558033683,55.6,92.3,70.3,72.7,325.0,292.5,-105.30000000000001,0.0,0.0,0.75,0.6759999999999999,0.0,23583.333333333332,Below Threshold,Below Threshold
2026-11-01,P0012,ClinicA,Dermatology,1.0,269000,295,188.1,37145.15,188.1,197.47554492291337,83.2,87.5,68.1,93.7,325.0,292.5,-136.9,0.0,0.0,1.0,0.5787692307692307,0.0,22416.666666666668,Below Threshold,Below Threshold
2026-11-01,P0013,ClinicA,Pediatrics,1.0,194000,297,246.4,23472.82,246.4,95.26306818181818,73.4,84.5,92.7,62.3,300.0,270.0,-53.599999999999994,0.0,0.0,0.9,0.8213333333333334,0.0,16166.666666666666,Below Threshold,Below Threshold
2026-11-01,P0014,Clinic B,Pediatrics,1.0,230000,295,249.49,23664.36,249.49,94.85093590925487,78.0,85.8,79.3,87.9,300.0,270.0,-50.50999999999999,0.0,0.0,0.9,0.8316333333333333,0.0,19166.666666666668,Below Threshold,Below Threshold
2026-11-01,P0015,Clinic B,General Surgery,1.0,425000,304,1510.02,231297.73,1510.02,153.17527582416128,83.5,91.0,73.3,90.8,425.0,382.5,1085.02,1127.52,56376.0,1.0,3.5529882352941176,56376.0,91792.66666666666,Above Target,Eligible
2026-11-01,P0016,Clinic B,Pediatrics,1.0,197000,330,287.34,27192.58,287.34,94.63555369945014,80.3,87.3,79.6,92.1,300.0,270.0,-12.660000000000025,17.339999999999975,866.9999999999987,1.0,0.9577999999999999,866.9999999999987,17283.666666666668,At / Near Target,Eligible
2026-11-01,P0017,Clinic B,Cardiology,0.75,304000,233,176.6,47366.12,235.46666666666667,268.2113250283126,86.2,88.8,48.1,88.9,337.5,303.75,-160.9,0.0,0.0,1.0,0.5232592592592592,0.0,25333.333333333332,Below Threshold,Below Threshold
2026-11-01,P0018,ClinicA,OBGYN,1.0,313000,292,1953.48,372893.34,1953.48,190.88669451440506,97.4,79.7,77.7,89.2,375.0,337.5,1578.48,1615.98,80799.0,1.1,5.20928,88878.90000000001,114962.23333333334,Above Target,Eligible
2026-11-01,P0019,Clinic B,Pediatrics,1.0,208000,302,256.98,24297.95,256.98,94.55191065452564,92.6,94.2,75.7,83.4,300.0,270.0,-43.01999999999998,0.0,0.0,1.1,0.8566,0.0,17333.333333333332,Below Threshold,Below Threshold
2026-11-01,P0020,Clinic B,Pediatrics,0.75,187000,233,185.88,17992.87,247.84,96.7983107381106,81.4,89.5,68.0,86.8,225.0,202.5,-39.120000000000005,0.0,0.0,1.0,0.8261333333333333,0.0,15583.333333333334,Below Threshold,Below Threshold
2026-11-01,P0021,Clinic B,Pediatrics,1.0,214000,291,256.71999999999997,23984.95,256.71999999999997,93.4284434403241,73.8,84.4,71.5,84.5,300.0,270.0,-43.28000000000003,0.0,0.0,0.9,0.8557333333333332,0.0,17833.333333333332,Below Threshold,Below Threshold
2026-11-01,P0022,Clinic D,Primary Care,1.0,223000,342,592.46,55643.44,592.46,93.91931944772642,68.9,93.8,88.4,80.6,350.0,315.0,242.46000000000004,277.46000000000004,13873.000000000002,0.75,1.6927428571428573,10404.750000000002,28988.083333333336,Above Target,Eligible
2026-11-01,P0023,Clinic C,Primary Care,1.0,192000,322,555.6,52337.18,555.6,94.19938804895608,94.2,94.0,93.8,83.1,350.0,315.0,205.60000000000002,240.60000000000002,12030.000000000002,1.1,1.5874285714285714,13233.000000000004,29233.000000000004,Above Target,Eligible
2026-11-01,P0024,ClinicA,Orthopedics,0.75,361000,240,1382.4,253838.3,1843.2,183.62145543981478,74.1,89.6,86.1,94.9,356.25,320.625,1026.15,1061.775,53088.75000000001,0.9,3.880421052631579,47779.87500000001,77863.20833333334,Above Target,Eligible
2026-11-01,P0025,Clinic B,Dermatology,0.75,256000,244,156.4,30741.29,208.53333333333333,196.55556265984654,83.3,92.8,72.2,99.0,243.75,219.375,-87.35,0.0,0.0,1.0,0.6416410256410257,0.0,21333.333333333332,Below Threshold,Below Threshold
2026-11-01,P0026,ClinicA,OBGYN,0.75,313000,233,1502.78,286693.21,2003.7066666666667,190.77523656157257,83.6,84.5,66.8,83.4,281.25,253.125,1221.53,1249.655,62482.75,1.0,5.343217777777777,62482.75,88566.08333333333,Above Target,Eligible
2026-11-01,P0027,Clinic C,Primary Care,1.0,230000,322,506.5,48575.87,506.5,95.90497532082922,78.4,82.1,75.7,97.0,350.0,315.0,156.5,191.5,9575.0,0.9,1.447142857142857,8617.5,27784.166666666668,Above Target,Eligible
2026-11-01,P0028,ClinicA,Orthopedics,1.0,325000,290,2094.4,374053.86,2094.4,178.5971447669977,82.0,89.7,86.4,99.0,475.0,427.5,1619.4,1666.9,83345.0,1.0,4.409263157894737,83345.0,110428.33333333333,Above Target,Eligible
2026-11-01,P0029,ClinicA,Orthopedics,0.5,408000,154,987.2,179092.43,1974.4,181.4145360615883,88.1,79.9,80.4,79.7,237.5,213.75,749.7,773.45,38672.5,1.0,4.156631578947368,38672.5,72672.5,Above Target,Eligible
2026-11-01,P0030,ClinicA,General Surgery,0.75,375000,237,1252.94,195469.13,1670.5866666666668,156.0083723083308,88.9,94.0,79.8,76.7,318.75,286.875,934.19,966.065,48303.25,1.0,3.9307921568627453,48303.25,79553.25,Above Target,Eligible
2026-11-01,P0031,ClinicA,Dermatology,1.0,295000,340,212.79999999999998,41849.37,212.79999999999998,196.6605733082707,84.8,88.4,58.5,64.4,325.0,292.5,-112.20000000000002,0.0,0.0,1.0,0.6547692307692308,0.0,24583.333333333332,Below Threshold,Below Threshold
2026-11-01,P0032,ClinicA,Cardiology,1.0,356000,294,226.87,60802.92,226.87,268.0077577467272,81.4,83.3,65.3,88.2,450.0,405.0,-223.13,0.0,0.0,1.0,0.5041555555555556,0.0,29666.666666666668,Below Threshold,Below Threshold
2026-11-01,P0033,ClinicA,General Surgery,0.5,318000,161,819.73,127003.23,1639.46,154.9330023300355,81.5,88.8,89.8,73.4,212.5,191.25,607.23,628.48,31424.0,1.0,3.8575529411764706,31424.0,57924.0,Above Target,Eligible
2026-11-01,P0034,Clinic B,Orthopedics,1.0,405000,300,2025.6,368717.43,2025.6,182.02874703791468,97.1,81.2,81.4,73.6,475.0,427.5,1550.6,1598.1,79905.0,1.1,4.264421052631579,87895.5,121645.5,Above Target,Eligible
2026-11-01,P0035,ClinicA,Pediatrics,1.0,227000,317,265.99,25364.21,265.99,95.357757810444,84.7,82.4,72.0,83.6,300.0,270.0,-34.00999999999999,0.0,0.0,1.0,0.8866333333333334,0.0,18916.666666666668,Below Threshold,Below Threshold
2026-11-01,P0036,Clinic B,Cardiology,1.0,313000,320,263.21,70595.26,263.21,268.20888264123704,75.7,85.0,76.8,75.1,450.0,405.0,-186.79000000000002,0.0,0.0,0.9,0.584911111111111,0.0,26083.333333333332,Below Threshold,Below Threshold
2026-11-01,P0037,ClinicA,Primary Care,1.0,217000,336,577.76,54464.79,577.76,94.2688832733315,86.5,88.4,74.5,75.0,350.0,315.0,227.76,262.76,13138.0,1.0,1.650742857142857,13138.0,31221.333333333332,Above Target,Eligible
2026-11-01,P0038,ClinicA,General Surgery,1.0,387000,331,1687.04,259711.12,1687.04,153.94485015174507,89.1,93.7,73.3,82.7,425.0,382.5,1262.04,1304.54,65227.0,1.0,3.969505882352941,65227.0,97477.0,Above Target,Eligible
2026-11-01,P0039,ClinicA,Pediatrics,1.0,226000,343,286.18,27206.26,286.18,95.06695087008175,91.2,88.0,76.6,90.1,300.0,270.0,-13.819999999999993,16.180000000000007,809.0000000000003,1.1,0.9539333333333334,889.9000000000004,19723.233333333334,At / Near Target,Eligible
2026-11-01,P0040,Clinic B,Pediatrics,1.0,218000,341,296.24,27947.7,296.24,94.34141236834999,71.6,97.8,71.3,86.8,300.0,270.0,-3.759999999999991,26.24000000000001,1312.0000000000005,0.9,0.9874666666666667,1180.8000000000004,19347.466666666667,At / Near Target,Eligible
2026-11-01,P0041,Clinic C,Primary Care,1.0,195000,308,514.72,48921.84,514.72,95.04553932235001,99.0,90.6,81.9,85.9,350.0,315.0,164.72000000000003,199.72000000000003,9986.000000000002,1.1,1.4706285714285714,10984.600000000002,27234.600000000002,Above Target,Eligible
2026-11-01,P0042,Clinic B,OBGYN,0.5,294000,157,1035.59,200109.9,2071.18,193.2327465502757,70.9,88.9,80.2,98.7,187.5,168.75,848.0899999999999,866.8399999999999,43341.99999999999,0.9,5.523146666666666,39007.799999999996,63507.799999999996,Above Target,Eligible
2026-11-01,P0043,ClinicA,Cardiology,0.75,292000,271,218.97,58296.11,291.96,266.2287527971868,90.0,87.0,73.3,82.2,337.5,303.75,-118.53,0.0,0.0,1.1,0.6488,0.0,24333.333333333332,Below Threshold,Below Threshold
2026-11-01,P0044,Clinic B,Cardiology,0.75,391000,225,153.96,41321.03,205.28,268.3880878150169,82.6,85.1,72.5,85.0,337.5,303.75,-183.54,0.0,0.0,1.0,0.4561777777777778,0.0,32583.333333333332,Below Threshold,Below Threshold
2026-11-01,P0045,Clinic B,Dermatology,1.0,309000,340,214.79999999999998,42271.71,214.79999999999998,196.79567039106146,81.7,88.4,94.9,90.0,325.0,292.5,-110.20000000000002,0.0,0.0,1.0,0.6609230769230768,0.0,25750.0,Below Threshold,Below Threshold
2026-11-01,P0046,ClinicA,Orthopedics,1.0,372000,310,2264.0,405054.62,2264.0,178.9110512367491,99.0,81.0,66.6,67.7,475.0,427.5,1789.0,1836.5,91825.0,1.1,4.766315789473684,101007.50000000001,132007.5,Above Target,Eligible
2026-11-01,P0047,Clinic B,Pediatrics,0.5,209000,159,136.74,12771.7,273.48,93.40134561942372,69.7,93.0,63.0,92.9,150.0,135.0,-13.259999999999991,1.740000000000009,87.00000000000045,0.75,0.9116000000000001,65.25000000000034,17481.916666666668,At / Near Target,Eligible
2026-11-01,P0048,ClinicA,General Surgery,1.0,386000,323,1624.75,249626.12,1624.75,153.63971072472688,86.7,83.7,73.9,71.1,425.0,382.5,1199.75,1242.25,62112.5,1.0,3.822941176470588,62112.5,94279.16666666667,Above Target,Eligible
2026-11-01,P0049,ClinicA,Pediatrics,0.75,200000,230,204.4,19054.42,272.53333333333336,93.22123287671232,67.6,86.1,65.7,85.2,225.0,202.5,-20.599999999999994,1.9000000000000057,95.00000000000028,0.75,0.9084444444444445,71.25000000000021,16737.916666666668,At / Near Target,Eligible
2026-11-01,P0050,Clinic B,Pediatrics,1.0,181000,324,289.45,27005.03,289.45,93.29773708757989,91.0,78.7,78.2,87.5,300.0,270.0,-10.550000000000011,19.44999999999999,972.4999999999994,1.1,0.9648333333333333,1069.7499999999995,16153.083333333334,At / Near Target,Eligible
2026-11-01,P0051,Clinic B,Orthopedics,1.0,321000,309,2032.8,367172.03,2032.8,180.62378492719404,97.5,81.1,74.4,90.4,475.0,427.5,1557.8,1605.3,80265.0,1.1,4.279578947368421,88291.5,115041.5,Above Target,Eligible
2026-11-01,P0052,Clinic B,Orthopedics,0.75,401000,229,1796.0,322934.09,2394.6666666666665,179.80739977728285,80.6,82.8,64.6,95.7,356.25,320.625,1439.75,1475.375,73768.75,1.0,5.04140350877193,73768.75,107185.41666666666,Above Target,Eligible
2026-11-01,P0053,Clinic B,Primary Care,1.0,234000,265,432.06,41338.7,432.06,95.67814655371939,94.5,83.8,90.8,78.3,350.0,315.0,82.06,117.06,5853.0,1.1,1.234457142857143,6438.3,25938.3,Above Target,Eligible
2026-11-01,P0054,Clinic B,Dermatology,0.75,342000,232,147.79999999999998,29164.329999999998,197.06666666666663,197.3229364005413,85.5,96.5,83.7,85.1,243.75,219.375,-95.95000000000002,0.0,0.0,1.0,0.6063589743589742,0.0,28500.0,Below Threshold,Below Threshold
2026-11-01,P0055,ClinicA,Dermatology,0.5,305000,154,95.8,18887.08,191.6,197.15114822546974,84.0,92.8,78.1,87.7,162.5,146.25,-66.7,0.0,0.0,1.0,0.5895384615384616,0.0,25416.666666666668,Below Threshold,Below Threshold
2026-11-01,P0056,ClinicA,Pediatrics,1.0,228000,316,274.98,25863.91,274.98,94.05742235798967,80.4,95.5,64.6,96.3,300.0,270.0,-25.019999999999982,4.980000000000018,249.0000000000009,1.0,0.9166000000000001,249.0000000000009,19249.0,At / Near Target,Eligible
2026-11-01,P0057,ClinicA,Dermatology,1.0,279000,301,189.29999999999998,37325.59,189.29999999999998,197.1769149498151,73.7,85.4,78.5,79.7,325.0,292.5,-135.70000000000002,0.0,0.0,0.9,0.5824615384615384,0.0,23250.0,Below Threshold,Below Threshold
2026-11-01,P0058,Clinic B,General Surgery,0.75,440000,237,1158.67,175771.77,1544.8933333333334,151.7013213425738,93.8,90.1,81.2,85.2,318.75,286.875,839.9200000000001,871.7950000000001,43589.75,1.1,3.635043137254902,47948.725000000006,84615.39166666666,Above Target,Eligible
2026-11-01,P0059,ClinicA,Cardiology,0.5,332000,160,121.63,32618.07,243.26,268.1745457535148,77.6,89.8,65.1,86.5,225.0,202.5,-103.37,0.0,0.0,0.9,0.5405777777777777,0.0,27666.666666666668,Below Threshold,Below Threshold
2026-11-01,P0060,Clinic B,Dermatology,1.0,325000,291,182.29999999999998,35861.96,182.29999999999998,196.71947339550192,81.1,80.9,80.4,82.5,325.0,292.5,-142.70000000000002,0.0,0.0,1.0,0.5609230769230769,0.0,27083.333333333332,Below Threshold,Below Threshold
2026-11-01,P0061,Clinic C,OBGYN,1.0,297000,309,2026.18,386697.96,2026.18,190.85074376412757,94.2,81.3,71.9,72.6,375.0,337.5,1651.18,1688.68,84434.0,1.1,5.403146666666667,92877.40000000001,117627.40000000001,Above Target,Eligible
2026-11-01,P0062,ClinicA,Pediatrics,1.0,220000,328,278.07,26418.99,278.07,95.00841514726508,84.1,86.8,69.6,88.8,300.0,270.0,-21.930000000000007,8.069999999999993,403.49999999999966,1.0,0.9269,403.49999999999966,18736.833333333332,At / Near Target,Eligible
2026-11-01,P0063,ClinicA,Orthopedics,0.5,412000,154,1198.4,216918.07,2396.8,181.00640020026702,82.2,87.9,74.0,79.8,237.5,213.75,960.9000000000001,984.6500000000001,49232.50000000001,1.0,5.045894736842105,49232.50000000001,83565.83333333334,Above Target,Eligible
2026-11-01,P0064,ClinicA,Orthopedics,1.0,336000,320,1753.6,319866.73,1753.6,182.40575387773723,83.0,76.8,63.5,89.7,475.0,427.5,1278.6,1326.1,66305.0,1.0,3.6917894736842105,66305.0,94305.0,Above Target,Eligible
2026-11-01,P0065,ClinicA,Primary Care,1.0,199000,327,535.82,51265.92,535.82,95.67750363928184,99.0,92.0,84.8,90.6,350.0,315.0,185.82000000000005,220.82000000000005,11041.000000000002,1.1,1.530914285714286,12145.100000000002,28728.433333333334,Above Target,Eligible
2026-11-01,P0066,ClinicA,OBGYN,1.0,336000,319,2100.12,403517.6,2100.12,192.14025865188657,83.7,92.7,64.7,79.0,375.0,337.5,1725.12,1762.62,88131.0,1.0,5.60032,88131.0,116131.0,Above Target,Eligible
2026-11-01,P0067,ClinicA,Primary Care,1.0,237000,335,570.13,53625.23,570.13,94.05789907564942,87.0,80.9,79.5,81.8,350.0,315.0,220.13,255.13,12756.5,1.0,1.628942857142857,12756.5,32506.5,Above Target,Eligible
2026-11-01,P0068,Clinic B,Orthopedics,1.0,322000,344,2348.8,423951.0,2348.8,180.49684945504086,82.8,87.4,84.8,89.1,475.0,427.5,1873.8000000000002,1921.3000000000002,96065.00000000001,1.0,4.944842105263159,96065.00000000001,122898.33333333334,Above Target,Eligible
2026-11-01,P0069,ClinicA,Dermatology,0.75,263000,246,153.2,30180.28,204.26666666666665,196.99921671018276,79.0,92.1,83.1,77.5,243.75,219.375,-90.55000000000001,0.0,0.0,0.9,0.6285128205128204,0.0,21916.666666666668,Below Threshold,Below Threshold
2026-11-01,P0070,Clinic C,Primary Care,0.75,220000,253,426.17,40188.05,568.2266666666667,94.30051387943779,79.5,81.7,73.6,78.1,262.5,236.25,163.67000000000002,189.92000000000002,9496.0,0.9,1.623504761904762,8546.4,26879.73333333333,Above Target,Eligible
2026-11-01,P0071,Clinic B,Dermatology,1.0,270000,318,201.0,39876.36,201.0,198.38985074626865,79.6,97.5,59.4,70.9,325.0,292.5,-124.0,0.0,0.0,0.9,0.6184615384615385,0.0,22500.0,Below Threshold,Below Threshold
2026-11-01,P0072,Clinic B,Dermatology,1.0,324000,328,206.0,40536.28,206.0,196.77805825242717,92.2,84.4,89.8,89.8,325.0,292.5,-119.0,0.0,0.0,1.1,0.6338461538461538,0.0,27000.0,Below Threshold,Below Threshold
2026-11-01,P0073,ClinicA,OBGYN,0.75,342000,224,1526.17,291966.73,2034.8933333333334,191.30682034111533,67.6,93.0,62.4,99.0,281.25,253.125,1244.92,1273.045,63652.25,0.75,5.426382222222222,47739.1875,76239.1875,Above Target,Eligible
2026-11-01,P0074,Clinic B,Primary Care,1.0,219000,302,503.05,47731.71,503.05,94.88462379485141,79.0,91.6,78.5,84.2,350.0,315.0,153.05,188.05,9402.5,0.9,1.4372857142857143,8462.25,26712.25,Above Target,Eligible
2026-11-01,P0075,Clinic B,Pediatrics,1.0,197000,303,250.19,23890.5,250.19,95.48942803469363,69.7,88.4,72.0,90.2,300.0,270.0,-49.81,0.0,0.0,0.75,0.8339666666666666,0.0,16416.666666666668,Below Threshold,Below Threshold
2026-11-01,P0076,Clinic B,Dermatology,0.5,306000,153,96.1,18971.579999999998,192.2,197.4149843912591,72.1,83.7,75.6,77.8,162.5,146.25,-66.4,0.0,0.0,0.9,0.5913846153846154,0.0,25500.0,Below Threshold,Below Threshold
2026-11-01,P0077,Clinic B,Cardiology,0.75,297000,236,194.4,51428.159999999996,259.2,264.54814814814813,87.1,95.0,81.5,71.0,337.5,303.75,-143.1,0.0,0.0,1.0,0.5760000000000001,0.0,24750.0,Below Threshold,Below Threshold
2026-11-01,P0078,Clinic B,OBGYN,1.0,306000,328,2173.09,414436.12,2173.09,190.71281907330115,73.3,81.7,85.6,72.2,375.0,337.5,1798.0900000000001,1835.5900000000001,91779.5,0.9,5.794906666666667,82601.55,108101.55,Above Target,Eligible
2026-11-01,P0079,Clinic B,Cardiology,1.0,336000,299,223.73,59704.48,223.73,266.8595181692219,73.1,77.4,62.5,99.0,450.0,405.0,-226.27,0.0,0.0,0.9,0.4971777777777778,0.0,28000.0,Below Threshold,Below Threshold
2026-11-01,P0080,Clinic B,General Surgery,0.5,316000,179,923.46,142103.19,1846.92,153.8812617763628,92.4,85.6,76.1,82.8,212.5,191.25,710.96,732.21,36610.5,1.1,4.345694117647059,40271.55,66604.88333333333,Above Target,Eligible
2026-12-01,P0001,Clinic D,Primary Care,1.0,242000,342,580.1,54317.12,580.1,93.63406309257024,99.0,89.3,84.7,77.2,350.0,315.0,230.10000000000002,265.1,13255.000000000002,1.1,1.6574285714285715,14580.500000000004,34747.16666666667,Above Target,Eligible
2026-12-01,P0002,Clinic C,Primary Care,0.5,249000,188,321.59,30081.79,643.18,93.54081283622004,91.9,89.3,74.8,81.2,175.0,157.5,146.58999999999997,164.08999999999997,8204.499999999998,1.1,1.8376571428571427,9024.949999999999,29774.949999999997,Above Target,Eligible
2026-12-01,P0003,Clinic C,OBGYN,1.0,254000,359,2444.06,467298.07,2444.06,191.19746241908956,93.8,81.6,86.8,82.8,375.0,337.5,2069.06,2106.56,105328.0,1.1,6.517493333333333,115860.8,137027.46666666667,Above Target,Eligible
2026-12-01,P0004,Clinic B,OBGYN,1.0,342000,331,2304.48,442408.57,2304.48,191.9776131708672,84.8,86.8,87.2,86.2,375.0,337.5,1929.48,1966.98,98349.0,1.0,6.14528,98349.0,126849.0,Above Target,Eligible
2026-12-01,P0005,Clinic B,OBGYN,1.0,289000,353,2325.82,444502.28,2325.82,191.11637186024714,82.6,87.2,77.6,80.1,375.0,337.5,1950.8200000000002,1988.3200000000002,99416.00000000001,1.0,6.202186666666667,99416.00000000001,123499.33333333334,Above Target,Eligible
2026-12-01,P0006,ClinicA,Pediatrics,1.0,184000,352,308.51,29010.34,308.51,94.03371041457328,88.6,89.3,83.7,94.9,300.0,270.0,8.509999999999991,38.50999999999999,1925.4999999999995,1.0,1.0283666666666667,1925.4999999999995,17258.833333333332,Above Target,Eligible
2026-12-01,P0007,Clinic B,Dermatology,1.0,326000,360,225.6,44531.32,225.6,197.39060283687942,89.9,82.9,87.9,84.9,325.0,292.5,-99.4,0.0,0.0,1.0,0.6941538461538461,0.0,27166.666666666668,Below Threshold,Below Threshold
2026-12-01,P0008,ClinicA,General Surgery,1.0,434000,362,1899.49,296449.61,1899.49,156.06800246381923,89.0,84.7,74.6,75.6,425.0,382.5,1474.49,1516.99,75849.5,1.0,4.469388235294118,75849.5,112016.16666666666,Above Target,Eligible
2026-12-01,P0009,Clinic B,General Surgery,0.75,370000,256,1281.97,197936.18,1709.2933333333333,154.40000936059346,87.0,85.6,67.1,71.0,318.75,286.875,963.22,995.095,49754.75,1.0,4.021866666666667,49754.75,80588.08333333333,Above Target,Eligible
2026-12-01,P0010,ClinicA,Pediatrics,0.75,221000,238,210.14,19584.98,280.18666666666667,93.19967640620538,80.4,74.4,84.6,77.4,225.0,202.5,-14.860000000000014,7.639999999999986,381.9999999999993,1.0,0.9339555555555555,381.9999999999993,18798.666666666668,At / Near Target,Eligible
2026-12-01,P0011,Clinic B,Dermatology,1.0,283000,350,221.6,43494.51,221.6,196.27486462093864,99.0,87.9,55.2,91.9,325.0,292.5,-103.4,0.0,0.0,1.1,0.6818461538461539,0.0,23583.333333333332,Below Threshold,Below Threshold
2026-12-01,P0012,ClinicA,Dermatology,1.0,269000,367,230.7,45545.63,230.7,197.4236237537928,90.6,89.5,87.5,98.1,325.0,292.5,-94.30000000000001,0.0,0.0,1.1,0.7098461538461538,0.0,22416.666666666668,Below Threshold,Below Threshold
2026-12-01,P0013,ClinicA,Pediatrics,1.0,194000,341,312.91,29061.77,312.91,92.87581093605189,89.2,85.8,85.7,68.4,300.0,270.0,12.910000000000025,42.910000000000025,2145.5000000000014,1.0,1.0430333333333335,2145.5000000000014,18312.166666666668,Above Target,Eligible
2026-12-01,P0014,Clinic B,Pediatrics,1.0,230000,373,299.6,28907.61,299.6,96.48734979973297,83.2,73.2,72.4,84.8,300.0,270.0,-0.39999999999997726,29.600000000000023,1480.0000000000011,1.0,0.9986666666666667,1480.0000000000011,20646.666666666668,At / Near Target,Eligible
2026-12-01,P0015,Clinic B,General Surgery,1.0,425000,382,1999.51,310929.76,1999.51,155.50297822966627,91.1,82.3,71.1,80.4,425.0,382.5,1574.51,1617.01,80850.5,1.1,4.704729411764706,88935.55,124352.21666666667,Above Target,Eligible
2026-12-01,P0016,Clinic B,Pediatrics,1.0,197000,331,277.71,26309.52,277.71,94.73738792265314,71.1,92.4,80.6,82.8,300.0,270.0,-22.29000000000002,7.7099999999999795,385.499999999999,0.9,0.9257,346.9499999999991,16763.61666666667,At / Near Target,Eligible
2026-12-01,P0017,Clinic B,Cardiology,0.75,304000,244,195.76,52298.89,261.0133333333333,267.15820392317124,84.4,91.3,77.6,97.4,337.5,303.75,-141.74,0.0,0.0,1.0,0.5800296296296296,0.0,25333.333333333332,Below Threshold,Below Threshold
2026-12-01,P0018,ClinicA,OBGYN,1.0,313000,313,1973.85,376615.29,1973.85,190.80238619955924,77.2,83.6,86.0,87.8,375.0,337.5,1598.85,1636.35,81817.5,0.9,5.263599999999999,73635.75,99719.08333333333,Above Target,Eligible
2026-12-01,P0019,Clinic B,Pediatrics,1.0,208000,363,294.56,28243.7,294.56,95.88436990765888,87.2,88.1,59.0,85.3,300.0,270.0,-5.439999999999998,24.560000000000002,1228.0,1.0,0.9818666666666667,1228.0,18561.333333333332,At / Near Target,Eligible
2026-12-01,P0020,Clinic B,Pediatrics,0.75,187000,267,227.52,21561.05,303.36,94.76551511954992,72.9,93.8,72.7,92.6,225.0,202.5,2.5200000000000102,25.02000000000001,1251.0000000000005,0.9,1.0112,1125.9000000000005,16709.233333333334,Above Target,Eligible
2026-12-01,P0021,Clinic B,Pediatrics,1.0,214000,357,292.45,28089.01,292.45,96.04722174730723,86.2,89.8,73.1,83.0,300.0,270.0,-7.550000000000011,22.44999999999999,1122.4999999999995,1.0,0.9748333333333333,1122.4999999999995,18955.833333333332,At / Near Target,Eligible
2026-12-01,P0022,Clinic D,Primary Care,1.0,223000,397,665.22,62815.41,665.22,94.42802381167132,90.9,82.4,76.7,84.1,350.0,315.0,315.22,350.22,17511.0,1.1,1.9006285714285716,19262.100000000002,37845.433333333334,Above Target,Eligible
2026-12-01,P0023,Clinic C,Primary Care,1.0,192000,334,572.07,53900.36,572.07,94.21986819794779,84.6,98.6,86.6,89.1,350.0,315.0,222.07000000000005,257.07000000000005,12853.500000000002,1.0,1.6344857142857143,12853.500000000002,28853.5,Above Target,Eligible
2026-12-01,P0024,ClinicA,Orthopedics,0.75,361000,257,1664.8,298639.72,2219.733333333333,179.38474291206148,83.1,90.2,79.2,73.6,356.25,320.625,1308.55,1344.175,67208.75,1.0,4.673122807017544,67208.75,97292.08333333333,Above Target,Eligible
2026-12-01,P0025,Clinic B,Dermatology,0.75,256000,258,163.79999999999998,32352.39,218.39999999999998,197.5115384615385,83.7,91.0,54.3,90.1,243.75,219.375,-79.95000000000002,0.0,0.0,1.0,0.6719999999999999,0.0,21333.333333333332,Below Threshold,Below Threshold
2026-12-01,P0026,ClinicA,OBGYN,0.75,313000,267,1881.05,361085.46,2508.0666666666666,191.9595226070546,91.6,78.0,91.4,88.1,281.25,253.125,1599.8,1627.925,81396.25,1.1,6.688177777777778,89535.875,115619.20833333333,Above Target,Eligible
2026-12-01,P0027,Clinic C,Primary Care,1.0,230000,338,561.75,53107.85,561.75,94.54000890075656,91.7,87.5,74.0,69.2,350.0,315.0,211.75,246.75,12337.5,1.1,1.605,13571.250000000002,32737.91666666667,Above Target,Eligible
2026-12-01,P0028,ClinicA,Orthopedics,1.0,325000,348,2275.2,411208.36,2275.2,180.73503867791842,80.3,81.3,80.2,88.1,475.0,427.5,1800.1999999999998,1847.6999999999998,92384.99999999999,1.0,4.789894736842105,92384.99999999999,119468.33333333331,Above Target,Eligible
2026-12-01,P0029,ClinicA,Orthopedics,0.5,408000,171,1135.2,204970.25,2270.4,180.55871212121212,87.4,96.3,78.7,91.4,237.5,213.75,897.7,921.45,46072.5,1.0,4.779789473684211,46072.5,80072.5,Above Target,Eligible
2026-12-01,P0030,ClinicA,General Surgery,0.75,375000,243,1104.69,163717.05,1472.92,148.20180322081305,86.1,87.2,80.1,78.2,318.75,286.875,785.94,817.815,40890.75,1.0,3.465694117647059,40890.75,72140.75,Above Target,Eligible
2026-12-01,P0031,ClinicA,Dermatology,1.0,295000,341,215.1,42419.85,215.1,197.20990237099025,93.6,85.4,79.7,83.5,325.0,292.5,-109.9,0.0,0.0,1.1,0.6618461538461539,0.0,24583.333333333332,Below Threshold,Below Threshold
2026-12-01,P0032,ClinicA,Cardiology,1.0,356000,363,287.81,76833.81,287.81,266.9601820645565,90.8,98.2,89.0,83.1,450.0,405.0,-162.19,0.0,0.0,1.1,0.6395777777777778,0.0,29666.666666666668,Below Threshold,Below Threshold
2026-12-01,P0033,ClinicA,General Surgery,0.5,318000,180,857.33,130115.5,1714.66,151.76828059207074,77.6,81.9,71.5,78.3,212.5,191.25,644.83,666.08,33304.0,0.9,4.034494117647059,29973.600000000002,56473.600000000006,Above Target,Eligible
2026-12-01,P0034,Clinic B,Orthopedics,1.0,405000,336,2016.0,365005.34,2016.0,181.05423611111112,79.8,78.5,70.3,81.8,475.0,427.5,1541.0,1588.5,79425.0,0.9,4.24421052631579,71482.5,105232.5,Above Target,Eligible
2026-12-01,P0035,ClinicA,Pediatrics,1.0,227000,346,281.86,26987.61,281.86,95.74827928758958,77.8,85.0,79.8,89.9,300.0,270.0,-18.139999999999986,11.860000000000014,593.0000000000007,0.9,0.9395333333333333,533.7000000000006,19450.36666666667,At / Near Target,Eligible
2026-12-01,P0036,Clinic B,Cardiology,1.0,313000,344,259.31,70021.81,259.31,270.03127530754693,87.8,86.5,67.8,89.3,450.0,405.0,-190.69,0.0,0.0,1.0,0.5762444444444444,0.0,26083.333333333332,Below Threshold,Below Threshold
2026-12-01,P0037,ClinicA,Primary Care,1.0,217000,326,545.24,51753.16,545.24,94.91812779693346,87.4,91.5,68.7,71.7,350.0,315.0,195.24,230.24,11512.0,1.0,1.5578285714285716,11512.0,29595.333333333332,Above Target,Eligible
2026-12-01,P0038,ClinicA,General Surgery,1.0,387000,327,1608.76,245607.84,1608.76,152.6690370223029,82.0,85.6,86.8,82.2,425.0,382.5,1183.76,1226.26,61313.0,1.0,3.7853176470588235,61313.0,93563.0,Above Target,Eligible
2026-12-01,P0039,ClinicA,Pediatrics,1.0,226000,329,276.13,26289.75,276.13,95.20787310324847,85.8,99.0,69.0,83.0,300.0,270.0,-23.870000000000005,6.1299999999999955,306.4999999999998,1.0,0.9204333333333333,306.4999999999998,19139.833333333332,At / Near Target,Eligible
2026-12-01,P0040,Clinic B,Pediatrics,1.0,218000,341,275.25,26624.97,275.25,96.73013623978203,96.3,92.5,85.9,64.0,300.0,270.0,-24.75,5.25,262.5,1.1,0.9175,288.75,18455.416666666668,At / Near Target,Eligible
2026-12-01,P0041,Clinic C,Primary Care,1.0,195000,322,530.82,50423.97,530.82,94.99259636034813,92.4,88.9,76.9,74.2,350.0,315.0,180.82000000000005,215.82000000000005,10791.000000000002,1.1,1.5166285714285717,11870.100000000002,28120.100000000002,Above Target,Eligible
2026-12-01,P0042,Clinic B,OBGYN,0.5,294000,155,1081.83,205850.47,2163.66,190.27986837118587,67.0,87.4,94.2,72.4,187.5,168.75,894.3299999999999,913.0799999999999,45654.0,0.75,5.76976,34240.5,58740.5,Above Target,Eligible
2026-12-01,P0043,ClinicA,Cardiology,0.75,292000,271,192.37,51571.15,256.49333333333334,268.0831210687737,70.9,90.4,71.8,71.3,337.5,303.75,-145.13,0.0,0.0,0.9,0.5699851851851852,0.0,24333.333333333332,Below Threshold,Below Threshold
2026-12-01,P0044,Clinic B,Cardiology,0.75,391000,274,207.51,55670.77,276.68,268.2799383162257,72.5,96.0,86.2,77.5,337.5,303.75,-129.99,0.0,0.0,0.9,0.6148444444444444,0.0,32583.333333333332,Below Threshold,Below Threshold
2026-12-01,P0045,Clinic B,Dermatology,1.0,309000,355,222.1,43693.98,222.1,196.73111211166145,78.0,93.1,75.9,74.2,325.0,292.5,-102.9,0.0,0.0,0.9,0.6833846153846154,0.0,25750.0,Below Threshold,Below Threshold
2026-12-01,P0046,ClinicA,Orthopedics,1.0,372000,307,1954.4,353869.93,1954.4,181.06320609905853,93.0,90.1,76.2,69.5,475.0,427.5,1479.4,1526.9,76345.0,1.1,4.114526315789474,83979.5,114979.5,Above Target,Eligible
2026-12-01,P0047,Clinic B,Pediatrics,0.5,209000,179,150.06,14189.369999999999,300.12,94.55797680927628,76.5,78.9,84.0,71.5,150.0,135.0,0.060000000000002274,15.060000000000002,753.0000000000001,0.9,1.0004,677.7000000000002,18094.36666666667,Above Target,Eligible
2026-12-01,P0048,ClinicA,General Surgery,1.0,386000,323,1624.75,252702.04,1624.75,155.53287582705033,87.5,89.6,84.9,86.1,425.0,382.5,1199.75,1242.25,62112.5,1.0,3.822941176470588,62112.5,94279.16666666667,Above Target,Eligible
2026-12-01,P0049,ClinicA,Pediatrics,0.75,200000,260,229.81,21560.03,306.41333333333336,93.81676167268613,88.1,95.8,71.4,87.6,225.0,202.5,4.810000000000002,27.310000000000002,1365.5,1.0,1.0213777777777777,1365.5,18032.166666666668,Above Target,Eligible
2026-12-01,P0050,Clinic B,Pediatrics,1.0,181000,338,290.86,27563.09,290.86,94.7641133191226,91.4,93.6,77.2,79.7,300.0,270.0,-9.139999999999986,20.860000000000014,1043.0000000000007,1.1,0.9695333333333334,1147.3000000000009,16230.633333333335,At / Near Target,Eligible
2026-12-01,P0051,Clinic B,Orthopedics,1.0,321000,325,2103.2,381093.35,2103.2,181.19691422594144,69.3,82.7,65.1,99.0,475.0,427.5,1628.1999999999998,1675.6999999999998,83784.99999999999,0.75,4.42778947368421,62838.749999999985,89588.74999999999,Above Target,Eligible
2026-12-01,P0052,Clinic B,Orthopedics,0.75,401000,266,1844.8,331233.22,2459.733333333333,179.54966392020813,76.3,90.0,90.5,86.7,356.25,320.625,1488.55,1524.175,76208.75,0.9,5.17838596491228,68587.875,102004.54166666666,Above Target,Eligible
2026-12-01,P0053,Clinic B,Primary Care,1.0,234000,326,547.4,51781.19,547.4,94.59479356960176,84.6,83.3,99.0,86.3,350.0,315.0,197.39999999999998,232.39999999999998,11619.999999999998,1.0,1.5639999999999998,11619.999999999998,31120.0,Above Target,Eligible
2026-12-01,P0054,Clinic B,Dermatology,0.75,342000,274,172.6,33955.34,230.13333333333333,196.72850521436848,81.6,89.3,94.3,74.4,243.75,219.375,-71.15,0.0,0.0,1.0,0.7081025641025641,0.0,28500.0,Below Threshold,Below Threshold
2026-12-01,P0055,ClinicA,Dermatology,0.5,305000,186,116.0,22849.46,232.0,196.97810344827585,71.7,85.7,91.0,76.3,162.5,146.25,-46.5,0.0,0.0,0.9,0.7138461538461538,0.0,25416.666666666668,Below Threshold,Below Threshold
2026-12-01,P0056,ClinicA,Pediatrics,1.0,228000,339,265.1,25847.74,265.1,97.50184835910977,87.2,84.2,75.6,84.7,300.0,270.0,-34.89999999999998,0.0,0.0,1.0,0.8836666666666667,0.0,19000.0,Below Threshold,Below Threshold
2026-12-01,P0057,ClinicA,Dermatology,1.0,279000,364,232.2,45927.09,232.2,197.79108527131783,90.0,86.4,78.7,76.8,325.0,292.5,-92.80000000000001,0.0,0.0,1.1,0.7144615384615385,0.0,23250.0,Below Threshold,Below Threshold
2026-12-01,P0058,Clinic B,General Surgery,0.75,440000,274,1411.41,217805.1,1881.88,154.31738474291666,83.4,93.9,70.5,71.7,318.75,286.875,1092.66,1124.535,56226.75000000001,1.0,4.42795294117647,56226.75000000001,92893.41666666667,Above Target,Eligible
2026-12-01,P0059,ClinicA,Cardiology,0.5,332000,161,129.78,34767.37,259.56,267.8946678995223,89.9,88.1,73.9,81.0,225.0,202.5,-95.22,0.0,0.0,1.0,0.5768,0.0,27666.666666666668,Below Threshold,Below Threshold
2026-12-01,P0060,Clinic B,Dermatology,1.0,325000,325,207.29999999999998,40984.47,207.29999999999998,197.70607814761217,72.0,87.0,87.3,77.9,325.0,292.5,-117.70000000000002,0.0,0.0,0.9,0.6378461538461538,0.0,27083.333333333332,Below Threshold,Below Threshold
2026-12-01,P0061,Clinic C,OBGYN,1.0,297000,344,2124.37,402284.34,2124.37,189.36641922075722,95.3,77.6,68.3,78.5,375.0,337.5,1749.37,1786.87,89343.5,1.1,5.664986666666667,98277.85,123027.85,Above Target,Eligible
2026-12-01,P0062,ClinicA,Pediatrics,1.0,220000,329,288.3,27066.18,288.3,93.88199791883454,85.3,85.3,92.0,73.8,300.0,270.0,-11.699999999999989,18.30000000000001,915.0000000000006,1.0,0.9610000000000001,915.0000000000006,19248.333333333332,At / Near Target,Eligible
2026-12-01,P0063,ClinicA,Orthopedics,0.5,412000,178,1390.4,248020.39,2780.8,178.38060270425777,74.1,81.2,90.8,88.5,237.5,213.75,1152.9,1176.65,58832.50000000001,0.9,5.854315789473684,52949.25000000001,87282.58333333334,Above Target,Eligible
2026-12-01,P0064,ClinicA,Orthopedics,1.0,336000,337,2343.2,421957.4,2343.2,180.07741550017073,74.8,93.9,69.9,91.7,475.0,427.5,1868.1999999999998,1915.6999999999998,95784.99999999999,0.9,4.933052631578947,86206.49999999999,114206.49999999999,Above Target,Eligible
2026-12-01,P0065,ClinicA,Primary Care,1.0,199000,388,658.87,62022.340000000004,658.87,94.1344119477287,89.2,83.9,85.1,79.7,350.0,315.0,308.87,343.87,17193.5,1.0,1.8824857142857143,17193.5,33776.83333333333,Above Target,Eligible
2026-12-01,P0066,ClinicA,OBGYN,1.0,336000,351,2195.4,416273.24,2195.4,189.61156964562267,81.9,86.5,87.7,76.2,375.0,337.5,1820.4,1857.9,92895.0,1.0,5.8544,92895.0,120895.0,Above Target,Eligible
2026-12-01,P0067,ClinicA,Primary Care,1.0,237000,329,560.65,52540.34,560.65,93.71326139302595,76.5,81.8,67.5,74.6,350.0,315.0,210.64999999999998,245.64999999999998,12282.499999999998,0.9,1.6018571428571429,11054.249999999998,30804.25,Above Target,Eligible
2026-12-01,P0068,Clinic B,Orthopedics,1.0,322000,337,2112.8,382653.59,2112.8,181.11207402499053,77.4,90.3,66.1,90.4,475.0,427.5,1637.8000000000002,1685.3000000000002,84265.00000000001,0.9,4.448,75838.50000000001,102671.83333333334,Above Target,Eligible
2026-12-01,P0069,ClinicA,Dermatology,0.75,263000,272,171.2,33790.75,228.26666666666665,197.37587616822432,82.0,88.3,62.5,85.9,243.75,219.375,-72.55000000000001,0.0,0.0,1.0,0.7023589743589743,0.0,21916.666666666668,Below Threshold,Below Threshold
2026-12-01,P0070,Clinic C,Primary Care,0.75,220000,239,385.28,36818.42,513.7066666666666,95.56275955149502,76.4,99.0,85.8,89.9,262.5,236.25,122.77999999999997,149.02999999999997,7451.499999999998,0.9,1.4677333333333333,6706.3499999999985,25039.68333333333,Above Target,Eligible
2026-12-01,P0071,Clinic B,Dermatology,1.0,270000,358,224.79999999999998,44225.02,224.79999999999998,196.73051601423487,89.8,76.5,71.4,79.4,325.0,292.5,-100.20000000000002,0.0,0.0,1.0,0.6916923076923076,0.0,22500.0,Below Threshold,Below Threshold
2026-12-01,P0072,Clinic B,Dermatology,1.0,324000,358,228.2,45116.68,228.2,197.7067484662577,92.7,94.3,75.2,77.1,325.0,292.5,-96.80000000000001,0.0,0.0,1.1,0.7021538461538461,0.0,27000.0,Below Threshold,Below Threshold
2026-12-01,P0073,ClinicA,OBGYN,0.75,342000,243,1560.66,297415.95,2080.88,190.57062396678327,80.3,87.8,77.2,84.0,281.25,253.125,1279.41,1307.535,65376.75000000001,1.0,5.549013333333334,65376.75000000001,93876.75,Above Target,Eligible
2026-12-01,P0074,Clinic B,Primary Care,1.0,219000,350,617.28,57502.37,617.28,93.15443558838777,74.1,70.6,93.2,93.3,350.0,315.0,267.28,302.28,15113.999999999998,0.9,1.7636571428571428,13602.599999999999,31852.6,Above Target,Eligible
2026-12-01,P0075,Clinic B,Pediatrics,1.0,197000,367,295.18,28576.37,295.18,96.80998035097228,91.0,88.1,87.5,81.8,300.0,270.0,-4.819999999999993,25.180000000000007,1259.0000000000005,1.1,0.9839333333333333,1384.9000000000005,17801.56666666667,At / Near Target,Eligible
2026-12-01,P0076,Clinic B,Dermatology,0.5,306000,156,96.6,19095.94,193.2,197.68053830227743,85.8,91.0,80.0,80.7,162.5,146.25,-65.9,0.0,0.0,1.0,0.5944615384615384,0.0,25500.0,Below Threshold,Below Threshold
2026-12-01,P0077,Clinic B,Cardiology,0.75,297000,248,184.47,49371.91,245.96,267.64194720008675,84.0,99.0,88.0,82.7,337.5,303.75,-153.03,0.0,0.0,1.0,0.5465777777777778,0.0,24750.0,Below Threshold,Below Threshold
2026-12-01,P0078,Clinic B,OBGYN,1.0,306000,335,2228.06,425476.31,2228.06,190.9626805382261,92.7,86.2,89.2,80.9,375.0,337.5,1853.06,1890.56,94528.0,1.1,5.941493333333333,103980.8,129480.8,Above Target,Eligible
2026-12-01,P0079,Clinic B,Cardiology,1.0,336000,339,267.77,71191.3,267.77,265.86734884415733,80.7,89.7,79.2,73.6,450.0,405.0,-182.23000000000002,0.0,0.0,1.0,0.5950444444444444,0.0,28000.0,Below Threshold,Below Threshold
2026-12-01,P0080,Clinic B,General Surgery,0.5,316000,183,993.17,156478.56,1986.34,157.55465831630033,78.3,88.6,71.0,82.3,212.5,191.25,780.67,801.92,40096.0,0.9,4.673741176470588,36086.4,62419.73333333334,Above Target,Eligible
